job_id,ship_name,port_name,m_id,arrival_ready_time,start_time,idle_docking_time,finish_time,tardiness
10,KM.DOBONSOLO,TANJUNGPRIOK,65,158.0,158.0,0.0,178.0,0.0
15,KM.NGGAPULU,TANJUNGPRIOK,65,173.0,173.0,0.0,189.0,0.0
5,KM.BINAIYA,BENOA,12,66.0,66.0,0.0,88.0,0.0
20,KM.LAMBELU,MAKASSAR,40,244.0,244.0,0.0,256.0,0.0
22,KFC.JETLINER,KENDARI,30,261.0,261.0,0.0,271.0,0.0
8,KM.TATAMAILAU,BITUNG,15,101.0,101.0,0.0,113.0,0.0
14,KM.AWU,KUMAI,32,172.0,172.0,0.0,182.0,0.0
1,KM.LAWIT,TANJUNGPRIOK,65,13.0,178.0,-7.105427357601002e-15,212.98,165.0
2,KM.KELIMUTU,SURABAYA,62,20.0,20.0,0.0,26.0,0.0
10,KM.DOBONSOLO,SURABAYA,62,205.0,205.0,0.0,209.0,0.0
19,KM.SIRIMAU,SORONG,61,240.0,240.0,0.0,246.0,0.0
8,KM.TATAMAILAU,TERNATE,68,127.0,127.0,0.0,129.0,0.0
11,KM.SANGIANG,BITUNG,15,161.0,161.0,0.0,208.0,0.0
22,KFC.JETLINER,WANCI,74,284.0,284.0,0.0,286.0,0.0
1,KM.LAWIT,SURABAYA,62,253.0,253.0,0.0,257.0,165.0
1,KM.LAWIT,SAMPIT,55,285.0,308.0,0.0,328.0,188.0
4,KM.TIDAR,KIJANG,31,55.0,55.0,0.0,58.0,0.0
30,KM.LAWIT,KUMAI,32,388.0,401.0,13.0,424.0,26.0
24,KM.LEUSER,SURABAYA,62,281.0,281.0,0.0,309.0,0.0
10,KM.DOBONSOLO,MAKASSAR,40,237.0,237.0,11.02,251.0,11.02000000000001
18,KM.BUKITRAYA,TANJUNGPRIOK,65,210.0,210.0,0.0,215.0,0.0
16,KM.TILONGKABILA,BENOA,12,176.0,176.0,0.0,200.0,0.0
19,KM.SIRIMAU,AMBON,2,280.0,280.0,0.0,283.0,0.0
8,KM.TATAMAILAU,AMBON,2,157.0,157.0,0.0,160.0,0.0
20,KM.LAMBELU,PAREPARE,51,261.0,261.0,1.8207657603852567e-14,263.98,0.0
11,KM.SANGIANG,TERNATE,68,230.0,230.0,0.0,233.0,0.0
18,KM.BUKITRAYA,BLINYU,16,243.0,243.0,0.0,244.0,0.0
5,KM.BINAIYA,BIMA,14,111.0,111.0,0.0,113.0,0.0
8,KM.TATAMAILAU,TUAL,71,188.0,188.0,0.0,191.0,0.0
9,KM.SINABUNG,SURABAYA,62,153.0,257.0,0.0,275.0,104.0
16,KM.TILONGKABILA,LEMBAR,36,206.0,206.0,0.0,208.0,0.0
12,KM.EGON,WAINGAPU,73,165.0,169.0,0.0,175.0,4.0
26,KM.WILIS,BATULICIN,9,327.0,327.0,0.0,354.0,0.0
6,KM.GUNUNGDEMPO,TANJUNGPRIOK,65,76.0,212.98,0.0,224.98,136.98
16,KM.TILONGKABILA,BIMA,14,226.0,226.0,0.0,230.0,0.0
24,KM.LEUSER,BENOA,12,338.0,338.0,0.0,340.0,0.0
16,KM.TILONGKABILA,LABUANBAJO,34,237.0,237.0,-1.021405182655144e-14,239.98,0.0
7,KFC.JETLINER,KENDARI,30,93.0,271.0,0.0,281.0,178.0
21,KM.BUKITSIGUNTANG,MAKASSAR,40,247.0,251.0,1.7763568394002505e-14,267.98,4.0
16,KM.TILONGKABILA,MAKASSAR,40,258.0,258.0,0.0,263.0,0.0
24,KM.LEUSER,BIMA,14,363.0,363.0,0.0,365.0,0.0
8,KM.TATAMAILAU,DOBO,20,201.0,201.0,0.0,203.0,0.0
14,KM.AWU,SURABAYA,62,209.0,275.0,1.7763568394002505e-14,281.98,66.00000000000003
26,KM.WILIS,MAKASSAR,40,384.0,384.0,0.0,392.0,0.0
7,KFC.JETLINER,WANCI,74,294.0,294.0,0.0,296.0,178.0
20,KM.LAMBELU,BALIKPAPAN,5,280.0,280.0,0.0,282.0,0.0
8,KM.TATAMAILAU,TIMIKA,70,220.0,220.0,0.0,222.0,0.0
13,KM.DOROLONDA,SURABAYA,62,172.0,281.98,0.0,290.98,109.98000000000002
22,KFC.JETLINER,KENDARI,30,299.0,299.0,0.0,305.0,0.0
23,KM.KELUD,TANJUNGPRIOK,65,266.0,266.0,0.0,283.0,0.0
12,KM.EGON,LEMBAR,36,202.0,208.0,0.0,211.0,10.0
16,KM.TILONGKABILA,BAUBAU,10,284.0,284.0,0.0,286.0,0.0
9,KM.SINABUNG,MAKASSAR,40,306.0,306.0,0.0,308.0,104.0
1,KM.LAWIT,SEMARANG,58,360.0,360.0,0.0,366.0,188.0
17,KM.KELIMUTU,TANJUNGPRIOK,65,199.0,224.98,0.0,251.98,25.97999999999999
3,KM.PANGRANGO,AMBON,2,36.0,160.0,0.0,188.0,124.0
19,KM.SIRIMAU,WANCI,74,314.0,314.0,0.0,316.0,0.0
20,KM.LAMBELU,PAREPARE,51,298.0,298.0,0.0,301.0,0.0
12,KM.EGON,SURABAYA,62,232.0,290.98,0.0,294.98,68.98000000000002
18,KM.BUKITRAYA,KIJANG,31,265.0,265.0,0.0,308.0,0.0
7,KFC.JETLINER,KENDARI,30,309.0,309.0,0.0,315.0,178.0
16,KM.TILONGKABILA,RAHA,53,290.0,290.0,0.0,292.0,0.0
5,KM.BINAIYA,LABUANBAJO,34,121.0,239.98,0.0,241.98,118.97999999999999
27,KM.LABOBAR,TANJUNGPRIOK,65,355.0,355.0,0.0,364.0,0.0
21,KM.BUKITSIGUNTANG,PAREPARE,51,273.0,301.0,0.0,305.0,32.0
11,KM.SANGIANG,BACAN,4,246.0,246.0,0.0,248.0,0.0
17,KM.KELIMUTU,TANJUNGPANDAN,64,269.98,269.98,0.0,271.98,25.980000000000018
23,KM.KELUD,BATAM,8,314.0,314.0,0.0,317.0,0.0
7,KFC.JETLINER,WANCI,74,328.0,328.0,0.0,330.0,178.0
1,KM.LAWIT,KUMAI,32,393.0,426.0,0.0,428.0,221.0
28,KM.PANGRANGO,AMBON,2,372.0,372.0,0.0,400.0,0.0
10,KM.DOBONSOLO,BAUBAU,10,267.02,267.02,0.0,269.02,11.019999999999982
13,KM.DOROLONDA,BALIKPAPAN,5,318.98,318.98,0.0,320.98,109.98000000000002
16,KM.TILONGKABILA,KENDARI,30,298.0,315.0,0.0,319.0,17.0
20,KM.LAMBELU,MAKASSAR,40,306.0,308.0,0.0,311.0,2.0
10,KM.DOBONSOLO,SORONG,61,311.02,317.0,0.0,320.0,17.0
8,KM.TATAMAILAU,AGATS,1,234.0,235.0,0.0,237.0,1.0
19,KM.SIRIMAU,BAUBAU,10,325.0,325.0,0.0,328.0,0.0
20,KM.LAMBELU,BAUBAU,10,326.0,326.0,0.0,328.0,2.0
5,KM.BINAIYA,MAKASSAR,40,260.98,311.0,0.0,316.0,169.0
16,KM.TILONGKABILA,LUWUK,39,336.0,336.0,0.0,339.0,17.0
24,KM.LEUSER,LABUANBAJO,34,373.0,373.0,0.0,375.0,0.0
20,KM.LAMBELU,MAUMERE,42,340.0,340.0,0.0,342.0,2.0
14,KM.AWU,BENOA,12,309.0,340.0,0.0,346.0,97.0
23,KM.KELUD,TANJUNGBALAIKARIMUN,63,320.0,320.0,0.0,321.0,0.0
12,KM.EGON,BATULICIN,9,322.98,354.0,0.0,357.0,100.0
5,KM.BINAIYA,PAREPARE,51,322.0,322.0,0.0,324.0,169.0
21,KM.BUKITSIGUNTANG,BALIKPAPAN,5,320.0,320.98,0.0,322.98,32.98000000000002
18,KM.BUKITRAYA,LETUNG,37,321.0,321.0,0.0,322.0,0.0
30,KM.LAWIT,SURABAYA,62,452.0,452.0,1.7763568394002505e-14,457.98,26.0
4,KM.TIDAR,TANJUNGPRIOK,65,94.0,283.0,0.0,293.0,189.0
26,KM.WILIS,LABUANBAJO,34,416.0,416.0,0.0,417.0,0.0
20,KM.LAMBELU,LARANTUKA,35,347.0,347.0,0.0,349.0,2.0
20,KM.LAMBELU,BAUBAU,10,361.0,361.0,0.0,363.0,2.0
19,KM.SIRIMAU,MAUMERE,42,350.0,350.0,0.0,352.0,0.0
6,KM.GUNUNGDEMPO,SURABAYA,62,249.98,309.0,0.0,313.0,196.0
22,KFC.JETLINER,WANCI,74,318.0,330.0,0.0,332.0,12.0
3,KM.PANGRANGO,BANDA,6,202.0,202.0,0.0,212.0,124.0
18,KM.BUKITRAYA,TAREMPA,67,326.0,326.0,0.0,327.0,0.0
13,KM.DOROLONDA,PANTOLOAN,50,332.98,332.98,0.0,334.98,109.98000000000002
9,KM.SINABUNG,BAUBAU,10,324.0,328.0,0.0,331.0,108.0
24,KM.LEUSER,MAKASSAR,40,395.0,395.0,0.0,400.0,0.0
24,KM.LEUSER,BAUBAU,10,423.0,423.0,0.0,425.0,0.0
19,KM.SIRIMAU,LEWOLEBA,38,362.0,362.0,0.0,364.0,0.0
27,KM.LABOBAR,SURABAYA,62,387.0,387.0,0.0,391.0,0.0
7,KFC.JETLINER,KENDARI,30,343.0,343.0,0.0,345.0,178.0
4,KM.TIDAR,SURABAYA,62,321.0,391.0,0.0,394.0,259.0
10,KM.DOBONSOLO,MANOKWARI,41,336.0,337.0,0.0,340.0,18.0
4,KM.TIDAR,MAKASSAR,40,426.0,426.0,0.0,429.0,259.0
19,KM.SIRIMAU,KUPANG,33,377.0,377.0,0.0,383.0,0.0
20,KM.LAMBELU,MAKASSAR,40,378.0,400.0,0.0,404.0,24.0
10,KM.DOBONSOLO,SORONG,61,356.0,356.0,7.0,366.0,25.0
7,KFC.JETLINER,RAHA,53,353.0,353.0,0.0,354.0,178.0
30,KM.LAWIT,BENOA,12,487.0,487.0,0.0,492.0,26.0
28,KM.PANGRANGO,BANDA,6,414.0,414.0,0.0,448.0,0.0
12,KM.EGON,PAREPARE,51,379.0,379.0,0.0,381.0,100.0
25,KM.NGGAPULU,TANJUNGPRIOK,65,320.0,320.0,0.0,328.0,0.0
24,KM.LEUSER,WANCI,74,434.0,434.0,0.0,436.0,0.0
13,KM.DOROLONDA,BITUNG,15,363.98,363.98,0.0,366.98,109.98000000000002
16,KM.TILONGKABILA,GORONTALO,24,350.0,350.0,0.0,352.0,17.0
18,KM.BUKITRAYA,NATUNA,48,338.0,338.0,0.0,339.0,0.0
27,KM.LABOBAR,MAKASSAR,40,418.0,418.0,0.0,421.0,0.0
29,KM.TIDAR,KIJANG,31,386.0,386.0,0.0,393.0,0.0
29,KM.TIDAR,TANJUNGPRIOK,65,429.0,429.0,0.0,437.0,0.0
7,KFC.JETLINER,KENDARI,30,362.0,362.0,0.0,364.0,178.0
28,KM.PANGRANGO,AMBON,2,462.0,462.0,0.0,476.0,0.0
19,KM.SIRIMAU,KALABAHI,28,398.0,398.0,0.0,400.0,0.0
19,KM.SIRIMAU,SAUMLAKI,57,441.0,441.0,0.0,443.0,0.0
21,KM.BUKITSIGUNTANG,TARAKAN,66,347.98,347.98,0.0,351.98,32.98000000000002
29,KM.TIDAR,SURABAYA,62,465.0,465.0,0.0,468.0,0.0
24,KM.LEUSER,NAMROLE,47,460.0,460.0,0.0,462.0,0.0
14,KM.AWU,BIMA,14,367.0,367.0,0.0,369.0,97.0
24,KM.LEUSER,AMBON,2,473.0,473.0,0.0,477.0,0.0
4,KM.TIDAR,BAUBAU,10,446.0,446.0,0.0,449.0,259.0
25,KM.NGGAPULU,SURABAYA,62,353.0,457.98,0.0,460.98,104.98000000000002
16,KM.TILONGKABILA,BITUNG,15,367.0,367.0,0.0,380.0,17.0
21,KM.BUKITSIGUNTANG,NUNUKAN,49,357.98,357.98,0.0,360.98,32.98000000000002
30,KM.LAWIT,BIMA,14,514.0,514.0,0.0,516.0,26.0
1,KM.LAWIT,SEMARANG,58,454.0,454.0,0.0,460.0,221.0
19,KM.SIRIMAU,TUAL,71,463.0,463.0,0.0,468.0,0.0
27,KM.LABOBAR,BAUBAU,10,435.0,435.0,0.0,437.0,0.0
19,KM.SIRIMAU,DOBO,20,479.0,479.0,0.0,481.0,0.0
7,KFC.JETLINER,WANCI,74,377.0,436.0,0.0,438.0,237.0
19,KM.SIRIMAU,TIMIKA,70,499.0,499.0,0.0,501.0,0.0
9,KM.SINABUNG,BANGGAI,7,348.0,348.0,0.0,349.0,108.0
6,KM.GUNUNGDEMPO,MAKASSAR,40,340.0,421.0,0.0,424.0,277.0
4,KM.TIDAR,MAUMERE,42,463.0,463.0,0.0,465.0,259.0
29,KM.TIDAR,MAKASSAR,40,500.0,500.0,0.0,503.0,0.0
4,KM.TIDAR,LARANTUKA,35,470.0,470.0,0.0,472.0,259.0
29,KM.TIDAR,BAUBAU,10,520.0,520.0,0.0,523.0,0.0
18,KM.BUKITRAYA,MIDAI,44,343.0,343.0,0.0,344.0,0.0
28,KM.PANGRANGO,NAMROLE,47,486.0,486.0,0.0,488.0,0.0
5,KM.BINAIYA,BONTANG,17,351.0,351.0,0.0,354.0,169.0
3,KM.PANGRANGO,AMBON,2,226.0,476.0,0.0,490.0,374.0
25,KM.NGGAPULU,MAKASSAR,40,490.98,490.98,0.0,494.98,104.98000000000002
3,KM.PANGRANGO,NAMROLE,47,500.0,500.0,0.0,502.0,374.0
29,KM.TIDAR,MAUMERE,42,537.0,537.0,0.0,539.0,0.0
2,KM.KELIMUTU,BATULICIN,9,57.0,357.0,0.0,361.0,300.0
24,KM.LEUSER,SAUMLAKI,57,510.0,510.0,0.0,512.0,0.0
25,KM.NGGAPULU,BAUBAU,10,509.98,509.98,1.8207657603852567e-14,512.96,104.98000000000002
20,KM.LAMBELU,PAREPARE,51,410.0,410.0,0.0,414.0,24.0
2,KM.KELIMUTU,SEMARANG,58,400.0,460.0,0.0,468.0,360.0
24,KM.LEUSER,TUAL,71,534.0,534.0,0.0,538.0,0.0
3,KM.PANGRANGO,AMBON,2,512.0,512.0,1.7763568394002505e-14,541.98,374.0
14,KM.AWU,WAINGAPU,73,383.0,383.0,0.0,386.0,97.0
11,KM.SANGIANG,SANANA,56,270.0,270.0,0.0,272.0,0.0
7,KFC.JETLINER,KENDARI,30,451.0,451.0,0.0,470.0,237.0
11,KM.SANGIANG,NAMLEA,46,286.0,286.0,0.0,287.0,0.0
24,KM.LEUSER,DOBO,20,549.0,549.0,0.0,551.0,0.0
24,KM.LEUSER,TIMIKA,70,571.0,571.0,0.0,573.0,0.0
23,KM.KELUD,BELAWAN,11,343.0,343.0,0.0,347.0,0.0
13,KM.DOROLONDA,TERNATE,68,375.98,375.98,0.0,377.98,109.98000000000002
27,KM.LABOBAR,AMBON,2,461.0,490.0,0.0,493.0,29.0
30,KM.LAWIT,WAINGAPU,73,531.0,531.0,0.0,534.0,26.0
6,KM.GUNUNGDEMPO,AMBON,2,459.0,493.0,0.0,495.0,311.0
4,KM.TIDAR,LEWOLEBA,38,475.0,475.0,0.0,477.0,259.0
9,KM.SINABUNG,BITUNG,15,365.0,380.0,0.0,382.0,123.0
27,KM.LABOBAR,BANDA,6,501.0,501.0,0.0,503.0,29.0
16,KM.TILONGKABILA,GORONTALO,24,395.0,395.0,0.0,397.0,17.0
29,KM.TIDAR,LARANTUKA,35,545.0,545.0,0.0,547.0,0.0
9,KM.SINABUNG,TERNATE,68,392.0,392.0,0.0,394.0,123.0
27,KM.LABOBAR,TUAL,71,515.0,538.0,0.0,541.0,52.0
29,KM.TIDAR,LEWOLEBA,38,550.0,550.0,1.8207657603852567e-14,551.98,0.0
25,KM.NGGAPULU,NAMLEA,46,537.98,537.98,0.0,539.98,104.98000000000002
17,KM.KELIMUTU,PONTIANAK,52,293.98,294.0,0.0,297.0,26.0
18,KM.BUKITRAYA,SERASAN,59,352.0,352.0,0.0,353.0,0.0
18,KM.BUKITRAYA,PONTIANAK,52,374.0,391.0,7.0,413.0,24.0
26,KM.WILIS,BIMA,14,426.0,516.0,0.0,517.0,90.0
16,KM.TILONGKABILA,LUWUK,39,408.0,408.0,0.0,410.0,17.0
12,KM.EGON,BONTANG,17,406.0,406.0,5.0,414.0,105.0
19,KM.SIRIMAU,AGATS,1,513.0,513.0,0.0,515.0,0.0
24,KM.LEUSER,AGATS,1,586.0,586.0,1.0,593.0,1.0
14,KM.AWU,ENDE,21,395.0,395.0,0.0,397.0,97.0
21,KM.BUKITSIGUNTANG,BALIKPAPAN,5,387.98,387.98,0.0,389.98,32.98000000000002
30,KM.LAWIT,ENDE,21,544.0,544.0,0.0,546.0,26.0
21,KM.BUKITSIGUNTANG,PAREPARE,51,404.98,414.0,0.0,418.0,42.0
14,KM.AWU,KUPANG,33,410.0,410.0,0.0,414.0,97.0
14,KM.AWU,KALABAHI,28,427.0,427.0,0.0,449.0,97.0
19,KM.SIRIMAU,MERAUKE,43,559.0,559.0,0.0,581.0,0.0
9,KM.SINABUNG,AMBON,2,416.0,495.0,0.0,497.0,202.0
30,KM.LAWIT,KALABAHI,28,565.0,565.0,0.0,567.0,26.0
8,KM.TATAMAILAU,MERAUKE,43,276.0,583.0,8.0,605.0,316.0
14,KM.AWU,KUPANG,33,462.0,462.0,0.0,466.0,97.0
5,KM.BINAIYA,PAREPARE,51,381.0,418.0,0.0,420.0,206.0
19,KM.SIRIMAU,AGATS,1,624.0,630.0,0.0,633.0,6.0
25,KM.NGGAPULU,AMBON,2,544.98,544.98,0.0,548.98,104.98000000000002
11,KM.SANGIANG,AMBON,2,297.0,541.98,0.0,545.98,244.98000000000002
9,KM.SINABUNG,SORONG,61,519.0,519.0,0.0,521.0,202.0
20,KM.LAMBELU,BALIKPAPAN,5,430.0,430.0,1.8207657603852567e-14,431.98,24.0
8,KM.TATAMAILAU,AGATS,1,650.0,655.0,0.020000000000000018,657.0,321.02
25,KM.NGGAPULU,TERNATE,68,570.98,570.98,0.0,572.98,104.98000000000002
6,KM.GUNUNGDEMPO,SORONG,61,515.0,515.0,0.0,518.0,311.0
4,KM.TIDAR,KUPANG,33,485.0,485.0,0.0,489.0,259.0
23,KM.KELUD,TANJUNGBALAIKARIMUN,63,369.0,369.0,0.0,370.0,0.0
4,KM.TIDAR,LEWOLEBA,38,497.0,551.98,1.8207657603852567e-14,553.96,313.98
24,KM.LEUSER,MERAUKE,43,635.0,635.0,0.0,658.0,1.0
4,KM.TIDAR,LARANTUKA,35,556.98,556.98,0.0,558.98,313.98
11,KM.SANGIANG,BANDA,6,561.98,561.98,0.0,563.98,244.98000000000002
18,KM.BUKITRAYA,SURABAYA,62,455.0,460.98,0.0,465.98,29.980000000000018
11,KM.SANGIANG,GESER,23,573.98,573.98,0.0,575.98,244.98000000000002
28,KM.PANGRANGO,AMBON,2,498.0,545.98,1.7763568394002505e-14,551.96,47.98000000000002
14,KM.AWU,ENDE,21,479.0,546.0,0.0,549.0,164.0
20,KM.LAMBELU,PANTOLOAN,50,445.0,445.0,0.0,447.0,24.0
28,KM.PANGRANGO,BANDA,6,565.98,565.98,0.0,567.98,47.98000000000002
5,KM.BINAIYA,MAKASSAR,40,426.0,494.98,0.0,499.98,274.98
13,KM.DOROLONDA,SORONG,61,396.98,518.0,0.0,521.0,231.0
18,KM.BUKITRAYA,PONTIANAK,52,517.98,518.0,9.0,529.0,39.0
17,KM.KELIMUTU,SEMARANG,58,341.0,468.0,0.0,478.0,153.0
27,KM.LABOBAR,DOBO,20,548.0,551.0,0.0,554.0,55.0
4,KM.TIDAR,MAUMERE,42,563.98,563.98,0.0,565.98,313.98
24,KM.LEUSER,AGATS,1,698.0,699.0,0.0,707.0,2.0
21,KM.BUKITSIGUNTANG,MAKASSAR,40,423.0,499.98,1.8207657603852567e-14,502.96000000000004,118.98000000000002
29,KM.TIDAR,KUPANG,33,561.0,561.0,0.0,565.0,0.0
28,KM.PANGRANGO,SAUMLAKI,57,594.98,594.98,1.7763568394002505e-14,599.96,47.98000000000002
16,KM.TILONGKABILA,KENDARI,30,428.0,470.0,0.0,474.0,59.0
14,KM.AWU,WAINGAPU,73,558.0,558.0,0.0,561.0,164.0
27,KM.LABOBAR,KAIMANA,27,563.0,563.0,0.0,565.0,55.0
6,KM.GUNUNGDEMPO,MANOKWARI,41,531.0,531.0,0.0,533.0,311.0
24,KM.LEUSER,TIMIKA,70,721.0,723.0,0.0,725.0,4.0
29,KM.TIDAR,LEWOLEBA,38,573.0,573.0,0.0,575.0,0.0
15,KM.NGGAPULU,BATAM,8,222.0,317.0,0.0,320.0,95.0
16,KM.TILONGKABILA,RAHA,53,481.0,481.0,0.0,482.0,59.0
9,KM.SINABUNG,MANOKWARI,41,535.0,535.0,0.0,537.0,202.0
9,KM.SINABUNG,BIAK,13,547.0,547.0,0.0,549.0,202.0
21,KM.BUKITSIGUNTANG,MAUMERE,42,520.98,565.98,0.0,567.98,163.98000000000002
22,KFC.JETLINER,KENDARI,30,345.0,474.0,0.0,476.0,141.0
30,KM.LAWIT,KUPANG,33,580.0,580.0,0.0,584.0,26.0
26,KM.WILIS,WAIKELO,72,528.0,528.0,0.0,529.0,90.0
6,KM.GUNUNGDEMPO,WASIOR,76,541.0,541.0,0.0,542.0,311.0
9,KM.SINABUNG,JAYAPURA,26,570.0,570.0,0.0,575.0,202.0
26,KM.WILIS,WAINGAPU,73,538.0,561.0,0.0,565.0,113.0
28,KM.PANGRANGO,BANDA,6,628.98,628.98,0.0,630.98,47.98000000000002
25,KM.NGGAPULU,JAILOLO,25,574.98,574.98,0.0,576.98,104.98000000000002
13,KM.DOROLONDA,MANOKWARI,41,533.0,537.0,0.0,539.0,235.0
2,KM.KELIMUTU,PONTIANAK,52,514.0,531.0,20.0,553.0,397.0
25,KM.NGGAPULU,BITUNG,15,585.98,585.98,0.0,589.98,104.98000000000002
26,KM.WILIS,ENDE,21,576.0,576.0,0.0,578.0,113.0
18,KM.BUKITRAYA,SERASAN,59,544.0,544.0,0.0,545.0,39.0
26,KM.WILIS,KUPANG,33,594.0,594.0,0.0,602.0,113.0
27,KM.LABOBAR,DOBO,20,574.0,574.0,0.0,576.0,55.0
20,KM.LAMBELU,TARAKAN,66,466.0,466.0,0.0,470.0,24.0
9,KM.SINABUNG,BIAK,13,599.0,599.0,0.0,601.0,202.0
28,KM.PANGRANGO,AMBON,2,644.98,644.98,0.0,664.98,47.98000000000002
30,KM.LAWIT,ROTE,54,589.0,589.0,0.0,591.0,26.0
21,KM.BUKITSIGUNTANG,LEWOLEBA,38,573.98,575.0,0.0,577.0,165.0
21,KM.BUKITSIGUNTANG,KUPANG,33,584.0,584.0,0.0,590.0,165.0
14,KM.AWU,BIMA,14,575.0,575.0,0.0,578.0,164.0
8,KM.TATAMAILAU,TIMIKA,70,679.02,725.0,0.020000000000000018,727.0,367.02
30,KM.LAWIT,KUPANG,33,596.0,596.0,0.0,600.0,26.0
25,KM.NGGAPULU,JAILOLO,25,598.98,598.98,0.0,600.98,104.98000000000002
22,KFC.JETLINER,RAHA,53,484.0,484.0,0.0,485.0,141.0
22,KFC.JETLINER,KENDARI,30,493.0,493.0,0.0,495.0,141.0
5,KM.BINAIYA,LABUANBAJO,34,519.98,519.98,0.0,521.98,274.98
26,KM.WILIS,KALABAHI,28,619.0,619.0,0.0,631.0,113.0
10,KM.DOBONSOLO,BAUBAU,10,407.0,512.96,1.8207657603852567e-14,514.94,130.96000000000004
29,KM.TIDAR,LARANTUKA,35,578.0,578.0,0.0,580.0,0.0
16,KM.TILONGKABILA,BAUBAU,10,487.0,514.94,0.0,516.94,86.94000000000005
9,KM.SINABUNG,MANOKWARI,41,611.0,611.0,0.0,613.0,202.0
21,KM.BUKITSIGUNTANG,LEWOLEBA,38,597.0,597.0,0.0,599.0,165.0
7,KFC.JETLINER,WANCI,74,483.0,483.0,0.0,485.0,237.0
21,KM.BUKITSIGUNTANG,MAUMERE,42,605.0,605.0,0.0,607.0,165.0
13,KM.DOROLONDA,NABIRE,45,549.0,549.0,0.0,551.0,235.0
6,KM.GUNUNGDEMPO,NABIRE,45,549.0,551.0,1.8207657603852567e-14,552.98,313.0
13,KM.DOROLONDA,SERUI,60,557.0,557.0,0.0,559.0,235.0
24,KM.LEUSER,DOBO,20,743.0,743.0,0.0,745.0,4.0
26,KM.WILIS,KUPANG,33,647.0,647.0,0.0,655.0,113.0
3,KM.PANGRANGO,BANDA,6,556.0,630.98,0.0,632.98,448.98
19,KM.SIRIMAU,TIMIKA,70,651.0,727.0,0.0,729.0,82.0
13,KM.DOROLONDA,JAYAPURA,26,579.0,579.0,0.0,584.0,235.0
26,KM.WILIS,ENDE,21,671.0,671.0,0.0,673.0,113.0
17,KM.KELIMUTU,KUMAI,32,505.0,507.0,4.0,515.0,159.0
8,KM.TATAMAILAU,DOBO,20,744.02,745.0,0.0,747.0,368.0
4,KM.TIDAR,BAUBAU,10,578.98,578.98,0.0,581.98,313.98
26,KM.WILIS,WAINGAPU,73,684.0,684.0,0.0,686.0,113.0
30,KM.LAWIT,KALABAHI,28,613.0,631.0,0.0,633.0,44.0
11,KM.SANGIANG,FAKFAK,22,587.98,587.98,0.0,596.98,244.98000000000002
12,KM.EGON,PAREPARE,51,440.0,440.0,0.0,443.0,105.0
18,KM.BUKITRAYA,MIDAI,44,553.0,553.0,0.0,554.0,39.0
20,KM.LAMBELU,NUNUKAN,49,476.0,476.0,0.0,478.0,24.0
3,KM.PANGRANGO,SAUMLAKI,57,659.98,659.98,1.7763568394002505e-14,664.96,448.98
10,KM.DOBONSOLO,MAKASSAR,40,530.96,536.0,0.0,539.0,136.0
27,KM.LABOBAR,TUAL,71,583.0,583.0,0.0,585.0,55.0
4,KM.TIDAR,MAKASSAR,40,598.98,598.98,1.8207657603852567e-14,601.96,313.98
13,KM.DOROLONDA,SERUI,60,603.0,603.0,0.0,605.0,235.0
5,KM.BINAIYA,BIMA,14,529.98,578.0,0.0,579.0,323.0
18,KM.BUKITRAYA,NATUNA,48,558.0,558.0,0.0,559.0,39.0
4,KM.TIDAR,SURABAYA,62,632.98,632.98,0.0,635.98,313.98
27,KM.LABOBAR,BANDA,6,598.0,632.98,0.0,633.98,89.98000000000002
5,KM.BINAIYA,BENOA,12,602.0,602.0,0.0,606.0,323.0
30,KM.LAWIT,ENDE,21,652.0,673.0,0.0,675.0,65.0
24,KM.LEUSER,TUAL,71,755.0,755.0,0.0,759.0,4.0
6,KM.GUNUNGDEMPO,JAYAPURA,26,575.0,584.0,0.0,590.0,322.0
29,KM.TIDAR,MAUMERE,42,586.0,607.0,0.0,609.0,21.0
11,KM.SANGIANG,GESER,23,609.98,609.98,0.0,611.98,244.98000000000002
30,KM.LAWIT,WAINGAPU,73,685.0,686.0,0.0,689.0,66.0
5,KM.BINAIYA,BIMA,14,629.0,629.0,0.0,632.0,323.0
9,KM.SINABUNG,SORONG,61,628.0,628.0,0.0,630.0,202.0
5,KM.BINAIYA,WAINGAPU,73,646.0,689.0,0.0,691.0,366.0
25,KM.NGGAPULU,TERNATE,68,602.98,602.98,0.0,604.98,104.98000000000002
19,KM.SIRIMAU,DOBO,20,748.0,748.0,0.0,750.0,82.0
5,KM.BINAIYA,ENDE,21,700.0,700.0,1.8207657603852567e-14,701.98,366.0
16,KM.TILONGKABILA,MAKASSAR,40,538.94,539.0,0.0,544.0,87.0
6,KM.GUNUNGDEMPO,NABIRE,45,610.0,610.0,0.0,612.0,322.0
16,KM.TILONGKABILA,LABUANBAJO,34,562.0,562.0,0.0,564.0,87.0
18,KM.BUKITRAYA,TAREMPA,67,568.0,568.0,0.0,569.0,39.0
25,KM.NGGAPULU,AMBON,2,625.98,625.98,0.0,630.98,104.98000000000002
1,KM.LAWIT,KARIMUNJAWA,29,467.0,467.0,0.0,487.0,221.0
9,KM.SINABUNG,BACAN,4,645.0,645.0,0.0,646.0,202.0
25,KM.NGGAPULU,NAMLEA,46,635.98,635.98,0.0,637.98,104.98000000000002
13,KM.DOROLONDA,NABIRE,45,611.0,612.0,0.0,614.0,236.0
24,KM.LEUSER,SAUMLAKI,57,778.0,778.0,0.0,780.0,4.0
19,KM.SIRIMAU,TUAL,71,760.0,760.0,0.0,765.0,82.0
24,KM.LEUSER,AMBON,2,812.0,812.0,0.0,815.0,4.0
19,KM.SIRIMAU,SAUMLAKI,57,784.0,784.0,0.0,786.0,82.0
21,KM.BUKITSIGUNTANG,MAKASSAR,40,625.0,625.0,0.0,631.0,165.0
19,KM.SIRIMAU,KALABAHI,28,829.0,829.0,0.0,831.0,82.0
13,KM.DOROLONDA,MANOKWARI,41,624.0,624.0,0.0,626.0,236.0
24,KM.LEUSER,NAMROLE,47,825.0,825.0,0.0,827.0,4.0
26,KM.WILIS,WAIKELO,72,695.0,695.0,0.0,696.0,113.0
9,KM.SINABUNG,TERNATE,68,652.0,652.0,0.0,654.0,202.0
1,KM.LAWIT,SEMARANG,58,493.0,493.0,0.0,496.0,221.0
5,KM.BINAIYA,KUPANG,33,715.0,715.0,0.0,719.0,366.0
19,KM.SIRIMAU,KUPANG,33,844.0,844.0,0.0,853.0,82.0
3,KM.PANGRANGO,BANDA,6,693.98,693.98,0.0,695.98,448.98
3,KM.PANGRANGO,AMBON,2,709.98,709.98,0.0,729.98,448.98
11,KM.SANGIANG,BANDA,6,621.98,695.98,0.0,697.98,318.98
16,KM.TILONGKABILA,BIMA,14,571.0,632.0,0.0,634.0,148.0
30,KM.LAWIT,BIMA,14,704.0,704.0,0.0,706.0,66.0
26,KM.WILIS,BIMA,14,707.0,707.0,0.0,709.0,113.0
13,KM.DOROLONDA,SORONG,61,638.0,638.0,0.0,641.0,236.0
16,KM.TILONGKABILA,LEMBAR,36,652.0,652.0,0.0,654.0,148.0
27,KM.LABOBAR,AMBON,2,641.98,729.98,0.0,731.98,177.98000000000002
18,KM.BUKITRAYA,LETUNG,37,573.0,573.0,0.0,574.0,39.0
11,KM.SANGIANG,AMBON,2,715.98,731.98,1.7763568394002505e-14,742.96,334.98
6,KM.GUNUNGDEMPO,WASIOR,76,618.0,618.0,0.0,619.0,322.0
10,KM.DOBONSOLO,SURABAYA,62,570.0,570.0,0.0,572.0,136.0
26,KM.WILIS,LABUANBAJO,34,718.0,718.0,0.0,719.0,113.0
13,KM.DOROLONDA,TERNATE,68,660.0,660.0,0.0,662.0,236.0
2,KM.KELIMUTU,TANJUNGPANDAN,64,576.0,576.0,0.0,578.0,397.0
11,KM.SANGIANG,NAMLEA,46,754.98,754.98,0.0,758.98,334.98
24,KM.LEUSER,WANCI,74,847.0,847.0,0.0,848.0,4.0
19,KM.SIRIMAU,LEWOLEBA,38,866.0,866.0,0.0,868.0,82.0
25,KM.NGGAPULU,BAUBAU,10,662.98,662.98,0.0,664.98,104.98000000000002
24,KM.LEUSER,BAUBAU,10,856.0,856.0,0.0,858.0,4.0
29,KM.TIDAR,BAUBAU,10,622.0,664.98,0.0,667.98,63.98000000000002
4,KM.TIDAR,TANJUNGPRIOK,65,662.98,662.98,0.0,665.98,313.98
12,KM.EGON,BONTANG,17,469.0,475.0,0.0,478.0,111.0
8,KM.TATAMAILAU,TUAL,71,757.0,765.0,0.0,768.0,376.0
11,KM.SANGIANG,SANANA,56,772.98,772.98,0.0,774.98,334.98
9,KM.SINABUNG,BITUNG,15,664.0,664.0,0.0,666.0,202.0
6,KM.GUNUNGDEMPO,MANOKWARI,41,627.0,627.0,0.0,629.0,322.0
11,KM.SANGIANG,BACAN,4,795.98,795.98,0.0,797.98,334.98
24,KM.LEUSER,MAKASSAR,40,881.0,881.0,0.0,884.0,4.0
24,KM.LEUSER,LABUANBAJO,34,904.0,904.0,0.0,905.0,4.0
13,KM.DOROLONDA,BITUNG,15,670.0,670.0,0.0,672.0,236.0
28,KM.PANGRANGO,BANDA,6,678.98,697.98,0.0,699.98,66.98000000000002
1,KM.LAWIT,SAMPIT,55,529.0,643.0,2.0,664.0,337.0
5,KM.BINAIYA,ENDE,21,732.0,732.0,0.0,734.0,366.0
29,KM.TIDAR,MAKASSAR,40,684.98,684.98,1.8207657603852567e-14,687.96,63.98000000000002
15,KM.NGGAPULU,BELAWAN,11,344.0,347.0,0.0,356.0,98.0
21,KM.BUKITSIGUNTANG,PAREPARE,51,636.0,636.0,0.0,640.0,165.0
8,KM.TATAMAILAU,AMBON,2,797.0,797.0,0.0,800.0,376.0
9,KM.SINABUNG,BANGGAI,7,682.0,682.0,0.0,684.0,202.0
12,KM.EGON,PAREPARE,51,503.0,640.0,0.0,642.0,248.0
3,KM.PANGRANGO,BANDA,6,743.98,743.98,0.0,745.98,448.98
8,KM.TATAMAILAU,TERNATE,68,828.0,828.0,0.0,830.0,376.0
19,KM.SIRIMAU,MAUMERE,42,877.0,877.0,0.0,879.0,82.0
9,KM.SINABUNG,BAUBAU,10,702.0,702.0,0.0,704.0,202.0
3,KM.PANGRANGO,SAUMLAKI,57,772.98,786.0,0.0,790.0,462.0
21,KM.BUKITSIGUNTANG,BALIKPAPAN,5,656.0,656.0,0.0,658.0,165.0
5,KM.BINAIYA,WAINGAPU,73,743.0,743.0,0.0,744.0,366.0
14,KM.AWU,BENOA,12,599.0,606.0,0.0,612.0,171.0
30,KM.LAWIT,BENOA,12,728.0,728.0,0.0,731.0,66.0
13,KM.DOROLONDA,PANTOLOAN,50,699.0,699.0,0.0,701.0,236.0
25,KM.NGGAPULU,MAKASSAR,40,680.98,687.96,0.0,690.96,111.96000000000004
12,KM.EGON,BATULICIN,9,663.0,663.0,0.0,666.0,248.0
19,KM.SIRIMAU,BAUBAU,10,897.0,897.0,0.0,899.0,82.0
24,KM.LEUSER,BIMA,14,913.0,913.0,0.0,914.0,4.0
22,KFC.JETLINER,WANCI,74,508.0,848.0,0.0,850.0,481.0
13,KM.DOROLONDA,BALIKPAPAN,5,713.0,713.0,0.0,715.0,236.0
27,KM.LABOBAR,BAUBAU,10,756.98,858.0,0.0,860.0,279.0
19,KM.SIRIMAU,WANCI,74,907.0,907.0,0.0,909.0,82.0
21,KM.BUKITSIGUNTANG,TARAKAN,66,682.0,682.0,0.0,686.0,165.0
15,KM.NGGAPULU,BATAM,8,382.0,382.0,0.0,385.0,98.0
6,KM.GUNUNGDEMPO,SORONG,61,641.0,641.0,0.0,643.0,322.0
21,KM.BUKITSIGUNTANG,NUNUKAN,49,692.0,692.0,0.0,694.0,165.0
8,KM.TATAMAILAU,BITUNG,15,842.0,842.0,0.0,849.0,376.0
29,KM.TIDAR,SURABAYA,62,719.98,719.98,0.0,722.98,63.98000000000002
14,KM.AWU,SURABAYA,62,640.0,640.0,0.0,645.0,171.0
16,KM.TILONGKABILA,BENOA,12,660.0,731.0,0.0,735.0,219.0
6,KM.GUNUNGDEMPO,MAKASSAR,40,689.0,690.96,0.0,692.96,323.96000000000004
5,KM.BINAIYA,BIMA,14,758.0,914.0,0.0,915.0,522.0
24,KM.LEUSER,BENOA,12,938.0,938.0,1.8207657603852567e-14,939.98,4.0
9,KM.SINABUNG,MAKASSAR,40,721.0,721.0,0.0,723.0,202.0
17,KM.KELIMUTU,SEMARANG,58,540.0,540.0,0.0,556.0,159.0
27,KM.LABOBAR,MAKASSAR,40,875.0,875.0,0.0,877.0,279.0
18,KM.BUKITRAYA,KIJANG,31,587.0,587.0,0.0,589.0,39.0
11,KM.SANGIANG,TERNATE,68,810.98,830.0,0.0,832.0,354.0
12,KM.EGON,SURABAYA,62,691.0,691.0,0.0,695.0,248.0
16,KM.TILONGKABILA,SURABAYA,62,761.0,761.0,0.0,763.0,219.0
22,KFC.JETLINER,KENDARI,30,863.0,863.0,0.0,882.0,481.0
20,KM.LAMBELU,BALIKPAPAN,5,505.0,715.0,0.0,717.0,234.0
28,KM.PANGRANGO,SAUMLAKI,57,726.98,790.0,0.0,794.0,130.0
6,KM.GUNUNGDEMPO,SURABAYA,62,718.96,722.98,0.0,724.98,327.98
22,KFC.JETLINER,WANCI,74,895.0,909.0,0.0,911.0,495.0
23,KM.KELUD,BATAM,8,373.0,386.0,0.0,395.0,13.0
1,KM.LAWIT,SURABAYA,62,693.0,724.98,1.8207657603852567e-14,728.96,368.98
21,KM.BUKITSIGUNTANG,BALIKPAPAN,5,721.0,721.0,0.0,723.0,165.0
29,KM.TIDAR,TANJUNGPRIOK,65,750.98,750.98,0.0,753.98,63.98000000000002
26,KM.WILIS,MAKASSAR,40,743.0,877.0,0.0,880.0,247.0
28,KM.PANGRANGO,BANDA,6,822.0,822.0,0.0,824.0,130.0
17,KM.KELIMUTU,PONTIANAK,52,600.0,603.0,0.0,605.0,162.0
19,KM.SIRIMAU,AMBON,2,939.0,939.0,0.0,942.0,82.0
12,KM.EGON,LEMBAR,36,718.0,718.0,1.0,721.0,249.0
25,KM.NGGAPULU,SURABAYA,62,721.96,728.96,0.0,732.96,118.96000000000004
18,KM.BUKITRAYA,BLINYU,16,604.0,604.0,0.0,605.0,39.0
21,KM.BUKITSIGUNTANG,PAREPARE,51,739.0,739.0,0.0,743.0,165.0
17,KM.KELIMUTU,TANJUNGPANDAN,64,625.0,625.0,0.0,627.0,162.0
20,KM.LAMBELU,PAREPARE,51,733.0,743.0,0.0,746.0,244.0
3,KM.PANGRANGO,BANDA,6,818.0,824.0,0.0,826.0,468.0
27,KM.LABOBAR,SURABAYA,62,905.0,905.0,0.0,908.0,279.0
30,KM.LAWIT,SURABAYA,62,761.0,763.0,0.0,766.0,68.0
40,KM.AWU,KUMAI,32,502.0,517.0,0.0,547.0,15.0
44,KM.KELUD,TANJUNGPRIOK,65,557.0,665.98,0.0,681.98,108.98000000000002
40,KM.AWU,SURABAYA,62,574.0,766.0,0.0,773.0,207.0
34,KFC.JETLINER,KENDARI,30,429.0,882.0,0.0,892.0,453.0
47,KM.BUKITRAYA,TANJUNGPRIOK,65,594.0,681.98,0.0,697.98,87.98000000000002
51,KM.LABOBAR,TANJUNGPRIOK,65,653.0,697.98,0.0,711.98,44.98000000000002
37,KM.KELIMUTU,TANJUNGPRIOK,65,483.0,711.98,0.0,737.98,228.98000000000002
53,KM.BINAIYA,BENOA,12,682.0,939.98,0.0,951.98,257.98
42,KM.DOROLONDA,SURABAYA,62,508.0,773.0,0.0,782.0,265.0
62,KM.SANGIANG,BITUNG,15,833.0,849.0,0.0,896.0,16.0
37,KM.KELIMUTU,TANJUNGPANDAN,64,756.98,756.98,0.0,758.98,228.98000000000002
57,KM.LAWIT,KUMAI,32,727.0,737.0,1.0,759.0,11.0
47,KM.BUKITRAYA,BLINYU,16,725.98,725.98,0.0,726.98,87.98000000000002
34,KFC.JETLINER,WANCI,74,905.0,911.0,0.0,913.0,459.0
33,KM.GUNUNGDEMPO,TANJUNGPRIOK,65,422.0,737.98,0.0,750.98,315.98
43,KM.SINABUNG,SURABAYA,62,554.0,782.0,0.0,799.0,228.0
35,KM.CIREMAI,TANJUNGPRIOK,65,435.0,750.98,0.0,769.98,315.98
61,KM.CIREMAI,TANJUNGPRIOK,65,828.0,828.0,0.0,862.0,0.0
51,KM.LABOBAR,SURABAYA,62,735.98,799.0,0.0,803.0,108.0
64,KM.LAMBELU,MAKASSAR,40,843.0,880.0,0.0,888.0,37.0
40,KM.AWU,BENOA,12,800.0,951.98,0.0,957.98,358.98
49,KFC.JETLINER,KENDARI,30,597.0,892.0,0.0,902.0,295.0
43,KM.SINABUNG,MAKASSAR,40,830.0,884.0,0.0,887.0,282.0
47,KM.BUKITRAYA,KIJANG,31,746.98,746.98,0.0,776.98,87.98000000000002
63,KM.DOROLONDA,SURABAYA,62,838.0,838.0,0.0,850.0,0.0
52,KM.WILIS,BATULICIN,9,663.0,666.0,0.0,693.0,3.0
50,KM.NGGAPULU,TANJUNGPRIOK,65,640.0,769.98,0.0,809.98,129.98000000000002
33,KM.GUNUNGDEMPO,SURABAYA,62,774.98,850.0,0.0,854.0,391.0
51,KM.LABOBAR,MAKASSAR,40,830.0,887.0,0.0,890.0,165.0
31,KM.KELUD,TANJUNGPRIOK,65,412.0,809.98,0.0,826.98,397.98
51,KM.LABOBAR,BAUBAU,10,905.0,905.0,0.0,907.0,165.0
64,KM.LAMBELU,PAREPARE,51,893.0,893.0,0.0,896.0,37.0
34,KFC.JETLINER,KENDARI,30,926.0,926.0,0.0,932.0,459.0
52,KM.WILIS,MAKASSAR,40,723.0,888.0,0.0,896.0,168.0
58,KM.GUNUNGDEMPO,TANJUNGPRIOK,65,760.0,826.98,0.0,847.98,66.98000000000002
57,KM.LAWIT,SURABAYA,62,788.0,854.0,0.0,860.0,77.0
53,KM.BINAIYA,BIMA,14,974.98,974.98,0.0,976.98,257.98
39,KM.EGON,WAINGAPU,73,498.0,745.0,0.0,757.0,247.0
43,KM.SINABUNG,BAUBAU,10,904.0,904.0,1.8207657603852567e-14,905.98,282.0
62,KM.SANGIANG,TERNATE,68,917.0,917.0,0.0,920.0,16.0
54,KM.PANGRANGO,AMBON,2,708.0,815.0,0.0,843.0,107.0
61,KM.CIREMAI,SURABAYA,62,889.0,889.0,0.0,893.0,0.0
47,KM.BUKITRAYA,LETUNG,37,789.98,789.98,0.0,790.98,87.98000000000002
63,KM.DOROLONDA,BALIKPAPAN,5,879.0,879.0,0.0,881.0,0.0
35,KM.CIREMAI,SURABAYA,62,798.98,893.0,0.0,897.0,410.0
42,KM.DOROLONDA,MAKASSAR,40,811.0,890.0,0.0,893.0,344.0
55,KM.KELUD,TANJUNGPRIOK,65,714.0,847.98,0.0,874.98,133.98000000000002
51,KM.LABOBAR,AMBON,2,931.0,931.0,0.0,934.0,165.0
64,KM.LAMBELU,BALIKPAPAN,5,912.0,912.0,0.0,914.0,37.0
34,KFC.JETLINER,WANCI,74,945.0,945.0,0.0,947.0,459.0
64,KM.LAMBELU,TARAKAN,66,940.0,940.0,0.0,943.0,37.0
53,KM.BINAIYA,LABUANBAJO,34,984.98,984.98,0.0,986.98,257.98
40,KM.AWU,BIMA,14,978.98,978.98,0.0,980.98,358.98
52,KM.WILIS,LABUANBAJO,34,920.0,986.98,0.0,987.98,234.98000000000002
62,KM.SANGIANG,BACAN,4,933.0,933.0,0.0,935.0,16.0
40,KM.AWU,WAINGAPU,73,994.98,994.98,0.0,997.98,358.98
41,KM.LAMBELU,MAKASSAR,40,507.0,893.0,0.0,901.0,386.0
41,KM.LAMBELU,PAREPARE,51,906.0,906.0,0.0,909.0,386.0
52,KM.WILIS,BIMA,14,996.98,996.98,0.0,997.98,234.98000000000002
64,KM.LAMBELU,NUNUKAN,49,949.0,949.0,0.0,952.0,37.0
62,KM.SANGIANG,SANANA,56,958.0,958.0,0.0,960.0,16.0
58,KM.GUNUNGDEMPO,SURABAYA,62,872.98,897.0,0.0,901.0,91.0
44,KM.KELUD,BATAM,8,712.98,718.0,0.0,722.0,114.0
43,KM.SINABUNG,BANGGAI,7,924.0,924.0,0.0,925.0,282.0
63,KM.DOROLONDA,PANTOLOAN,50,893.0,893.0,0.0,895.0,0.0
58,KM.GUNUNGDEMPO,MAKASSAR,40,927.0,927.0,1.8207657603852567e-14,930.98,91.0
51,KM.LABOBAR,BANDA,6,942.0,942.0,0.0,944.0,165.0
38,KM.SANGIANG,BITUNG,15,497.0,896.0,0.0,943.0,399.0
51,KM.LABOBAR,TUAL,71,956.0,956.0,0.0,959.0,165.0
59,KFC.JETLINER,KENDARI,30,765.0,932.0,0.0,942.0,167.0
59,KFC.JETLINER,WANCI,74,955.0,955.0,0.0,957.0,167.0
41,KM.LAMBELU,BALIKPAPAN,5,925.0,925.0,0.0,927.0,386.0
42,KM.DOROLONDA,BAUBAU,10,908.0,908.0,0.0,910.0,344.0
39,KM.EGON,LEMBAR,36,785.0,785.0,0.0,788.0,247.0
46,KM.BUKITSIGUNTANG,MAKASSAR,40,583.0,901.0,1.7763568394002505e-14,917.98,318.0
41,KM.LAMBELU,TARAKAN,66,953.0,953.0,0.0,956.0,386.0
37,KM.KELIMUTU,PONTIANAK,52,782.98,800.0,0.0,802.0,246.0
46,KM.BUKITSIGUNTANG,PAREPARE,51,923.0,923.0,0.0,927.0,318.0
50,KM.NGGAPULU,SURABAYA,62,835.98,901.0,0.0,905.0,195.0
64,KM.LAMBELU,PANTOLOAN,50,973.0,973.0,0.0,975.0,37.0
51,KM.LABOBAR,DOBO,20,966.0,966.0,0.0,969.0,165.0
58,KM.GUNUNGDEMPO,SORONG,61,980.0,980.0,0.0,983.0,91.0
35,KM.CIREMAI,MAKASSAR,40,927.0,927.0,0.0,931.0,410.0
43,KM.SINABUNG,BITUNG,15,940.0,943.0,0.0,946.0,285.0
58,KM.GUNUNGDEMPO,MANOKWARI,41,995.0,995.0,0.0,997.0,91.0
56,KM.TIDAR,KIJANG,31,725.0,776.98,0.0,780.98,51.98000000000002
52,KM.WILIS,WAIKELO,72,1008.98,1008.98,0.0,1009.98,234.98000000000002
55,KM.KELUD,BATAM,8,905.98,906.0,2.0,913.0,136.0
50,KM.NGGAPULU,MAKASSAR,40,936.0,936.0,1.8207657603852567e-14,938.98,195.0
41,KM.LAMBELU,NUNUKAN,49,962.0,962.0,0.0,965.0,386.0
42,KM.DOROLONDA,NAMLEA,46,934.0,934.0,0.0,936.0,344.0
34,KFC.JETLINER,KENDARI,30,960.0,960.0,0.0,962.0,459.0
52,KM.WILIS,WAINGAPU,73,1018.98,1018.98,0.0,1022.98,234.98000000000002
35,KM.CIREMAI,BAUBAU,10,947.0,947.0,0.0,949.0,410.0
33,KM.GUNUNGDEMPO,MAKASSAR,40,880.0,931.0,0.0,934.0,442.0
59,KFC.JETLINER,KENDARI,30,970.0,970.0,0.0,976.0,167.0
46,KM.BUKITSIGUNTANG,BALIKPAPAN,5,942.0,942.0,0.0,944.0,318.0
32,KM.BINAIYA,BENOA,12,416.0,957.98,1.7763568394002505e-14,973.96,541.98
61,KM.CIREMAI,MAKASSAR,40,922.0,934.0,8.0,946.0,20.0
43,KM.SINABUNG,TERNATE,68,957.0,957.0,0.0,959.0,285.0
43,KM.SINABUNG,BACAN,4,966.0,966.0,0.0,967.0,285.0
32,KM.BINAIYA,BIMA,14,996.98,997.98,0.0,999.98,542.98
44,KM.KELUD,TANJUNGBALAIKARIMUN,63,725.0,725.0,0.0,726.0,114.0
64,KM.LAMBELU,BALIKPAPAN,5,988.0,988.0,0.0,990.0,37.0
46,KM.BUKITSIGUNTANG,TARAKAN,66,969.0,969.0,0.0,973.0,318.0
55,KM.KELUD,TANJUNGBALAIKARIMUN,63,916.0,916.0,0.0,917.0,136.0
54,KM.PANGRANGO,BANDA,6,857.0,944.0,0.0,954.0,194.0
41,KM.LAMBELU,PANTOLOAN,50,986.0,986.0,0.0,988.0,386.0
61,KM.CIREMAI,BAUBAU,10,963.0,963.0,0.0,965.0,20.0
47,KM.BUKITRAYA,TAREMPA,67,795.98,795.98,0.0,796.98,87.98000000000002
40,KM.AWU,ENDE,21,1006.98,1006.98,0.0,1008.98,358.98
43,KM.SINABUNG,SORONG,61,982.0,982.0,0.0,985.0,285.0
57,KM.LAWIT,SAMPIT,55,892.0,954.0,0.0,975.0,139.0
31,KM.KELUD,BATAM,8,857.98,914.0,0.0,921.0,454.0
52,KM.WILIS,ENDE,21,1033.98,1033.98,0.0,1035.98,234.98000000000002
43,KM.SINABUNG,MANOKWARI,41,999.0,999.0,0.0,1001.0,285.0
39,KM.EGON,SURABAYA,62,812.0,905.0,0.0,909.0,340.0
56,KM.TIDAR,TANJUNGPRIOK,65,816.98,862.0,0.0,868.0,97.0
41,KM.LAMBELU,BALIKPAPAN,5,1001.0,1001.0,0.0,1003.0,386.0
40,KM.AWU,KUPANG,33,1021.98,1021.98,0.0,1025.98,358.98
31,KM.KELUD,TANJUNGBALAIKARIMUN,63,924.0,924.0,0.0,925.0,454.0
63,KM.DOROLONDA,BITUNG,15,924.0,946.0,0.0,949.0,22.0
59,KFC.JETLINER,WANCI,74,989.0,989.0,0.0,991.0,167.0
56,KM.TIDAR,SURABAYA,62,897.0,908.0,0.0,910.0,108.0
42,KM.DOROLONDA,AMBON,2,941.0,941.0,1.8207657603852567e-14,943.98,344.0
49,KFC.JETLINER,WANCI,74,915.0,991.0,0.0,993.0,371.0
46,KM.BUKITSIGUNTANG,NUNUKAN,49,979.0,979.0,0.0,982.0,318.0
37,KM.KELIMUTU,SEMARANG,58,846.0,846.0,0.0,850.0,246.0
62,KM.SANGIANG,NAMLEA,46,974.0,974.0,0.0,975.0,16.0
58,KM.GUNUNGDEMPO,WASIOR,76,1005.0,1005.0,0.0,1006.0,91.0
55,KM.KELUD,BELAWAN,11,939.0,939.0,0.0,964.0,136.0
33,KM.GUNUNGDEMPO,SORONG,61,983.0,983.0,0.0,986.0,442.0
41,KM.LAMBELU,PAREPARE,51,1019.0,1019.0,0.0,1022.0,386.0
38,KM.SANGIANG,TERNATE,68,964.0,964.0,0.0,967.0,399.0
40,KM.AWU,KALABAHI,28,1038.98,1038.98,0.0,1045.98,358.98
57,KM.LAWIT,SEMARANG,58,1007.0,1007.0,0.0,1015.0,139.0
40,KM.AWU,KUPANG,33,1058.98,1058.98,0.0,1062.98,358.98
55,KM.KELUD,TANJUNGBALAIKARIMUN,63,986.0,986.0,0.0,987.0,136.0
63,KM.DOROLONDA,TERNATE,68,958.0,967.0,0.0,969.0,31.0
47,KM.BUKITRAYA,NATUNA,48,807.98,807.98,0.0,808.98,87.98000000000002
47,KM.BUKITRAYA,MIDAI,44,812.98,812.98,0.0,813.98,87.98000000000002
42,KM.DOROLONDA,SORONG,61,964.0,985.0,0.0,988.0,365.0
63,KM.DOROLONDA,SORONG,61,988.0,988.0,1.8207657603852567e-14,990.98,31.0
39,KM.EGON,BATULICIN,9,936.0,948.0,0.020000000000000018,952.0,352.02
42,KM.DOROLONDA,MANOKWARI,41,1001.0,1001.0,0.0,1003.0,365.0
34,KFC.JETLINER,RAHA,53,970.0,970.0,0.0,971.0,459.0
50,KM.NGGAPULU,BAUBAU,10,955.0,955.0,0.0,957.0,195.0
47,KM.BUKITRAYA,SERASAN,59,821.98,821.98,0.0,822.98,87.98000000000002
49,KFC.JETLINER,KENDARI,30,1006.0,1006.0,0.0,1012.0,371.0
44,KM.KELUD,BELAWAN,11,748.0,964.0,0.0,985.0,330.0
50,KM.NGGAPULU,NAMLEA,46,982.0,982.0,0.0,984.0,195.0
51,KM.LABOBAR,KAIMANA,27,978.0,978.0,0.0,980.0,165.0
38,KM.SANGIANG,BACAN,4,980.0,980.0,0.0,982.0,399.0
50,KM.NGGAPULU,AMBON,2,989.0,989.0,0.0,995.0,195.0
58,KM.GUNUNGDEMPO,NABIRE,45,1013.0,1013.0,0.0,1015.0,91.0
56,KM.TIDAR,MAKASSAR,40,942.0,942.0,0.0,945.0,108.0
57,KM.LAWIT,KUMAI,32,1040.0,1048.0,0.0,1050.0,147.0
37,KM.KELIMUTU,KUMAI,32,875.0,1050.0,0.0,1057.0,421.0
53,KM.BINAIYA,MAKASSAR,40,1005.98,1005.98,0.0,1010.98,257.98
46,KM.BUKITSIGUNTANG,BALIKPAPAN,5,1009.0,1009.0,0.0,1011.0,318.0
64,KM.LAMBELU,PAREPARE,51,1006.0,1022.0,0.0,1025.0,53.0
49,KFC.JETLINER,WANCI,74,1025.0,1025.0,0.0,1027.0,371.0
42,KM.DOROLONDA,NABIRE,45,1014.0,1015.0,0.0,1017.0,366.0
40,KM.AWU,ENDE,21,1075.98,1075.98,0.0,1077.98,358.98
52,KM.WILIS,KUPANG,33,1051.98,1051.98,0.0,1059.98,234.98000000000002
63,KM.DOROLONDA,MANOKWARI,41,1003.0,1003.0,0.0,1005.0,31.0
62,KM.SANGIANG,AMBON,2,985.0,985.0,0.0,989.0,16.0
33,KM.GUNUNGDEMPO,MANOKWARI,41,998.0,1005.0,0.0,1007.0,449.0
64,KM.LAMBELU,MAKASSAR,40,1030.0,1030.0,0.0,1033.0,53.0
47,KM.BUKITRAYA,PONTIANAK,52,840.98,850.0,13.0,885.0,110.0
63,KM.DOROLONDA,NABIRE,45,1015.0,1017.0,0.0,1019.0,33.0
51,KM.LABOBAR,FAKFAK,22,990.0,990.0,0.0,994.0,165.0
57,KM.LAWIT,SEMARANG,58,1075.0,1075.0,0.0,1079.0,147.0
64,KM.LAMBELU,BAUBAU,10,1048.0,1048.0,0.0,1050.0,53.0
53,KM.BINAIYA,PAREPARE,51,1016.98,1025.0,0.0,1027.0,266.0
51,KM.LABOBAR,KAIMANA,27,1004.0,1004.0,0.0,1006.0,165.0
63,KM.DOROLONDA,SERUI,60,1025.0,1025.0,0.0,1027.0,33.0
35,KM.CIREMAI,AMBON,2,975.0,995.0,0.0,998.0,430.0
61,KM.CIREMAI,AMBON,2,990.0,995.0,0.0,998.0,25.0
52,KM.WILIS,KALABAHI,28,1076.98,1076.98,0.0,1088.98,234.98000000000002
38,KM.SANGIANG,SANANA,56,1005.0,1005.0,0.0,1007.0,399.0
54,KM.PANGRANGO,AMBON,2,968.0,998.0,0.0,1012.0,224.0
38,KM.SANGIANG,NAMLEA,46,1021.0,1021.0,0.0,1022.0,399.0
62,KM.SANGIANG,BANDA,6,1005.0,1005.0,0.0,1007.0,16.0
62,KM.SANGIANG,GESER,23,1017.0,1017.0,0.0,1019.0,16.0
54,KM.PANGRANGO,NAMROLE,47,1022.0,1022.0,0.0,1024.0,224.0
52,KM.WILIS,KUPANG,33,1104.98,1104.98,0.0,1112.98,234.98000000000002
56,KM.TIDAR,BAUBAU,10,962.0,965.0,0.0,968.0,111.0
50,KM.NGGAPULU,NAMLEA,46,1000.0,1022.0,0.0,1024.0,217.0
46,KM.BUKITSIGUNTANG,PAREPARE,51,1026.0,1027.0,0.0,1031.0,319.0
43,KM.SINABUNG,BIAK,13,1011.0,1011.0,0.0,1013.0,285.0
44,KM.KELUD,TANJUNGBALAIKARIMUN,63,1007.0,1007.0,0.0,1008.0,330.0
38,KM.SANGIANG,AMBON,2,1032.0,1032.0,0.0,1036.0,399.0
47,KM.BUKITRAYA,SURABAYA,62,930.0,930.0,0.0,934.0,110.0
43,KM.SINABUNG,JAYAPURA,26,1033.0,1033.0,0.0,1037.0,285.0
54,KM.PANGRANGO,AMBON,2,1034.0,1034.0,1.7763568394002505e-14,1063.98,224.0
54,KM.PANGRANGO,BANDA,6,1078.0,1078.0,0.0,1080.0,224.0
58,KM.GUNUNGDEMPO,JAYAPURA,26,1037.0,1037.0,0.0,1044.0,91.0
42,KM.DOROLONDA,SERUI,60,1023.0,1027.0,0.0,1029.0,370.0
57,KM.LAWIT,KARIMUNJAWA,29,1086.0,1086.0,0.0,1105.0,147.0
34,KFC.JETLINER,KENDARI,30,979.0,1012.0,0.0,1014.0,492.0
53,KM.BINAIYA,BONTANG,17,1054.0,1054.0,0.0,1057.0,266.0
57,KM.LAWIT,SEMARANG,58,1111.0,1111.0,0.0,1116.0,147.0
53,KM.BINAIYA,PAREPARE,51,1084.0,1084.0,0.0,1086.0,266.0
50,KM.NGGAPULU,BAUBAU,10,1049.0,1049.0,0.0,1052.0,217.0
62,KM.SANGIANG,FAKFAK,22,1031.0,1031.0,0.0,1040.0,16.0
62,KM.SANGIANG,GESER,23,1053.0,1053.0,0.0,1055.0,16.0
32,KM.BINAIYA,LABUANBAJO,34,1007.98,1007.98,0.0,1009.98,542.98
41,KM.LAMBELU,MAKASSAR,40,1027.0,1027.0,0.0,1030.0,386.0
49,KFC.JETLINER,KENDARI,30,1040.0,1040.0,0.0,1042.0,371.0
38,KM.SANGIANG,BANDA,6,1052.0,1080.0,0.0,1082.0,427.0
59,KFC.JETLINER,KENDARI,30,1004.0,1042.0,0.0,1044.0,205.0
62,KM.SANGIANG,BANDA,6,1065.0,1082.0,0.0,1084.0,33.0
58,KM.GUNUNGDEMPO,NABIRE,45,1067.0,1067.0,0.0,1069.0,91.0
53,KM.BINAIYA,MAKASSAR,40,1092.0,1092.0,0.0,1097.0,266.0
33,KM.GUNUNGDEMPO,NABIRE,45,1017.0,1069.0,0.0,1071.0,501.0
42,KM.DOROLONDA,JAYAPURA,26,1047.0,1047.0,0.0,1053.0,370.0
63,KM.DOROLONDA,JAYAPURA,26,1046.0,1053.0,0.0,1059.0,40.0
43,KM.SINABUNG,BIAK,13,1061.0,1061.0,0.0,1063.0,285.0
37,KM.KELIMUTU,SURABAYA,62,1084.0,1084.0,0.0,1087.0,421.0
56,KM.TIDAR,MAUMERE,42,982.0,982.0,0.0,984.0,111.0
42,KM.DOROLONDA,SERUI,60,1072.0,1072.0,0.0,1074.0,370.0
61,KM.CIREMAI,SORONG,61,1020.0,1023.0,0.0,1026.0,28.0
41,KM.LAMBELU,BAUBAU,10,1045.0,1050.0,0.0,1052.0,391.0
33,KM.GUNUNGDEMPO,JAYAPURA,26,1097.0,1097.0,0.0,1104.0,501.0
53,KM.BINAIYA,LABUANBAJO,34,1117.0,1117.0,0.0,1119.0,266.0
46,KM.BUKITSIGUNTANG,MAKASSAR,40,1036.0,1036.0,1.8207657603852567e-14,1038.98,319.0
51,KM.LABOBAR,DOBO,20,1015.0,1015.0,0.0,1017.0,165.0
56,KM.TIDAR,LARANTUKA,35,990.0,990.0,0.0,992.0,111.0
56,KM.TIDAR,LEWOLEBA,38,995.0,995.0,0.0,997.0,111.0
42,KM.DOROLONDA,NABIRE,45,1080.0,1080.0,0.0,1082.0,370.0
33,KM.GUNUNGDEMPO,NABIRE,45,1127.0,1127.0,0.0,1129.0,501.0
64,KM.LAMBELU,MAUMERE,42,1063.0,1063.0,0.0,1065.0,53.0
51,KM.LABOBAR,TUAL,71,1024.0,1024.0,0.0,1026.0,165.0
53,KM.BINAIYA,BIMA,14,1127.0,1127.0,0.0,1128.0,266.0
46,KM.BUKITSIGUNTANG,MAUMERE,42,1057.0,1065.0,0.0,1067.0,327.0
51,KM.LABOBAR,BANDA,6,1039.0,1084.0,0.0,1085.0,210.0
32,KM.BINAIYA,MAKASSAR,40,1028.98,1038.98,0.0,1043.98,552.98
32,KM.BINAIYA,AWERANGE,3,1049.98,1049.98,0.0,1051.98,552.98
47,KM.BUKITRAYA,PONTIANAK,52,997.0,1012.0,0.0,1014.0,125.0
64,KM.LAMBELU,LARANTUKA,35,1070.0,1070.0,0.0,1072.0,53.0
61,KM.CIREMAI,SERUI,60,1050.0,1074.0,0.0,1076.0,52.0
34,KFC.JETLINER,WANCI,74,1027.0,1027.0,0.0,1029.0,492.0
42,KM.DOROLONDA,MANOKWARI,41,1092.0,1092.0,0.0,1094.0,370.0
49,KFC.JETLINER,RAHA,53,1050.0,1050.0,0.0,1051.0,371.0
34,KFC.JETLINER,KENDARI,30,1042.0,1044.0,0.0,1063.0,494.0
46,KM.BUKITSIGUNTANG,LEWOLEBA,38,1073.0,1073.0,0.0,1075.0,327.0
39,KM.EGON,PAREPARE,51,974.02,1086.0,0.0,1089.0,464.0
43,KM.SINABUNG,MANOKWARI,41,1073.0,1094.0,0.0,1096.0,306.0
50,KM.NGGAPULU,MAKASSAR,40,1067.0,1067.0,0.0,1070.0,217.0
58,KM.GUNUNGDEMPO,WASIOR,76,1076.0,1076.0,0.0,1077.0,91.0
49,KFC.JETLINER,KENDARI,30,1059.0,1063.0,0.0,1065.0,375.0
53,KM.BINAIYA,BENOA,12,1151.0,1151.0,0.0,1155.0,266.0
64,KM.LAMBELU,BAUBAU,10,1084.0,1084.0,0.0,1086.0,53.0
59,KFC.JETLINER,RAHA,53,1052.0,1052.0,0.0,1053.0,205.0
43,KM.SINABUNG,SORONG,61,1111.0,1111.0,0.0,1113.0,306.0
32,KM.BINAIYA,BONTANG,17,1078.98,1078.98,0.0,1081.98,552.98
64,KM.LAMBELU,MAKASSAR,40,1101.0,1101.0,0.0,1105.0,53.0
39,KM.EGON,BONTANG,17,1113.0,1113.0,6.0,1122.0,470.0
52,KM.WILIS,ENDE,21,1128.98,1128.98,0.0,1130.98,234.98000000000002
51,KM.LABOBAR,AMBON,2,1093.0,1093.0,0.0,1095.0,210.0
56,KM.TIDAR,KUPANG,33,1006.0,1062.98,0.0,1066.98,167.98000000000002
46,KM.BUKITSIGUNTANG,KUPANG,33,1082.0,1082.0,0.0,1088.0,327.0
41,KM.LAMBELU,MAUMERE,42,1065.0,1067.0,0.0,1069.0,393.0
47,KM.BUKITRAYA,SERASAN,59,1028.0,1028.0,0.0,1029.0,125.0
32,KM.BINAIYA,PAREPARE,51,1108.98,1108.98,0.0,1111.98,552.98
37,KM.KELIMUTU,BATULICIN,9,1118.0,1118.0,0.0,1122.0,421.0
59,KFC.JETLINER,KENDARI,30,1061.0,1065.0,0.0,1067.0,209.0
52,KM.WILIS,WAINGAPU,73,1141.98,1141.98,0.0,1143.98,234.98000000000002
56,KM.TIDAR,LEWOLEBA,38,1082.98,1082.98,0.0,1083.98,167.98000000000002
35,KM.CIREMAI,SORONG,61,1020.0,1026.0,0.0,1028.0,436.0
56,KM.TIDAR,LARANTUKA,35,1086.98,1086.98,0.0,1087.98,167.98000000000002
43,KM.SINABUNG,BACAN,4,1129.0,1129.0,0.0,1130.0,306.0
35,KM.CIREMAI,SERUI,60,1052.0,1076.0,0.0,1078.0,460.0
43,KM.SINABUNG,TERNATE,68,1137.0,1137.0,0.0,1139.0,306.0
38,KM.SANGIANG,GESER,23,1092.0,1092.0,0.0,1094.0,427.0
38,KM.SANGIANG,FAKFAK,22,1106.0,1106.0,0.0,1115.0,427.0
38,KM.SANGIANG,GESER,23,1128.0,1128.0,0.0,1130.0,427.0
64,KM.LAMBELU,PAREPARE,51,1110.0,1111.98,0.0,1116.98,54.98000000000002
52,KM.WILIS,WAIKELO,72,1152.98,1152.98,0.0,1153.98,234.98000000000002
53,KM.BINAIYA,BIMA,14,1178.0,1178.0,0.0,1181.0,266.0
39,KM.EGON,PAREPARE,51,1146.0,1146.0,0.0,1148.0,470.0
35,KM.CIREMAI,JAYAPURA,26,1098.0,1111.0,0.0,1116.0,473.0
35,KM.CIREMAI,SERUI,60,1138.0,1138.0,0.0,1140.0,473.0
41,KM.LAMBELU,LARANTUKA,35,1074.0,1087.98,0.0,1089.98,406.98
46,KM.BUKITSIGUNTANG,LEWOLEBA,38,1095.0,1095.0,0.0,1097.0,327.0
61,KM.CIREMAI,JAYAPURA,26,1095.0,1116.0,1.0,1123.0,74.0
43,KM.SINABUNG,BITUNG,15,1149.0,1149.0,0.0,1151.0,306.0
47,KM.BUKITRAYA,MIDAI,44,1037.0,1037.0,0.0,1038.0,125.0
40,KM.AWU,WAINGAPU,73,1086.98,1143.98,0.0,1146.98,415.98
41,KM.LAMBELU,BAUBAU,10,1101.98,1101.98,0.0,1103.98,406.98
56,KM.TIDAR,MAUMERE,42,1093.98,1093.98,0.0,1094.98,167.98000000000002
64,KM.LAMBELU,BALIKPAPAN,5,1132.98,1132.98,1.8207657603852567e-14,1134.96,54.98000000000002
31,KM.KELUD,BELAWAN,11,947.0,985.0,0.0,989.0,492.0
46,KM.BUKITSIGUNTANG,MAUMERE,42,1103.0,1103.0,0.0,1105.0,327.0
46,KM.BUKITSIGUNTANG,MAKASSAR,40,1123.0,1123.0,0.0,1129.0,327.0
64,KM.LAMBELU,PANTOLOAN,50,1147.98,1147.98,0.0,1149.98,54.98000000000002
51,KM.LABOBAR,BAUBAU,10,1120.0,1120.0,1.8207657603852567e-14,1121.98,210.0
38,KM.SANGIANG,BANDA,6,1140.0,1140.0,0.0,1142.0,427.0
35,KM.CIREMAI,SORONG,61,1163.0,1163.0,4.0,1170.0,477.0
61,KM.CIREMAI,SERUI,60,1145.0,1145.0,0.0,1147.0,74.0
47,KM.BUKITRAYA,NATUNA,48,1042.0,1042.0,0.0,1043.0,125.0
49,KFC.JETLINER,WANCI,74,1078.0,1078.0,0.0,1080.0,375.0
39,KM.EGON,BONTANG,17,1172.0,1172.0,5.0,1183.0,475.0
47,KM.BUKITRAYA,TAREMPA,67,1054.0,1054.0,0.0,1055.0,125.0
35,KM.CIREMAI,AMBON,2,1193.0,1193.0,0.0,1196.0,477.0
47,KM.BUKITRAYA,LETUNG,37,1059.0,1059.0,0.0,1060.0,125.0
37,KM.KELIMUTU,SURABAYA,62,1152.0,1152.0,0.0,1155.0,421.0
41,KM.LAMBELU,MAKASSAR,40,1118.98,1118.98,0.0,1122.98,406.98
34,KFC.JETLINER,WANCI,74,1076.0,1080.0,0.0,1082.0,498.0
62,KM.SANGIANG,AMBON,2,1102.0,1102.0,1.7763568394002505e-14,1112.98,33.0
41,KM.LAMBELU,PAREPARE,51,1127.98,1148.0,0.0,1153.0,427.0
64,KM.LAMBELU,TARAKAN,66,1168.98,1168.98,0.0,1172.98,54.98000000000002
62,KM.SANGIANG,NAMLEA,46,1124.0,1124.0,0.0,1129.0,33.0
46,KM.BUKITSIGUNTANG,PAREPARE,51,1134.0,1153.0,0.0,1157.0,346.0
41,KM.LAMBELU,BALIKPAPAN,5,1169.0,1169.0,1.8207657603852567e-14,1170.98,427.0
38,KM.SANGIANG,AMBON,2,1160.0,1160.0,1.7763568394002505e-14,1170.98,427.0
39,KM.EGON,PAREPARE,51,1210.0,1210.0,0.0,1212.0,475.0
42,KM.DOROLONDA,SORONG,61,1106.0,1113.0,0.0,1116.0,377.0
37,KM.KELIMUTU,KUMAI,32,1182.0,1182.0,0.0,1184.0,421.0
61,KM.CIREMAI,SORONG,61,1170.0,1170.0,0.0,1173.0,74.0
64,KM.LAMBELU,NUNUKAN,49,1178.98,1178.98,0.0,1181.98,54.98000000000002
49,KFC.JETLINER,KENDARI,30,1093.0,1093.0,0.0,1112.0,375.0
61,KM.CIREMAI,AMBON,2,1195.0,1195.0,0.0,1198.0,74.0
54,KM.PANGRANGO,SAUMLAKI,57,1107.0,1107.0,1.7763568394002505e-14,1111.98,224.0
56,KM.TIDAR,BAUBAU,10,1107.98,1107.98,0.0,1109.98,167.98000000000002
53,KM.BINAIYA,WAINGAPU,73,1195.0,1195.0,0.0,1197.0,266.0
47,KM.BUKITRAYA,KIJANG,31,1074.0,1074.0,0.0,1076.0,125.0
46,KM.BUKITSIGUNTANG,BALIKPAPAN,5,1173.0,1173.0,0.0,1175.0,346.0
63,KM.DOROLONDA,SERUI,60,1078.0,1147.0,0.0,1149.0,109.0
63,KM.DOROLONDA,NABIRE,45,1155.0,1155.0,0.0,1157.0,109.0
59,KFC.JETLINER,WANCI,74,1080.0,1082.0,0.0,1084.0,211.0
33,KM.GUNUNGDEMPO,MANOKWARI,41,1140.0,1140.0,0.0,1142.0,501.0
40,KM.AWU,BIMA,14,1160.98,1181.0,0.0,1183.0,436.0
56,KM.TIDAR,MAKASSAR,40,1126.98,1126.98,0.0,1130.98,167.98000000000002
31,KM.KELUD,TANJUNGBALAIKARIMUN,63,1011.0,1011.0,0.0,1012.0,492.0
58,KM.GUNUNGDEMPO,MANOKWARI,41,1084.0,1142.0,0.0,1144.0,149.0
52,KM.WILIS,BIMA,14,1164.98,1183.0,0.0,1185.0,253.0
38,KM.SANGIANG,NAMLEA,46,1182.0,1182.0,0.0,1187.0,427.0
52,KM.WILIS,LABUANBAJO,34,1194.0,1194.0,0.0,1195.0,253.0
61,KM.CIREMAI,BAUBAU,10,1223.0,1223.0,0.0,1225.0,74.0
37,KM.KELIMUTU,SEMARANG,58,1209.0,1209.0,0.0,1214.0,421.0
53,KM.BINAIYA,ENDE,21,1206.0,1206.0,0.0,1208.0,266.0
40,KM.AWU,BENOA,12,1204.0,1204.0,0.0,1210.0,436.0
32,KM.BINAIYA,BONTANG,17,1139.98,1183.0,0.0,1186.0,596.0
41,KM.LAMBELU,PANTOLOAN,50,1184.0,1184.0,0.0,1186.0,427.0
62,KM.SANGIANG,SANANA,56,1143.0,1143.0,0.0,1145.0,33.0
58,KM.GUNUNGDEMPO,SORONG,61,1158.0,1170.0,0.0,1173.0,161.0
63,KM.DOROLONDA,MANOKWARI,41,1167.0,1167.0,0.0,1169.0,109.0
64,KM.LAMBELU,BALIKPAPAN,5,1208.98,1208.98,0.0,1210.98,54.98000000000002
39,KM.EGON,BATULICIN,9,1235.0,1235.0,4.0,1242.0,479.0
56,KM.TIDAR,SURABAYA,62,1162.98,1162.98,0.0,1164.98,167.98000000000002
54,KM.PANGRANGO,BANDA,6,1141.0,1142.0,0.0,1144.0,225.0
51,KM.LABOBAR,MAKASSAR,40,1136.0,1136.0,0.0,1138.0,210.0
57,KM.LAWIT,SAMPIT,55,1150.0,1289.0,1.0,1310.0,287.0
58,KM.GUNUNGDEMPO,MAKASSAR,40,1222.0,1222.0,0.0,1224.0,161.0
50,KM.NGGAPULU,SURABAYA,62,1101.0,1155.0,1.8207657603852567e-14,1158.98,271.0
53,KM.BINAIYA,KUPANG,33,1221.0,1221.0,0.0,1225.0,266.0
46,KM.BUKITSIGUNTANG,TARAKAN,66,1199.0,1199.0,0.0,1203.0,346.0
58,KM.GUNUNGDEMPO,SURABAYA,62,1251.0,1251.0,0.0,1253.0,161.0
35,KM.CIREMAI,BAUBAU,10,1223.0,1223.0,0.0,1225.0,477.0
31,KM.KELUD,BATAM,8,1015.0,1015.0,0.0,1019.0,492.0
38,KM.SANGIANG,SANANA,56,1201.0,1201.0,0.0,1203.0,427.0
46,KM.BUKITSIGUNTANG,NUNUKAN,49,1209.0,1209.0,0.0,1211.0,346.0
63,KM.DOROLONDA,SORONG,61,1181.0,1181.0,0.0,1184.0,109.0
33,KM.GUNUNGDEMPO,SORONG,61,1154.0,1173.0,0.0,1175.0,520.0
55,KM.KELUD,BATAM,8,990.0,1019.0,6.0,1028.0,171.0
40,KM.AWU,SURABAYA,62,1238.0,1238.0,0.0,1242.0,436.0
42,KM.DOROLONDA,AMBON,2,1136.0,1196.0,0.0,1199.0,437.0
32,KM.BINAIYA,AWERANGE,3,1213.0,1213.0,0.0,1215.0,596.0
63,KM.DOROLONDA,TERNATE,68,1203.0,1203.0,0.0,1205.0,109.0
43,KM.SINABUNG,BANGGAI,7,1167.0,1167.0,0.0,1169.0,306.0
57,KM.LAWIT,SURABAYA,62,1338.0,1338.0,0.0,1341.0,287.0
43,KM.SINABUNG,BAUBAU,10,1187.0,1225.0,0.0,1227.0,344.0
59,KFC.JETLINER,KENDARI,30,1097.0,1112.0,0.0,1131.0,226.0
44,KM.KELUD,BATAM,8,1011.0,1029.0,1.0,1033.0,349.0
47,KM.BUKITRAYA,BLINYU,16,1092.0,1092.0,0.0,1093.0,125.0
53,KM.BINAIYA,ENDE,21,1238.0,1238.0,0.0,1240.0,266.0
62,KM.SANGIANG,BACAN,4,1166.0,1166.0,0.0,1168.0,33.0
35,KM.CIREMAI,MAKASSAR,40,1242.0,1242.0,11.02,1256.0,488.02
43,KM.SINABUNG,MAKASSAR,40,1244.0,1244.0,0.0,1246.0,344.0
40,KM.AWU,KUMAI,32,1270.0,1270.0,0.0,1273.0,436.0
41,KM.LAMBELU,TARAKAN,66,1205.0,1205.0,0.0,1209.0,427.0
59,KFC.JETLINER,WANCI,74,1144.0,1144.0,0.0,1146.0,226.0
41,KM.LAMBELU,NUNUKAN,49,1215.0,1215.0,0.0,1218.0,427.0
54,KM.PANGRANGO,AMBON,2,1158.0,1198.0,0.0,1218.0,265.0
42,KM.DOROLONDA,NAMLEA,46,1204.0,1204.0,0.0,1206.0,437.0
51,KM.LABOBAR,SURABAYA,62,1166.0,1253.0,0.0,1256.0,297.0
61,KM.CIREMAI,MAKASSAR,40,1241.0,1256.0,0.0,1259.0,89.0
32,KM.BINAIYA,MAKASSAR,40,1221.0,1256.0,0.0,1260.0,631.0
39,KM.EGON,SURABAYA,62,1269.0,1269.0,0.0,1273.0,479.0
33,KM.GUNUNGDEMPO,MAKASSAR,40,1224.0,1259.0,0.0,1261.0,555.0
38,KM.SANGIANG,BACAN,4,1224.0,1224.0,0.0,1226.0,427.0
62,KM.SANGIANG,TERNATE,68,1180.0,1205.0,0.0,1207.0,58.0
54,KM.PANGRANGO,BANDA,6,1232.0,1232.0,0.0,1234.0,265.0
42,KM.DOROLONDA,BAUBAU,10,1229.0,1229.0,0.0,1231.0,437.0
53,KM.BINAIYA,WAINGAPU,73,1249.0,1249.0,1.8207657603852567e-14,1249.98,266.0
63,KM.DOROLONDA,BITUNG,15,1213.0,1213.0,0.0,1215.0,109.0
38,KM.SANGIANG,TERNATE,68,1238.0,1238.0,0.0,1240.0,427.0
41,KM.LAMBELU,BALIKPAPAN,5,1245.0,1245.0,0.0,1247.0,427.0
56,KM.TIDAR,TANJUNGPRIOK,65,1192.98,1192.98,0.0,1195.98,167.98000000000002
41,KM.LAMBELU,PAREPARE,51,1263.0,1263.0,0.0,1265.0,427.0
32,KM.BINAIYA,LABUANBAJO,34,1279.0,1279.0,0.0,1281.0,631.0
46,KM.BUKITSIGUNTANG,BALIKPAPAN,5,1238.0,1247.0,0.0,1249.0,355.0
64,KM.LAMBELU,PAREPARE,51,1226.98,1265.0,0.0,1267.0,93.0
46,KM.BUKITSIGUNTANG,PAREPARE,51,1265.0,1267.0,0.0,1271.0,357.0
32,KM.BINAIYA,BIMA,14,1289.0,1289.0,0.0,1290.0,631.0
42,KM.DOROLONDA,MAKASSAR,40,1245.0,1260.0,0.0,1263.0,452.0
63,KM.DOROLONDA,PANTOLOAN,50,1242.0,1242.0,0.0,1244.0,109.0
35,KM.CIREMAI,SURABAYA,62,1286.02,1286.02,0.0,1288.02,488.02
61,KM.CIREMAI,SURABAYA,62,1288.0,1288.02,0.0,1290.02,89.01999999999998
53,KM.BINAIYA,BIMA,14,1264.0,1290.0,0.0,1291.0,292.0
54,KM.PANGRANGO,SAUMLAKI,57,1261.0,1261.0,0.0,1265.0,265.0
52,KM.WILIS,MAKASSAR,40,1219.0,1261.0,0.0,1264.0,295.0
63,KM.DOROLONDA,BALIKPAPAN,5,1256.0,1256.0,0.0,1258.0,109.0
49,KFC.JETLINER,WANCI,74,1125.0,1146.0,0.0,1148.0,396.0
54,KM.PANGRANGO,BANDA,6,1293.0,1293.0,0.0,1295.0,265.0
33,KM.GUNUNGDEMPO,SURABAYA,62,1287.0,1290.02,0.0,1292.02,558.02
39,KM.EGON,LEMBAR,36,1297.0,1304.0,0.0,1306.0,486.0
86,KM.LAMBELU,MAKASSAR,40,1179.0,1263.0,0.0,1271.0,84.0
95,KM.BINAIYA,BENOA,12,1360.0,1360.0,0.0,1376.0,0.0
65,KM.EGON,WAINGAPU,73,846.0,1250.0,0.0,1257.0,404.0
82,KFC.JETLINER,KENDARI,30,1101.0,1131.0,0.0,1141.0,30.0
82,KFC.JETLINER,WANCI,74,1154.0,1154.0,0.0,1156.0,30.0
67,KM.SIRIMAU,SORONG,61,892.0,1175.0,0.0,1179.0,283.0
67,KM.SIRIMAU,AMBON,2,1213.0,1213.0,0.0,1216.0,283.0
71,KFC.JETLINER,KENDARI,30,933.0,1141.0,0.0,1151.0,208.0
80,KM.TIDAR,KIJANG,31,1076.0,1076.0,0.0,1078.0,0.0
73,KM.LEUSER,SURABAYA,62,966.0,1292.02,0.0,1304.02,326.02
86,KM.LAMBELU,PAREPARE,51,1276.0,1276.0,0.0,1279.0,84.0
89,KM.BUKITSIGUNTANG,MAKASSAR,40,1255.0,1264.0,1.7763568394002505e-14,1280.98,9.0
84,KM.SANGIANG,BITUNG,15,1169.0,1215.0,0.0,1262.0,46.0
72,KM.SINABUNG,SURABAYA,62,934.0,1304.02,0.0,1325.02,370.02
95,KM.BINAIYA,BIMA,14,1399.0,1399.0,0.0,1401.0,0.0
72,KM.SINABUNG,MAKASSAR,40,1356.02,1356.02,0.0,1359.02,370.02
75,KM.BUKITRAYA,TANJUNGPRIOK,65,996.0,996.0,0.0,1011.0,0.0
97,KM.PANGRANGO,AMBON,2,1380.0,1380.0,0.0,1403.0,0.0
84,KM.SANGIANG,TERNATE,68,1283.0,1283.0,0.0,1286.0,46.0
81,KM.LAWIT,KUMAI,32,1082.0,1275.0,6.0,1283.0,199.0
75,KM.BUKITRAYA,BLINYU,16,1040.0,1093.0,0.0,1094.0,53.0
67,KM.SIRIMAU,WANCI,74,1248.0,1248.0,0.0,1250.0,283.0
71,KFC.JETLINER,WANCI,74,1164.0,1250.0,0.0,1252.0,294.0
89,KM.BUKITSIGUNTANG,PAREPARE,51,1286.0,1286.0,0.0,1290.0,9.0
70,KM.BUKITSIGUNTANG,MAKASSAR,40,919.0,1280.98,1.7763568394002505e-14,1297.96,361.98
89,KM.BUKITSIGUNTANG,BALIKPAPAN,5,1305.0,1305.0,0.0,1307.0,9.0
81,KM.LAWIT,SURABAYA,62,1312.0,1325.02,0.0,1330.02,212.01999999999998
84,KM.SANGIANG,BACAN,4,1299.0,1299.0,0.0,1301.0,46.0
85,KM.DOROLONDA,SURABAYA,62,1178.0,1330.02,0.0,1341.02,152.01999999999998
70,KM.BUKITSIGUNTANG,PAREPARE,51,1302.98,1302.98,0.0,1306.98,361.98
82,KFC.JETLINER,KENDARI,30,1169.0,1169.0,0.0,1175.0,30.0
96,KM.BUKITRAYA,TANJUNGPRIOK,65,1362.0,1362.0,0.0,1371.0,0.0
85,KM.DOROLONDA,MAKASSAR,40,1368.02,1368.02,0.0,1371.02,152.01999999999998
67,KM.SIRIMAU,BAUBAU,10,1260.0,1260.0,0.0,1264.0,283.0
75,KM.BUKITRAYA,KIJANG,31,1111.0,1111.0,0.0,1114.0,53.0
66,KM.KELUD,TANJUNGPRIOK,65,887.0,1195.98,0.0,1217.98,308.98
74,KM.LABOBAR,TANJUNGPRIOK,65,984.0,1217.98,0.0,1233.98,233.98000000000002
80,KM.TIDAR,TANJUNGPRIOK,65,1114.0,1233.98,0.0,1239.98,119.98000000000002
83,KM.GUNUNGDEMPO,TANJUNGPRIOK,65,1118.0,1239.98,0.0,1252.98,121.98000000000002
97,KM.PANGRANGO,BANDA,6,1417.0,1417.0,0.0,1432.0,0.0
67,KM.SIRIMAU,MAUMERE,42,1285.0,1285.0,0.0,1287.0,283.0
91,KFC.JETLINER,KENDARI,30,1269.0,1269.0,0.0,1279.0,0.0
73,KM.LEUSER,KUPANG,33,1366.02,1366.02,0.0,1370.02,326.02
82,KFC.JETLINER,WANCI,74,1188.0,1252.0,0.0,1254.0,94.0
77,KM.BINAIYA,BENOA,12,1022.0,1376.0,0.0,1394.0,354.0
94,KM.WILIS,BATULICIN,9,1335.0,1335.0,0.0,1362.0,0.0
67,KM.SIRIMAU,LEWOLEBA,38,1297.0,1297.0,0.0,1299.0,283.0
83,KM.GUNUNGDEMPO,SURABAYA,62,1277.98,1341.0,0.0,1345.0,185.0
81,KM.LAWIT,BENOA,12,1359.02,1394.0,1.7763568394002505e-14,1398.98,247.0
87,KM.KELUD,TANJUNGPRIOK,65,1221.0,1252.98,0.0,1275.98,31.980000000000018
72,KM.SINABUNG,BAUBAU,10,1376.02,1376.02,1.8207657603852567e-14,1378.0,370.02
75,KM.BUKITRAYA,LETUNG,37,1128.0,1128.0,0.0,1130.0,53.0
80,KM.TIDAR,SURABAYA,62,1280.98,1341.02,0.0,1343.02,180.01999999999998
92,KM.SINABUNG,SURABAYA,62,1318.0,1343.02,0.0,1359.02,25.019999999999982
77,KM.BINAIYA,BIMA,14,1417.0,1417.0,0.0,1419.0,354.0
96,KM.BUKITRAYA,BLINYU,16,1400.0,1400.0,0.0,1401.0,0.0
72,KM.SINABUNG,BANGGAI,7,1396.02,1396.02,0.0,1397.02,370.02
70,KM.BUKITSIGUNTANG,BALIKPAPAN,5,1321.98,1321.98,0.0,1323.98,361.98
80,KM.TIDAR,MAKASSAR,40,1374.02,1374.02,0.0,1376.02,180.01999999999998
83,KM.GUNUNGDEMPO,MAKASSAR,40,1371.0,1371.02,0.0,1375.02,185.01999999999998
70,KM.BUKITSIGUNTANG,TARAKAN,66,1348.98,1348.98,0.0,1352.98,361.98
86,KM.LAMBELU,BALIKPAPAN,5,1295.0,1323.98,0.0,1325.98,112.98000000000002
78,KM.PANGRANGO,AMBON,2,1044.0,1218.0,0.0,1246.0,174.0
84,KM.SANGIANG,SANANA,56,1324.0,1324.0,0.0,1326.0,46.0
75,KM.BUKITRAYA,TAREMPA,67,1135.0,1135.0,0.0,1137.0,53.0
89,KM.BUKITSIGUNTANG,TARAKAN,66,1332.0,1352.98,0.0,1356.98,29.980000000000018
93,KM.LABOBAR,TANJUNGPRIOK,65,1319.0,1319.0,0.0,1332.0,0.0
70,KM.BUKITSIGUNTANG,NUNUKAN,49,1358.98,1358.98,0.0,1361.98,361.98
71,KFC.JETLINER,KENDARI,30,1265.0,1279.0,0.0,1285.0,308.0
94,KM.WILIS,MAKASSAR,40,1392.0,1392.0,0.0,1400.0,0.0
95,KM.BINAIYA,LABUANBAJO,34,1409.0,1409.0,0.0,1411.0,0.0
92,KM.SINABUNG,MAKASSAR,40,1388.02,1388.02,0.0,1391.02,25.019999999999982
67,KM.SIRIMAU,KUPANG,33,1312.0,1312.0,0.0,1318.0,283.0
86,KM.LAMBELU,TARAKAN,66,1351.98,1356.98,0.0,1359.98,117.98000000000002
81,KM.LAWIT,BIMA,14,1421.0,1421.0,1.8207657603852567e-14,1422.98,247.0
85,KM.DOROLONDA,BAUBAU,10,1385.02,1385.02,0.0,1387.02,152.01999999999998
70,KM.BUKITSIGUNTANG,BALIKPAPAN,5,1388.98,1388.98,0.0,1390.98,361.98
76,KM.WILIS,BATULICIN,9,999.0,1362.0,0.0,1389.0,363.0
92,KM.SINABUNG,BAUBAU,10,1406.02,1406.02,0.0,1408.02,25.019999999999982
75,KM.BUKITRAYA,NATUNA,48,1150.0,1150.0,0.0,1153.0,53.0
75,KM.BUKITRAYA,MIDAI,44,1157.0,1157.0,0.0,1159.0,53.0
91,KFC.JETLINER,WANCI,74,1292.0,1292.0,0.0,1294.0,0.0
81,KM.LAWIT,WAINGAPU,73,1438.0,1438.0,0.0,1441.0,247.0
88,KM.CIREMAI,TANJUNGPRIOK,65,1228.0,1332.0,0.0,1347.0,104.0
67,KM.SIRIMAU,KALABAHI,28,1333.0,1333.0,0.0,1335.0,283.0
97,KM.PANGRANGO,AMBON,2,1446.0,1446.0,0.0,1460.0,0.0
83,KM.GUNUNGDEMPO,SORONG,61,1424.02,1424.02,0.0,1427.02,185.01999999999998
77,KM.BINAIYA,LABUANBAJO,34,1427.0,1427.0,0.0,1429.0,354.0
67,KM.SIRIMAU,SAUMLAKI,57,1378.0,1378.0,0.0,1380.0,283.0
92,KM.SINABUNG,BANGGAI,7,1424.02,1424.02,0.0,1425.02,25.019999999999982
73,KM.LEUSER,BENOA,12,1423.02,1423.02,0.0,1426.02,326.02
96,KM.BUKITRAYA,KIJANG,31,1418.0,1418.0,0.0,1421.0,0.0
70,KM.BUKITSIGUNTANG,PAREPARE,51,1405.98,1405.98,0.0,1409.98,361.98
73,KM.LEUSER,BIMA,14,1448.02,1448.02,0.0,1450.02,326.02
80,KM.TIDAR,BAUBAU,10,1391.02,1391.02,0.0,1392.02,180.01999999999998
72,KM.SINABUNG,BITUNG,15,1412.02,1412.02,0.0,1415.02,370.02
74,KM.LABOBAR,SURABAYA,62,1258.98,1345.0,0.0,1349.0,320.0
70,KM.BUKITSIGUNTANG,MAKASSAR,40,1414.98,1414.98,1.8207657603852567e-14,1417.96,361.98
80,KM.TIDAR,MAUMERE,42,1405.02,1405.02,0.0,1406.02,180.01999999999998
93,KM.LABOBAR,SURABAYA,62,1357.0,1357.0,0.0,1361.0,0.0
96,KM.BUKITRAYA,LETUNG,37,1435.0,1435.0,0.0,1437.0,0.0
66,KM.KELUD,BATAM,8,1248.98,1250.0,0.0,1255.0,310.0
93,KM.LABOBAR,MAKASSAR,40,1388.0,1400.0,0.0,1403.0,12.0
86,KM.LAMBELU,NUNUKAN,49,1365.98,1365.98,0.0,1368.98,117.98000000000002
85,KM.DOROLONDA,NAMLEA,46,1410.02,1410.02,0.0,1412.02,152.01999999999998
87,KM.KELUD,BATAM,8,1306.98,1307.0,0.0,1312.0,32.0
67,KM.SIRIMAU,TUAL,71,1400.0,1400.0,0.0,1406.0,283.0
73,KM.LEUSER,LABUANBAJO,34,1458.02,1458.02,0.0,1460.02,326.02
65,KM.EGON,LEMBAR,36,1283.0,1306.0,0.0,1309.0,427.0
84,KM.SANGIANG,NAMLEA,46,1340.0,1412.02,0.0,1413.02,118.01999999999998
96,KM.BUKITRAYA,TAREMPA,67,1442.0,1442.0,0.0,1444.0,0.0
85,KM.DOROLONDA,AMBON,2,1417.02,1417.02,0.0,1420.02,152.01999999999998
83,KM.GUNUNGDEMPO,MANOKWARI,41,1439.02,1439.02,0.0,1441.02,185.01999999999998
88,KM.CIREMAI,SURABAYA,62,1374.0,1374.0,0.0,1378.0,104.0
86,KM.LAMBELU,PANTOLOAN,50,1389.98,1389.98,0.0,1391.98,117.98000000000002
91,KFC.JETLINER,KENDARI,30,1307.0,1307.0,0.0,1313.0,0.0
87,KM.KELUD,TANJUNGBALAIKARIMUN,63,1315.0,1315.0,0.0,1316.0,32.0
72,KM.SINABUNG,TERNATE,68,1426.02,1426.02,0.0,1428.02,370.02
86,KM.LAMBELU,BALIKPAPAN,5,1404.98,1404.98,0.0,1406.98,117.98000000000002
85,KM.DOROLONDA,SORONG,61,1440.02,1440.02,0.0,1443.02,152.01999999999998
84,KM.SANGIANG,AMBON,2,1423.02,1423.02,0.0,1427.02,118.01999999999998
86,KM.LAMBELU,PAREPARE,51,1422.98,1422.98,0.0,1425.98,117.98000000000002
76,KM.WILIS,MAKASSAR,40,1419.0,1419.0,0.0,1427.0,363.0
80,KM.TIDAR,LARANTUKA,35,1411.02,1411.02,0.0,1412.02,180.01999999999998
92,KM.SINABUNG,BITUNG,15,1439.02,1439.02,0.0,1442.02,25.019999999999982
78,KM.PANGRANGO,BANDA,6,1260.0,1432.0,0.0,1466.0,346.0
97,KM.PANGRANGO,NAMROLE,47,1470.0,1470.0,0.0,1472.0,0.0
85,KM.DOROLONDA,MANOKWARI,41,1456.02,1456.02,0.0,1458.02,152.01999999999998
95,KM.BINAIYA,MAKASSAR,40,1430.0,1430.0,0.0,1435.0,0.0
73,KM.LEUSER,MAKASSAR,40,1481.02,1481.02,0.0,1483.02,326.02
92,KM.SINABUNG,TERNATE,68,1451.02,1451.02,0.0,1453.02,25.019999999999982
72,KM.SINABUNG,BACAN,4,1435.02,1435.02,0.0,1436.02,370.02
76,KM.WILIS,LABUANBAJO,34,1451.0,1460.02,0.0,1461.02,372.02
93,KM.LABOBAR,BAUBAU,10,1418.0,1418.0,0.0,1420.0,12.0
97,KM.PANGRANGO,AMBON,2,1482.0,1482.0,1.7763568394002505e-14,1487.98,0.0
76,KM.WILIS,BIMA,14,1470.02,1470.02,0.0,1471.02,372.02
92,KM.SINABUNG,BACAN,4,1459.02,1459.02,0.0,1460.02,25.019999999999982
67,KM.SIRIMAU,DOBO,20,1417.0,1417.0,0.0,1419.0,283.0
80,KM.TIDAR,LEWOLEBA,38,1415.02,1415.02,0.0,1416.02,180.01999999999998
85,KM.DOROLONDA,NABIRE,45,1469.02,1469.02,0.0,1471.02,152.01999999999998
94,KM.WILIS,LABUANBAJO,34,1424.0,1461.02,0.0,1462.02,37.01999999999998
93,KM.LABOBAR,AMBON,2,1444.0,1460.0,0.0,1463.0,28.0
92,KM.SINABUNG,SORONG,61,1476.02,1476.02,0.0,1479.02,25.019999999999982
78,KM.PANGRANGO,AMBON,2,1480.0,1480.0,0.0,1494.0,346.0
83,KM.GUNUNGDEMPO,WASIOR,76,1449.02,1449.02,0.0,1450.02,185.01999999999998
77,KM.BINAIYA,MAKASSAR,40,1448.0,1448.0,0.0,1453.0,354.0
96,KM.BUKITRAYA,NATUNA,48,1457.0,1457.0,0.0,1460.0,0.0
72,KM.SINABUNG,SORONG,61,1451.02,1451.02,0.0,1454.02,370.02
96,KM.BUKITRAYA,MIDAI,44,1464.0,1464.0,0.0,1466.0,0.0
65,KM.EGON,SURABAYA,62,1331.0,1361.0,0.0,1365.0,457.0
67,KM.SIRIMAU,TIMIKA,70,1438.0,1438.0,0.0,1441.0,283.0
80,KM.TIDAR,KUPANG,33,1428.02,1428.02,0.0,1437.02,180.01999999999998
78,KM.PANGRANGO,NAMROLE,47,1504.0,1504.0,0.0,1506.0,346.0
73,KM.LEUSER,BAUBAU,10,1505.02,1505.02,0.0,1507.02,326.02
84,KM.SANGIANG,BANDA,6,1443.02,1466.0,0.0,1468.0,141.0
65,KM.EGON,BATULICIN,9,1390.0,1397.0,8.02,1408.0,472.02
74,KM.LABOBAR,MAKASSAR,40,1376.0,1453.0,0.0,1456.0,397.0
76,KM.WILIS,WAIKELO,72,1482.02,1482.02,0.0,1483.02,372.02
83,KM.GUNUNGDEMPO,NABIRE,45,1457.02,1471.02,0.0,1473.02,199.01999999999998
93,KM.LABOBAR,BANDA,6,1471.0,1471.0,0.0,1473.0,28.0
81,KM.LAWIT,ENDE,21,1451.0,1451.0,0.0,1453.0,247.0
79,KM.KELUD,TANJUNGPRIOK,65,1050.0,1347.0,0.0,1374.0,297.0
91,KFC.JETLINER,WANCI,74,1326.0,1326.0,0.0,1328.0,0.0
74,KM.LABOBAR,BAUBAU,10,1471.0,1471.0,0.0,1473.0,397.0
76,KM.WILIS,WAINGAPU,73,1492.02,1492.02,0.0,1496.02,372.02
79,KM.KELUD,BATAM,8,1405.0,1405.0,2.0,1412.0,299.0
71,KFC.JETLINER,WANCI,74,1298.0,1328.0,0.0,1330.0,338.0
93,KM.LABOBAR,TUAL,71,1485.0,1485.0,0.0,1488.0,28.0
72,KM.SINABUNG,MANOKWARI,41,1468.02,1468.02,0.0,1470.02,370.02
73,KM.LEUSER,WANCI,74,1515.02,1515.02,0.0,1517.02,326.02
83,KM.GUNUNGDEMPO,JAYAPURA,26,1495.02,1495.02,0.0,1501.02,199.01999999999998
86,KM.LAMBELU,MAKASSAR,40,1430.98,1456.0,0.0,1459.0,143.0
76,KM.WILIS,ENDE,21,1507.02,1507.02,0.0,1509.02,372.02
73,KM.LEUSER,NAMROLE,47,1538.02,1538.02,0.0,1540.02,326.02
76,KM.WILIS,KUPANG,33,1525.02,1525.02,0.0,1533.02,372.02
84,KM.SANGIANG,GESER,23,1478.0,1478.0,0.0,1480.0,141.0
87,KM.KELUD,BELAWAN,11,1338.0,1338.0,0.0,1359.0,32.0
80,KM.TIDAR,LEWOLEBA,38,1445.02,1445.02,0.0,1446.02,180.01999999999998
86,KM.LAMBELU,BAUBAU,10,1474.0,1474.0,0.0,1476.0,143.0
73,KM.LEUSER,AMBON,2,1550.02,1550.02,0.0,1553.02,326.02
88,KM.CIREMAI,MAKASSAR,40,1408.0,1459.0,5.0,1468.0,160.0
67,KM.SIRIMAU,AGATS,1,1453.0,1453.0,0.0,1455.0,283.0
73,KM.LEUSER,SAUMLAKI,57,1586.02,1586.02,0.0,1588.02,326.02
66,KM.KELUD,TANJUNGBALAIKARIMUN,63,1258.0,1316.0,0.0,1317.0,368.0
86,KM.LAMBELU,MAUMERE,42,1489.0,1489.0,0.0,1491.0,143.0
96,KM.BUKITRAYA,SERASAN,59,1475.0,1475.0,0.0,1478.0,0.0
80,KM.TIDAR,LARANTUKA,35,1449.02,1449.02,0.0,1450.02,180.01999999999998
94,KM.WILIS,BIMA,14,1471.02,1471.02,0.0,1472.02,37.01999999999998
77,KM.BINAIYA,AWERANGE,3,1459.0,1459.0,0.0,1461.0,354.0
77,KM.BINAIYA,BONTANG,17,1488.0,1488.0,0.0,1491.0,354.0
93,KM.LABOBAR,DOBO,20,1496.0,1496.0,0.0,1499.0,28.0
85,KM.DOROLONDA,WAREN,75,1478.02,1478.02,0.0,1480.02,152.01999999999998
75,KM.BUKITRAYA,SERASAN,59,1168.0,1478.0,0.0,1481.0,363.0
71,KFC.JETLINER,KENDARI,30,1343.0,1343.0,0.0,1345.0,338.0
73,KM.LEUSER,TUAL,71,1607.02,1607.02,0.0,1611.02,326.02
81,KM.LAWIT,KALABAHI,28,1472.0,1472.0,0.0,1474.0,247.0
74,KM.LABOBAR,AMBON,2,1497.0,1497.0,0.0,1500.0,397.0
67,KM.SIRIMAU,MERAUKE,43,1502.0,1579.0,15.0,1603.0,375.0
74,KM.LABOBAR,BANDA,6,1508.0,1508.0,0.0,1510.0,397.0
94,KM.WILIS,WAIKELO,72,1483.02,1483.02,0.0,1484.02,37.01999999999998
76,KM.WILIS,KALABAHI,28,1550.02,1550.02,0.0,1562.02,372.02
70,KM.BUKITSIGUNTANG,MAUMERE,42,1435.98,1491.0,0.0,1493.0,417.0
97,KM.PANGRANGO,BANDA,6,1502.0,1510.0,0.0,1512.0,8.0
95,KM.BINAIYA,PAREPARE,51,1441.0,1441.0,0.0,1443.0,0.0
85,KM.DOROLONDA,JAYAPURA,26,1500.02,1501.02,0.0,1506.02,153.01999999999998
83,KM.GUNUNGDEMPO,NABIRE,45,1524.02,1524.02,0.0,1526.02,199.01999999999998
97,KM.PANGRANGO,SAUMLAKI,57,1539.0,1588.02,1.7763568394002505e-14,1593.0,57.01999999999998
72,KM.SINABUNG,BIAK,13,1480.02,1480.02,0.0,1482.02,370.02
77,KM.BINAIYA,PAREPARE,51,1518.0,1518.0,0.0,1520.0,354.0
96,KM.BUKITRAYA,PONTIANAK,52,1496.0,1496.0,1.0,1506.0,1.0
88,KM.CIREMAI,BAUBAU,10,1484.0,1484.0,0.0,1486.0,160.0
97,KM.PANGRANGO,BANDA,6,1622.02,1622.02,0.0,1624.02,57.01999999999998
73,KM.LEUSER,DOBO,20,1622.02,1622.02,0.0,1625.02,326.02
85,KM.DOROLONDA,WAREN,75,1525.02,1525.02,0.0,1527.02,153.01999999999998
67,KM.SIRIMAU,AGATS,1,1650.0,1650.0,0.0,1652.0,375.0
89,KM.BUKITSIGUNTANG,NUNUKAN,49,1362.98,1368.98,0.0,1371.98,35.98000000000002
95,KM.BINAIYA,BONTANG,17,1470.0,1491.0,0.0,1494.0,21.0
89,KM.BUKITSIGUNTANG,BALIKPAPAN,5,1398.98,1406.98,0.0,1408.98,43.98000000000002
65,KM.EGON,PAREPARE,51,1428.02,1520.0,0.0,1523.0,564.0
65,KM.EGON,BONTANG,17,1548.0,1548.0,3.0,1555.0,567.0
72,KM.SINABUNG,JAYAPURA,26,1502.02,1506.02,0.0,1510.02,374.02
91,KFC.JETLINER,KENDARI,30,1341.0,1345.0,0.0,1347.0,4.0
94,KM.WILIS,WAINGAPU,73,1493.02,1496.02,0.0,1500.02,40.01999999999998
95,KM.BINAIYA,PAREPARE,51,1521.0,1523.0,0.0,1525.0,23.0
84,KM.SANGIANG,FAKFAK,22,1492.0,1492.0,0.0,1501.0,141.0
95,KM.BINAIYA,MAKASSAR,40,1531.0,1531.0,0.0,1536.0,23.0
91,KFC.JETLINER,RAHA,53,1355.0,1355.0,0.0,1356.0,4.0
92,KM.SINABUNG,MANOKWARI,41,1493.02,1493.02,0.0,1495.02,25.019999999999982
81,KM.LAWIT,KUPANG,33,1487.0,1487.0,0.0,1491.0,247.0
73,KM.LEUSER,TIMIKA,70,1644.02,1651.0,0.020000000000000018,1653.0,333.02
77,KM.BINAIYA,BONTANG,17,1547.0,1555.0,0.0,1559.0,362.0
66,KM.KELUD,BELAWAN,11,1339.0,1359.0,0.0,1379.0,388.0
78,KM.PANGRANGO,AMBON,2,1516.0,1516.0,1.7763568394002505e-14,1521.98,346.0
79,KM.KELUD,TANJUNGBALAIKARIMUN,63,1415.0,1415.0,0.0,1416.0,299.0
77,KM.BINAIYA,AWERANGE,3,1586.0,1586.0,0.0,1588.0,362.0
94,KM.WILIS,ENDE,21,1511.02,1511.02,0.0,1513.02,40.01999999999998
93,KM.LABOBAR,KAIMANA,27,1508.0,1508.0,0.0,1511.0,28.0
86,KM.LAMBELU,LARANTUKA,35,1496.0,1496.0,0.0,1498.0,143.0
75,KM.BUKITRAYA,PONTIANAK,52,1499.0,1508.0,20.0,1530.0,392.0
74,KM.LABOBAR,TUAL,71,1522.0,1611.02,1.8207657603852567e-14,1614.0,486.02
66,KM.KELUD,TANJUNGBALAIKARIMUN,63,1401.0,1416.0,0.0,1417.0,403.0
97,KM.PANGRANGO,AMBON,2,1638.02,1638.02,0.0,1658.02,57.01999999999998
89,KM.BUKITSIGUNTANG,PAREPARE,51,1423.98,1525.0,0.0,1529.0,145.0
86,KM.LAMBELU,BAUBAU,10,1510.0,1510.0,0.0,1512.0,143.0
81,KM.LAWIT,ROTE,54,1496.0,1496.0,0.0,1498.0,247.0
93,KM.LABOBAR,FAKFAK,22,1521.0,1521.0,0.0,1526.0,28.0
76,KM.WILIS,KUPANG,33,1578.02,1578.02,0.0,1586.02,372.02
78,KM.PANGRANGO,BANDA,6,1536.0,1624.02,0.0,1626.02,434.02
89,KM.BUKITSIGUNTANG,MAKASSAR,40,1534.0,1534.0,1.8207657603852567e-14,1536.98,145.0
81,KM.LAWIT,KUPANG,33,1503.0,1533.02,0.0,1537.02,277.02
73,KM.LEUSER,AGATS,1,1665.02,1666.0,3.0,1673.0,337.0
93,KM.LABOBAR,KAIMANA,27,1536.0,1536.0,0.0,1538.0,28.0
73,KM.LEUSER,MERAUKE,43,1718.0,1718.0,0.019999999999999574,1729.0,337.02
87,KM.KELUD,TANJUNGBALAIKARIMUN,63,1381.0,1417.0,0.0,1418.0,68.0
70,KM.BUKITSIGUNTANG,LEWOLEBA,38,1499.0,1499.0,0.0,1501.0,417.0
86,KM.LAMBELU,MAKASSAR,40,1527.0,1536.0,0.0,1540.0,152.0
80,KM.TIDAR,MAUMERE,42,1455.02,1493.0,0.0,1494.0,218.0
70,KM.BUKITSIGUNTANG,KUPANG,33,1508.0,1537.02,0.0,1543.02,446.02
89,KM.BUKITSIGUNTANG,MAUMERE,42,1555.0,1555.0,0.0,1557.0,145.0
82,KFC.JETLINER,KENDARI,30,1267.0,1347.0,0.0,1349.0,174.0
96,KM.BUKITRAYA,SURABAYA,62,1553.0,1553.0,0.0,1558.0,1.0
92,KM.SINABUNG,BIAK,13,1504.02,1504.02,0.0,1506.02,25.019999999999982
72,KM.SINABUNG,BIAK,13,1534.02,1534.02,0.0,1536.02,374.02
95,KM.BINAIYA,LABUANBAJO,34,1556.0,1556.0,0.0,1558.0,23.0
74,KM.LABOBAR,DOBO,20,1622.02,1625.02,0.0,1628.02,489.02
86,KM.LAMBELU,PAREPARE,51,1545.0,1545.0,0.0,1550.0,152.0
74,KM.LABOBAR,KAIMANA,27,1637.02,1637.02,0.0,1639.02,489.02
72,KM.SINABUNG,MANOKWARI,41,1546.02,1546.02,0.0,1548.02,374.02
93,KM.LABOBAR,DOBO,20,1547.0,1628.02,0.0,1630.02,109.01999999999998
76,KM.WILIS,ENDE,21,1602.02,1602.02,0.0,1604.02,372.02
81,KM.LAWIT,KALABAHI,28,1550.02,1562.02,0.0,1564.02,289.02
77,KM.BINAIYA,MAKASSAR,40,1594.0,1594.0,0.0,1598.0,362.0
72,KM.SINABUNG,SORONG,61,1563.02,1563.02,0.0,1565.02,374.02
95,KM.BINAIYA,BIMA,14,1566.0,1566.0,0.0,1567.0,23.0
70,KM.BUKITSIGUNTANG,LEWOLEBA,38,1550.02,1550.02,0.0,1552.02,446.02
96,KM.BUKITRAYA,PONTIANAK,52,1611.0,1611.0,0.0,1613.0,1.0
73,KM.LEUSER,AGATS,1,1768.02,1769.0,0.0,1771.0,338.0
78,KM.PANGRANGO,SAUMLAKI,57,1653.02,1653.02,1.7763568394002505e-14,1658.0,434.02
88,KM.CIREMAI,AMBON,2,1512.0,1554.0,0.0,1557.0,202.0
75,KM.BUKITRAYA,SURABAYA,62,1581.0,1581.0,0.0,1587.0,392.0
80,KM.TIDAR,BAUBAU,10,1508.0,1508.0,0.0,1510.0,218.0
72,KM.SINABUNG,BACAN,4,1581.02,1581.02,0.0,1582.02,374.02
85,KM.DOROLONDA,NABIRE,45,1533.02,1533.02,0.0,1535.02,153.01999999999998
76,KM.WILIS,WAINGAPU,73,1615.02,1615.02,0.0,1617.02,372.02
67,KM.SIRIMAU,TIMIKA,70,1666.0,1675.0,0.0,1677.0,384.0
65,KM.EGON,PAREPARE,51,1580.0,1580.0,0.0,1583.0,567.0
84,KM.SANGIANG,GESER,23,1514.0,1514.0,0.0,1516.0,141.0
88,KM.CIREMAI,SORONG,61,1579.0,1583.0,0.0,1586.0,206.0
73,KM.LEUSER,TIMIKA,70,1783.0,1783.0,0.0,1785.0,338.0
85,KM.DOROLONDA,MANOKWARI,41,1545.02,1548.02,0.0,1550.02,156.01999999999998
96,KM.BUKITRAYA,SERASAN,59,1628.0,1628.0,0.0,1630.0,1.0
86,KM.LAMBELU,BALIKPAPAN,5,1566.0,1566.0,1.8207657603852567e-14,1567.98,152.0
91,KFC.JETLINER,KENDARI,30,1364.0,1364.0,0.0,1366.0,4.0
73,KM.LEUSER,DOBO,20,1803.0,1803.0,0.0,1805.0,338.0
79,KM.KELUD,BELAWAN,11,1438.0,1438.0,0.0,1461.0,299.0
79,KM.KELUD,TANJUNGBALAIKARIMUN,63,1483.0,1483.0,0.0,1484.0,299.0
95,KM.BINAIYA,BENOA,12,1590.0,1590.0,0.0,1594.0,23.0
95,KM.BINAIYA,BIMA,14,1617.0,1617.0,0.0,1620.0,23.0
92,KM.SINABUNG,JAYAPURA,26,1527.02,1527.02,0.0,1533.02,25.019999999999982
75,KM.BUKITRAYA,PONTIANAK,52,1640.0,1640.0,15.0,1657.0,407.0
73,KM.LEUSER,TUAL,71,1815.0,1815.0,0.0,1819.0,338.0
97,KM.PANGRANGO,BANDA,6,1672.02,1672.02,0.0,1674.02,57.01999999999998
84,KM.SANGIANG,BANDA,6,1526.0,1674.02,0.0,1676.02,289.02
83,KM.GUNUNGDEMPO,WASIOR,76,1533.02,1533.02,0.0,1534.02,199.01999999999998
73,KM.LEUSER,SAUMLAKI,57,1838.0,1838.0,0.0,1840.0,338.0
80,KM.TIDAR,MAKASSAR,40,1526.0,1540.0,0.0,1544.0,232.0
95,KM.BINAIYA,WAINGAPU,73,1634.0,1634.0,0.0,1636.0,23.0
67,KM.SIRIMAU,DOBO,20,1695.0,1805.0,0.0,1807.0,494.0
95,KM.BINAIYA,ENDE,21,1645.0,1645.0,0.0,1647.0,23.0
70,KM.BUKITSIGUNTANG,MAUMERE,42,1558.02,1558.02,0.0,1560.02,446.02
65,KM.EGON,BONTANG,17,1607.0,1618.0,0.0,1625.0,578.0
92,KM.SINABUNG,BIAK,13,1554.02,1554.02,0.0,1556.02,25.019999999999982
75,KM.BUKITRAYA,SERASAN,59,1671.0,1671.0,0.0,1673.0,407.0
73,KM.LEUSER,AMBON,2,1872.0,1872.0,0.0,1875.0,338.0
71,KFC.JETLINER,RAHA,53,1353.0,1356.0,0.0,1357.0,341.0
82,KFC.JETLINER,RAHA,53,1357.0,1357.0,0.0,1358.0,174.0
94,KM.WILIS,KUPANG,33,1529.02,1543.02,0.0,1551.02,54.01999999999998
75,KM.BUKITRAYA,MIDAI,44,1681.0,1681.0,0.0,1683.0,407.0
67,KM.SIRIMAU,TUAL,71,1819.0,1819.0,0.0,1824.0,494.0
89,KM.BUKITSIGUNTANG,LEWOLEBA,38,1563.0,1563.0,0.0,1565.0,145.0
76,KM.WILIS,WAIKELO,72,1626.02,1626.02,0.0,1627.02,372.02
66,KM.KELUD,BATAM,8,1420.0,1420.0,0.0,1423.0,403.0
74,KM.LABOBAR,FAKFAK,22,1649.02,1649.02,0.0,1653.02,489.02
70,KM.BUKITSIGUNTANG,MAKASSAR,40,1578.02,1578.02,0.0,1584.02,446.02
78,KM.PANGRANGO,BANDA,6,1687.02,1687.02,0.0,1689.02,434.02
83,KM.GUNUNGDEMPO,MANOKWARI,41,1541.02,1550.02,1.8207657603852567e-14,1552.0,208.01999999999998
94,KM.WILIS,KALABAHI,28,1568.02,1568.02,0.0,1580.02,54.01999999999998
65,KM.EGON,PAREPARE,51,1650.0,1650.0,0.0,1652.0,578.0
92,KM.SINABUNG,MANOKWARI,41,1565.02,1565.02,0.0,1567.02,25.019999999999982
67,KM.SIRIMAU,SAUMLAKI,57,1844.0,1844.0,0.0,1846.0,494.0
70,KM.BUKITSIGUNTANG,PAREPARE,51,1589.02,1652.0,0.0,1656.0,509.0
65,KM.EGON,BATULICIN,9,1674.0,1674.0,0.0,1677.0,578.0
72,KM.SINABUNG,TERNATE,68,1589.02,1589.02,0.0,1591.02,374.02
74,KM.LABOBAR,KAIMANA,27,1663.02,1663.02,1.8207657603852567e-14,1665.0,489.02
77,KM.BINAIYA,LABUANBAJO,34,1617.0,1617.0,0.0,1619.0,362.0
92,KM.SINABUNG,SORONG,61,1581.02,1581.02,0.0,1583.02,25.019999999999982
97,KM.PANGRANGO,SAUMLAKI,57,1701.02,1846.0,0.0,1850.0,202.0
80,KM.TIDAR,SURABAYA,62,1574.0,1574.0,1.8207657603852567e-14,1575.98,232.0
92,KM.SINABUNG,BACAN,4,1598.02,1598.02,0.0,1599.02,25.019999999999982
67,KM.SIRIMAU,KALABAHI,28,1889.0,1889.0,0.0,1891.0,494.0
89,KM.BUKITSIGUNTANG,KUPANG,33,1572.0,1572.0,0.0,1578.0,145.0
89,KM.BUKITSIGUNTANG,LEWOLEBA,38,1585.0,1585.0,0.0,1587.0,145.0
93,KM.LABOBAR,TUAL,71,1637.02,1824.0,0.0,1826.0,296.0
86,KM.LAMBELU,PANTOLOAN,50,1581.0,1581.0,0.0,1583.0,152.0
79,KM.KELUD,BATAM,8,1487.0,1487.0,0.0,1490.0,299.0
86,KM.LAMBELU,TARAKAN,66,1602.0,1602.0,0.0,1606.0,152.0
89,KM.BUKITSIGUNTANG,MAUMERE,42,1593.0,1593.0,0.0,1595.0,145.0
75,KM.BUKITRAYA,NATUNA,48,1687.0,1687.0,0.0,1689.0,407.0
82,KFC.JETLINER,KENDARI,30,1366.0,1366.0,0.0,1368.0,174.0
96,KM.BUKITRAYA,MIDAI,44,1638.0,1683.0,0.0,1684.0,46.0
92,KM.SINABUNG,TERNATE,68,1605.02,1605.02,0.0,1607.02,25.019999999999982
86,KM.LAMBELU,NUNUKAN,49,1612.0,1612.0,0.0,1615.0,152.0
85,KM.DOROLONDA,SORONG,61,1562.02,1583.02,0.0,1586.02,177.01999999999998
84,KM.SANGIANG,AMBON,2,1694.02,1694.02,1.7763568394002505e-14,1705.0,289.02
74,KM.LABOBAR,DOBO,20,1674.02,1807.0,0.0,1809.0,622.0
67,KM.SIRIMAU,KUPANG,33,1904.0,1904.0,1.7763568394002505e-14,1909.98,494.0
75,KM.BUKITRAYA,TAREMPA,67,1700.0,1700.0,0.0,1702.0,407.0
96,KM.BUKITRAYA,NATUNA,48,1688.0,1689.0,0.0,1691.0,47.0
89,KM.BUKITSIGUNTANG,MAKASSAR,40,1624.0,1624.0,0.0,1627.0,145.0
91,KFC.JETLINER,WANCI,74,1379.0,1517.02,0.0,1519.02,142.01999999999998
89,KM.BUKITSIGUNTANG,PAREPARE,51,1632.0,1656.0,0.0,1658.0,169.0
88,KM.CIREMAI,AMBON,2,1609.0,1705.0,0.0,1708.0,302.0
75,KM.BUKITRAYA,LETUNG,37,1706.0,1706.0,0.0,1707.0,407.0
95,KM.BINAIYA,KUPANG,33,1660.0,1660.0,0.0,1664.0,23.0
85,KM.DOROLONDA,AMBON,2,1606.02,1708.0,0.0,1711.0,279.0
77,KM.BINAIYA,BIMA,14,1627.0,1627.0,0.0,1628.0,362.0
67,KM.SIRIMAU,LEWOLEBA,38,1922.0,1922.0,0.0,1924.0,494.0
84,KM.SANGIANG,NAMLEA,46,1716.02,1716.02,0.0,1721.02,289.02
89,KM.BUKITSIGUNTANG,BALIKPAPAN,5,1674.0,1674.0,0.0,1675.0,169.0
74,KM.LABOBAR,TUAL,71,1816.0,1826.0,0.0,1828.0,632.0
75,KM.BUKITRAYA,KIJANG,31,1721.0,1721.0,0.0,1724.0,407.0
67,KM.SIRIMAU,MAUMERE,42,1934.0,1934.0,0.0,1936.0,494.0
71,KFC.JETLINER,KENDARI,30,1365.0,1368.0,0.0,1370.0,344.0
71,KFC.JETLINER,WANCI,74,1383.0,1519.02,0.0,1521.02,480.02
93,KM.LABOBAR,BANDA,6,1839.0,1839.0,0.0,1841.0,296.0
88,KM.CIREMAI,BAUBAU,10,1735.0,1735.0,0.0,1737.0,302.0
93,KM.LABOBAR,AMBON,2,1849.0,1849.0,0.0,1851.0,296.0
82,KFC.JETLINER,WANCI,74,1381.0,1521.02,0.0,1523.02,314.02
95,KM.BINAIYA,ENDE,21,1677.0,1677.0,1.8207657603852567e-14,1678.98,23.0
96,KM.BUKITRAYA,TAREMPA,67,1702.0,1702.0,1.8207657603852567e-14,1702.98,47.0
76,KM.WILIS,BIMA,14,1638.02,1638.02,0.0,1640.02,372.02
85,KM.DOROLONDA,NAMLEA,46,1716.0,1721.02,0.0,1723.02,284.02
70,KM.BUKITSIGUNTANG,BALIKPAPAN,5,1672.0,1675.0,0.0,1677.0,512.0
88,KM.CIREMAI,MAKASSAR,40,1754.0,1757.0,8.0,1768.0,313.0
73,KM.LEUSER,NAMROLE,47,1885.0,1885.0,0.0,1887.0,338.0
94,KM.WILIS,KUPANG,33,1596.02,1664.0,0.0,1672.0,122.0
72,KM.SINABUNG,BITUNG,15,1601.02,1601.02,0.0,1603.02,374.02
94,KM.WILIS,ENDE,21,1688.0,1688.0,0.0,1690.0,122.0
73,KM.LEUSER,WANCI,74,1907.0,1907.0,0.0,1908.0,338.0
71,KFC.JETLINER,KENDARI,30,1534.02,1534.02,0.0,1553.02,480.02
94,KM.WILIS,WAINGAPU,73,1701.0,1701.0,0.0,1703.0,122.0
92,KM.SINABUNG,BITUNG,15,1616.02,1616.02,0.0,1618.02,25.019999999999982
89,KM.BUKITSIGUNTANG,TARAKAN,66,1699.0,1699.0,0.0,1701.0,169.0
67,KM.SIRIMAU,BAUBAU,10,1956.0,1956.0,1.8207657603852567e-14,1957.98,494.0
93,KM.LABOBAR,BAUBAU,10,1876.0,1876.0,0.0,1878.0,296.0
74,KM.LABOBAR,BANDA,6,1841.0,1841.0,0.0,1842.0,632.0
77,KM.BINAIYA,BENOA,12,1651.0,1651.0,0.0,1665.0,362.0
76,KM.WILIS,LABUANBAJO,34,1649.02,1649.02,0.0,1650.02,372.02
78,KM.PANGRANGO,AMBON,2,1703.02,1851.0,0.0,1871.0,582.0
70,KM.BUKITSIGUNTANG,TARAKAN,66,1701.0,1701.0,0.0,1705.0,512.0
81,KM.LAWIT,ENDE,21,1583.02,1690.0,1.8207657603852567e-14,1691.98,396.0
85,KM.DOROLONDA,BAUBAU,10,1747.02,1878.0,0.0,1880.0,415.0
78,KM.PANGRANGO,BANDA,6,1885.0,1885.0,0.0,1887.0,582.0
82,KFC.JETLINER,KENDARI,30,1536.02,1553.02,0.0,1572.02,331.02
85,KM.DOROLONDA,MAKASSAR,40,1895.0,1895.0,0.0,1898.0,415.0
83,KM.GUNUNGDEMPO,SORONG,61,1566.02,1586.0,0.0,1589.0,228.0
94,KM.WILIS,WAIKELO,72,1712.0,1712.0,0.0,1713.0,122.0
81,KM.LAWIT,WAINGAPU,73,1702.0,1703.0,0.0,1706.0,397.0
89,KM.BUKITSIGUNTANG,NUNUKAN,49,1707.0,1707.0,0.0,1709.0,169.0
86,KM.LAMBELU,BALIKPAPAN,5,1642.0,1677.0,0.0,1679.0,187.0
73,KM.LEUSER,BAUBAU,10,1916.0,1916.0,0.0,1918.0,338.0
94,KM.WILIS,BIMA,14,1724.0,1724.0,0.0,1726.0,122.0
83,KM.GUNUNGDEMPO,MAKASSAR,40,1638.0,1768.0,0.0,1770.0,358.0
74,KM.LABOBAR,AMBON,2,1850.0,1871.0,0.0,1873.0,653.0
97,KM.PANGRANGO,BANDA,6,1878.0,1887.0,0.0,1889.0,211.0
70,KM.BUKITSIGUNTANG,NUNUKAN,49,1711.0,1711.0,0.0,1713.0,512.0
94,KM.WILIS,LABUANBAJO,34,1735.0,1735.0,0.0,1736.0,122.0
82,KFC.JETLINER,WANCI,74,1585.02,1908.0,0.0,1910.0,654.0
83,KM.GUNUNGDEMPO,SURABAYA,62,1797.0,1797.0,0.0,1799.0,358.0
74,KM.LABOBAR,BAUBAU,10,1898.0,1918.0,0.0,1920.0,673.0
89,KM.BUKITSIGUNTANG,BALIKPAPAN,5,1736.0,1736.0,0.0,1737.0,169.0
91,KFC.JETLINER,KENDARI,30,1532.02,1572.02,0.0,1591.02,182.01999999999998
75,KM.BUKITRAYA,BLINYU,16,1740.0,1740.0,0.0,1741.0,407.0
86,KM.LAMBELU,PAREPARE,51,1695.0,1695.0,0.0,1697.0,187.0
73,KM.LEUSER,MAKASSAR,40,1941.0,1941.0,0.0,1945.0,338.0
92,KM.SINABUNG,BANGGAI,7,1634.02,1634.02,0.0,1636.02,25.019999999999982
89,KM.BUKITSIGUNTANG,PAREPARE,51,1753.0,1753.0,0.0,1755.0,169.0
80,KM.TIDAR,TANJUNGPRIOK,65,1604.0,1604.0,0.0,1607.0,232.0
81,KM.LAWIT,BIMA,14,1721.0,1726.0,0.0,1728.0,402.0
92,KM.SINABUNG,BAUBAU,10,1653.02,1920.0,0.0,1922.0,292.0
72,KM.SINABUNG,BANGGAI,7,1619.02,1636.02,0.0,1638.02,391.02
73,KM.LEUSER,LABUANBAJO,34,1964.0,1964.0,0.0,1965.0,338.0
78,KM.PANGRANGO,SAUMLAKI,57,1914.0,1914.0,0.0,1918.0,582.0
74,KM.LABOBAR,MAKASSAR,40,1934.0,1934.0,0.0,1936.0,673.0
92,KM.SINABUNG,MAKASSAR,40,1938.0,1938.0,0.0,1940.0,292.0
88,KM.CIREMAI,SURABAYA,62,1799.0,1799.0,1.8207657603852567e-14,1800.98,313.0
81,KM.LAWIT,BENOA,12,1750.0,1750.0,0.0,1753.0,402.0
84,KM.SANGIANG,SANANA,56,1735.02,1735.02,0.0,1737.02,289.02
96,KM.BUKITRAYA,LETUNG,37,1707.0,1707.0,0.0,1708.0,47.0
95,KM.BINAIYA,WAINGAPU,73,1688.0,1706.0,0.0,1707.0,41.0
94,KM.WILIS,MAKASSAR,40,1760.0,1940.0,0.0,1943.0,302.0
91,KFC.JETLINER,WANCI,74,1604.02,1910.0,0.0,1912.0,488.0
95,KM.BINAIYA,BIMA,14,1721.0,1728.0,0.0,1729.0,48.0
65,KM.EGON,SURABAYA,62,1702.0,1799.0,1.8207657603852567e-14,1802.98,675.0
67,KM.SIRIMAU,WANCI,74,1966.0,1966.0,0.0,1968.0,494.0
71,KFC.JETLINER,WANCI,74,1566.02,1968.0,0.0,1970.0,882.0
65,KM.EGON,LEMBAR,36,1825.0,1825.0,0.0,1890.0,675.0
72,KM.SINABUNG,BAUBAU,10,1656.02,1922.0,0.0,1924.0,657.0
77,KM.BINAIYA,LABUANBAJO,34,1692.0,1965.0,0.0,1968.0,635.0
96,KM.BUKITRAYA,KIJANG,31,1722.0,1724.0,0.0,1727.0,49.0
84,KM.SANGIANG,BACAN,4,1758.02,1758.02,0.0,1760.02,289.02
78,KM.PANGRANGO,BANDA,6,1946.0,1946.0,0.0,1948.0,582.0
73,KM.LEUSER,BIMA,14,1973.0,1973.0,0.0,1974.0,338.0
73,KM.LEUSER,BENOA,12,1998.0,1998.0,0.0,2000.0,338.0
93,KM.LABOBAR,MAKASSAR,40,1892.0,1943.0,0.0,1945.0,347.0
72,KM.SINABUNG,MAKASSAR,40,1941.0,1945.0,0.0,1947.0,661.0
81,KM.LAWIT,SURABAYA,62,1783.0,1800.98,0.0,1803.98,419.98
84,KM.SANGIANG,TERNATE,68,1772.02,1772.02,0.0,1774.02,289.02
70,KM.BUKITSIGUNTANG,BALIKPAPAN,5,1740.0,1740.0,0.0,1742.0,512.0
67,KM.SIRIMAU,AMBON,2,1998.0,1998.0,0.0,2001.0,494.0
74,KM.LABOBAR,SURABAYA,62,1964.0,1964.0,0.0,1967.0,673.0
93,KM.LABOBAR,SURABAYA,62,1973.0,1973.0,0.0,1976.0,347.0
87,KM.KELUD,BATAM,8,1421.0,1490.0,0.0,1492.0,137.0
70,KM.BUKITSIGUNTANG,PAREPARE,51,1758.0,1758.0,0.0,1762.0,512.0
76,KM.WILIS,MAKASSAR,40,1674.02,1945.0,0.0,1948.0,643.0
96,KM.BUKITRAYA,BLINYU,16,1743.0,1743.0,0.0,1744.0,49.0
108,KM.SIRIMAU,SORONG,61,1538.0,1586.02,0.0,1592.02,48.01999999999998
104,KM.DOROLONDA,SURABAYA,62,1511.0,1967.0,0.0,1978.0,456.0
127,KM.EGON,WAINGAPU,73,1857.0,1858.0,0.0,1874.0,1.0
108,KM.SIRIMAU,AMBON,2,1626.02,1875.0,0.0,1878.0,297.0
114,KM.WILIS,BATULICIN,9,1671.0,1677.0,0.0,1680.0,6.0
119,KM.BINAIYA,BENOA,12,1704.0,2000.0,0.0,2008.0,296.0
121,KM.TIDAR,KIJANG,31,1740.0,1740.0,0.0,1743.0,0.0
109,KM.BUKITSIGUNTANG,MAKASSAR,40,1591.0,1947.0,0.0,1966.0,356.0
103,KM.SANGIANG,BITUNG,15,1505.0,1618.02,0.0,1639.02,113.01999999999998
102,KM.GUNUNGDEMPO,TANJUNGPRIOK,65,1467.0,1467.0,0.0,1480.0,0.0
122,KM.LAWIT,KUMAI,32,1752.0,1755.0,0.0,1757.0,3.0
101,KFC.JETLINER,KENDARI,30,1437.0,1591.02,0.0,1601.02,154.01999999999998
107,KM.KELUD,TANJUNGPRIOK,65,1532.0,1532.0,0.0,1543.0,0.0
98,KM.KELUD,TANJUNGPRIOK,65,1385.0,1543.0,0.0,1552.0,158.0
105,KM.CIREMAI,TANJUNGPRIOK,65,1515.0,1552.0,0.0,1560.0,37.0
112,KM.TILONGKABILA,BENOA,12,1641.0,2008.0,0.0,2031.0,367.0
125,KM.KELUD,TANJUNGPRIOK,65,1845.0,1845.0,0.0,1853.0,0.0
125,KM.KELUD,BATAM,8,1884.0,1884.0,0.0,1888.0,0.0
119,KM.BINAIYA,BIMA,14,2031.0,2031.0,0.0,2033.0,296.0
99,KM.TIDAR,KIJANG,31,1409.0,1743.0,0.0,1747.0,334.0
124,KFC.JETLINER,KENDARI,30,1773.0,1773.0,0.0,1783.0,0.0
122,KM.LAWIT,SURABAYA,62,1785.0,1976.0,0.0,1982.0,194.0
106,KM.LAMBELU,MAKASSAR,40,1515.0,1948.0,0.0,1956.0,433.0
102,KM.GUNUNGDEMPO,SURABAYA,62,1505.0,1978.0,0.0,1983.0,473.0
121,KM.TIDAR,TANJUNGPRIOK,65,1779.0,1779.0,0.0,1789.0,0.0
121,KM.TIDAR,SURABAYA,62,1818.0,1982.0,0.0,1984.0,164.0
114,KM.WILIS,MAKASSAR,40,1710.0,1956.0,0.0,1964.0,252.0
112,KM.TILONGKABILA,LEMBAR,36,2037.0,2037.0,0.0,2039.0,367.0
109,KM.BUKITSIGUNTANG,PAREPARE,51,1971.0,1971.0,0.0,1975.0,356.0
101,KFC.JETLINER,WANCI,74,1614.02,1970.0,0.0,1972.0,510.0
108,KM.SIRIMAU,WANCI,74,1910.0,1972.0,0.0,1974.0,359.0
123,KM.SANGIANG,BITUNG,15,1769.0,1769.0,0.0,1791.0,0.0
123,KM.SANGIANG,TERNATE,68,1812.0,1812.0,0.0,1816.0,0.0
126,KM.LAMBELU,MAKASSAR,40,1851.0,1964.0,0.0,1972.0,113.0
99,KM.TIDAR,TANJUNGPRIOK,65,1783.0,1789.0,0.0,1796.0,340.0
108,KM.SIRIMAU,BAUBAU,10,1984.0,1984.0,0.0,1988.0,359.0
106,KM.LAMBELU,PAREPARE,51,1961.0,1975.0,0.0,1978.0,447.0
102,KM.GUNUNGDEMPO,MAKASSAR,40,2010.0,2010.0,0.0,2014.0,473.0
118,KM.PANGRANGO,AMBON,2,1692.0,1878.0,0.0,1906.0,186.0
113,KM.LABOBAR,TANJUNGPRIOK,65,1654.0,1796.0,0.0,1814.0,142.0
100,KM.LAWIT,KUMAI,32,1413.0,1757.0,4.02,1764.0,348.02
124,KFC.JETLINER,WANCI,74,1796.0,1974.0,0.0,1976.0,178.0
113,KM.LABOBAR,SURABAYA,62,1839.0,1983.0,0.0,1987.0,286.0
104,KM.DOROLONDA,MAKASSAR,40,2006.0,2006.0,0.0,2009.0,456.0
123,KM.SANGIANG,BACAN,4,1829.0,1829.0,0.0,1831.0,0.0
99,KM.TIDAR,SURABAYA,62,1824.0,1984.0,0.0,1986.0,500.0
110,KM.DOBONSOLO,TANJUNGPRIOK,65,1602.0,1814.0,0.0,1827.0,212.0
126,KM.LAMBELU,PAREPARE,51,1977.0,1978.0,0.0,1981.0,114.0
120,KM.BUKITRAYA,TANJUNGPRIOK,65,1723.0,1827.0,0.0,1842.0,104.0
99,KM.TIDAR,MAKASSAR,40,2016.0,2016.0,0.0,2019.0,500.0
111,KFC.JETLINER,KENDARI,30,1605.0,1783.0,0.0,1793.0,178.0
99,KM.TIDAR,BAUBAU,10,2035.0,2035.0,0.0,2038.0,500.0
118,KM.PANGRANGO,BANDA,6,1920.0,1948.0,0.0,1982.0,214.0
98,KM.KELUD,BATAM,8,1583.0,1888.0,0.0,1892.0,463.0
126,KM.LAMBELU,BALIKPAPAN,5,1997.0,1997.0,0.0,1999.0,114.0
106,KM.LAMBELU,BALIKPAPAN,5,1994.0,1999.0,0.0,2001.0,452.0
104,KM.DOROLONDA,BAUBAU,10,2024.0,2024.0,0.0,2026.0,456.0
113,KM.LABOBAR,MAKASSAR,40,2014.0,2014.0,0.0,2017.0,286.0
125,KM.KELUD,TANJUNGBALAIKARIMUN,63,1891.0,1891.0,0.0,1892.0,0.0
123,KM.SANGIANG,SANANA,56,1854.0,1854.0,0.0,1856.0,0.0
112,KM.TILONGKABILA,BIMA,14,2057.0,2057.0,0.0,2061.0,367.0
104,KM.DOROLONDA,NAMLEA,46,2050.0,2050.0,0.0,2052.0,456.0
110,KM.DOBONSOLO,SURABAYA,62,1853.0,1986.0,0.0,1990.0,345.0
126,KM.LAMBELU,PAREPARE,51,2016.0,2016.0,0.0,2018.0,114.0
122,KM.LAWIT,KUMAI,32,2011.0,2011.0,3.0,2017.0,197.0
105,KM.CIREMAI,SURABAYA,62,1585.0,1987.0,0.0,1990.0,439.0
110,KM.DOBONSOLO,MAKASSAR,40,2020.0,2030.0,0.0,2033.0,355.0
126,KM.LAMBELU,MAKASSAR,40,2023.0,2023.0,0.0,2025.0,114.0
102,KM.GUNUNGDEMPO,BAUBAU,10,2028.0,2028.0,0.0,2030.0,473.0
118,KM.PANGRANGO,AMBON,2,1996.0,1996.0,0.0,2034.0,214.0
105,KM.CIREMAI,MAKASSAR,40,2019.0,2030.0,0.0,2033.0,450.0
106,KM.LAMBELU,TARAKAN,66,2027.0,2027.0,0.0,2030.0,452.0
113,KM.LABOBAR,BAUBAU,10,2032.0,2032.0,0.0,2034.0,286.0
121,KM.TIDAR,MAKASSAR,40,2014.0,2033.0,0.0,2036.0,183.0
126,KM.LAMBELU,PAREPARE,51,2030.0,2030.0,0.0,2032.0,114.0
114,KM.WILIS,LABUANBAJO,34,1988.0,1988.0,0.0,1989.0,252.0
112,KM.TILONGKABILA,LABUANBAJO,34,2068.0,2068.0,0.0,2070.0,367.0
121,KM.TIDAR,BAUBAU,10,2052.0,2052.0,1.8207657603852567e-14,2054.98,183.0
113,KM.LABOBAR,AMBON,2,2058.0,2058.0,0.0,2061.0,286.0
109,KM.BUKITSIGUNTANG,BALIKPAPAN,5,1990.0,2001.0,0.0,2003.0,367.0
124,KFC.JETLINER,KENDARI,30,1989.0,1989.0,0.0,1995.0,178.0
99,KM.TIDAR,MAUMERE,42,2052.0,2052.0,0.0,2054.0,500.0
98,KM.KELUD,TANJUNGBALAIKARIMUN,63,1895.0,1895.0,0.0,1896.0,463.0
123,KM.SANGIANG,NAMLEA,46,1870.0,2052.0,0.0,2053.0,182.0
108,KM.SIRIMAU,MAUMERE,42,2009.0,2054.0,0.0,2056.0,404.0
115,KM.SINABUNG,SURABAYA,62,1677.0,1990.0,0.0,2000.0,313.0
115,KM.SINABUNG,MAKASSAR,40,2029.0,2033.0,0.0,2036.0,317.0
100,KM.LAWIT,SURABAYA,62,1793.02,1990.0,0.0,1996.0,545.0
114,KM.WILIS,BIMA,14,1998.0,2061.0,0.0,2062.0,315.0
109,KM.BUKITSIGUNTANG,TARAKAN,66,2028.0,2030.0,0.0,2034.0,369.0
126,KM.LAMBELU,BALIKPAPAN,5,2048.0,2048.0,0.0,2051.0,114.0
121,KM.TIDAR,MAUMERE,42,2069.0,2069.0,0.0,2071.0,183.0
109,KM.BUKITSIGUNTANG,NUNUKAN,49,2040.0,2040.0,0.0,2043.0,369.0
116,KM.KELUD,TANJUNGPRIOK,65,1684.0,1842.0,1.7763568394002505e-14,1861.98,158.0
127,KM.EGON,LEMBAR,36,1900.0,2039.0,5.0,2048.0,145.0
107,KM.KELUD,BATAM,8,1574.0,1892.0,1.0,1897.0,319.0
98,KM.KELUD,BELAWAN,11,1919.0,1919.0,0.0,1935.0,463.0
106,KM.LAMBELU,NUNUKAN,49,2036.0,2043.0,0.0,2046.0,459.0
106,KM.LAMBELU,PANTOLOAN,50,2067.0,2067.0,0.0,2069.0,459.0
119,KM.BINAIYA,LABUANBAJO,34,2041.0,2070.0,0.0,2072.0,325.0
114,KM.WILIS,WAIKELO,72,2073.0,2073.0,0.0,2074.0,315.0
114,KM.WILIS,WAINGAPU,73,2083.0,2083.0,0.0,2087.0,315.0
107,KM.KELUD,TANJUNGBALAIKARIMUN,63,1900.0,1900.0,0.0,1901.0,319.0
123,KM.SANGIANG,AMBON,2,2063.0,2063.0,0.0,2067.0,182.0
121,KM.TIDAR,LARANTUKA,35,2077.0,2077.0,1.8207657603852567e-14,2078.98,183.0
115,KM.SINABUNG,BAUBAU,10,2052.0,2052.0,0.0,2055.0,317.0
103,KM.SANGIANG,TERNATE,68,1661.02,1816.0,0.0,1820.0,268.0
100,KM.LAWIT,KUMAI,32,2028.0,2029.0,0.019999999999999574,2034.0,546.02
113,KM.LABOBAR,BANDA,6,2069.0,2069.0,0.0,2071.0,286.0
104,KM.DOROLONDA,AMBON,2,2057.0,2061.0,0.0,2064.0,460.0
105,KM.CIREMAI,BAUBAU,10,2049.0,2054.98,0.0,2056.98,455.98
108,KM.SIRIMAU,LEWOLEBA,38,2066.0,2066.0,0.0,2068.0,404.0
114,KM.WILIS,ENDE,21,2098.0,2098.0,0.0,2100.0,315.0
102,KM.GUNUNGDEMPO,NAMLEA,46,2054.0,2054.0,0.0,2056.0,473.0
105,KM.CIREMAI,SORONG,61,2098.98,2104.0,0.0,2107.0,461.0
102,KM.GUNUNGDEMPO,AMBON,2,2060.0,2064.0,0.0,2068.0,477.0
104,KM.DOROLONDA,SORONG,61,2084.0,2084.0,0.0,2087.0,460.0
104,KM.DOROLONDA,MANOKWARI,41,2100.0,2100.0,0.0,2102.0,460.0
102,KM.GUNUNGDEMPO,BANDA,6,2076.0,2076.0,0.0,2078.0,477.0
100,KM.LAWIT,SEMARANG,58,2060.02,2060.02,0.0,2068.02,546.02
110,KM.DOBONSOLO,BAUBAU,10,2047.0,2055.0,0.0,2057.0,363.0
99,KM.TIDAR,LARANTUKA,35,2060.0,2078.98,0.0,2080.98,518.98
113,KM.LABOBAR,TUAL,71,2083.0,2083.0,0.0,2088.0,286.0
106,KM.LAMBELU,BALIKPAPAN,5,2082.0,2082.0,0.0,2084.0,459.0
112,KM.TILONGKABILA,MAKASSAR,40,2088.0,2088.0,0.0,2093.0,367.0
108,KM.SIRIMAU,KUPANG,33,2081.0,2081.0,0.0,2086.0,404.0
103,KM.SANGIANG,BACAN,4,1833.0,1833.0,0.0,1835.0,268.0
108,KM.SIRIMAU,KALABAHI,28,2101.0,2101.0,0.0,2103.0,404.0
113,KM.LABOBAR,DOBO,20,2095.0,2095.0,0.0,2098.0,286.0
101,KFC.JETLINER,KENDARI,30,1985.0,1995.0,0.0,2001.0,520.0
115,KM.SINABUNG,BANGGAI,7,2072.0,2072.0,0.0,2073.0,317.0
110,KM.DOBONSOLO,AMBON,2,2083.0,2083.0,0.0,2086.0,363.0
111,KFC.JETLINER,WANCI,74,1806.0,1976.0,0.0,1978.0,348.0
120,KM.BUKITRAYA,BLINYU,16,1873.0,1873.0,0.0,1874.0,104.0
122,KM.LAWIT,SURABAYA,62,2045.0,2045.0,0.0,2049.0,197.0
113,KM.LABOBAR,KAIMANA,27,2107.0,2107.0,0.0,2112.0,286.0
123,KM.SANGIANG,BANDA,6,2083.0,2083.0,0.0,2085.0,182.0
124,KFC.JETLINER,WANCI,74,2008.0,2008.0,0.0,2010.0,178.0
115,KM.SINABUNG,BITUNG,15,2089.0,2089.0,1.8207657603852567e-14,2092.98,317.0
99,KM.TIDAR,LEWOLEBA,38,2083.98,2083.98,0.0,2084.98,518.98
105,KM.CIREMAI,MANOKWARI,41,2120.0,2120.0,0.0,2122.0,461.0
119,KM.BINAIYA,MAKASSAR,40,2091.0,2091.0,0.0,2095.0,325.0
121,KM.TIDAR,LEWOLEBA,38,2082.0,2084.98,0.0,2085.98,185.98000000000002
99,KM.TIDAR,KUPANG,33,2092.98,2092.98,0.0,2096.98,518.98
110,KM.DOBONSOLO,SORONG,61,2108.0,2108.0,5.0,2116.0,368.0
105,KM.CIREMAI,BIAK,13,2131.0,2131.0,0.0,2133.0,461.0
116,KM.KELUD,BATAM,8,1894.0,1898.0,4.0,1906.0,166.0
115,KM.SINABUNG,TERNATE,68,2103.0,2103.0,0.0,2106.0,317.0
108,KM.SIRIMAU,SAUMLAKI,57,2146.0,2146.0,0.0,2148.0,404.0
118,KM.PANGRANGO,NAMROLE,47,2044.0,2044.0,0.0,2046.0,214.0
101,KFC.JETLINER,WANCI,74,2014.0,2014.0,0.0,2016.0,520.0
102,KM.GUNUNGDEMPO,TUAL,71,2090.0,2090.0,0.0,2093.0,477.0
100,KM.LAWIT,KUMAI,32,2093.02,2094.0,5.0,2101.0,552.0
99,KM.TIDAR,LEWOLEBA,38,2105.98,2105.98,0.0,2107.98,518.98
122,KM.LAWIT,KUMAI,32,2078.0,2103.0,0.0,2106.0,222.0
112,KM.TILONGKABILA,BAUBAU,10,2114.0,2114.0,0.0,2117.0,367.0
118,KM.PANGRANGO,AMBON,2,2056.0,2068.0,1.7763568394002505e-14,2073.98,226.0
112,KM.TILONGKABILA,RAHA,53,2121.0,2121.0,0.0,2123.0,367.0
98,KM.KELUD,TANJUNGBALAIKARIMUN,63,1958.0,1958.0,0.0,1959.0,463.0
113,KM.LABOBAR,FAKFAK,22,2122.0,2122.0,0.0,2125.0,286.0
108,KM.SIRIMAU,TUAL,71,2169.0,2169.0,0.0,2173.0,404.0
110,KM.DOBONSOLO,SERUI,60,2140.0,2140.0,0.0,2142.0,368.0
104,KM.DOROLONDA,NABIRE,45,2113.0,2113.0,0.0,2115.0,460.0
109,KM.BUKITSIGUNTANG,BALIKPAPAN,5,2070.0,2084.0,0.0,2086.0,383.0
109,KM.BUKITSIGUNTANG,PAREPARE,51,2101.0,2101.0,0.0,2105.0,383.0
102,KM.GUNUNGDEMPO,DOBO,20,2099.0,2099.0,0.0,2101.0,477.0
113,KM.LABOBAR,SORONG,61,2138.0,2138.0,0.0,2142.0,286.0
109,KM.BUKITSIGUNTANG,MAKASSAR,40,2110.0,2110.0,0.0,2113.0,383.0
113,KM.LABOBAR,MANOKWARI,41,2155.0,2155.0,0.0,2157.0,286.0
110,KM.DOBONSOLO,JAYAPURA,26,2162.0,2165.0,8.02,2179.0,379.02
120,KM.BUKITRAYA,KIJANG,31,1891.0,1891.0,0.0,1894.0,104.0
122,KM.LAWIT,SEMARANG,58,2132.0,2132.0,0.0,2137.0,222.0
113,KM.LABOBAR,NABIRE,45,2167.0,2167.0,0.0,2169.0,286.0
126,KM.LAMBELU,SURABAYA,62,2083.0,2083.0,0.0,2086.0,114.0
119,KM.BINAIYA,AWERANGE,3,2101.0,2101.0,0.0,2103.0,325.0
109,KM.BUKITSIGUNTANG,MAUMERE,42,2131.0,2131.0,0.0,2133.0,383.0
109,KM.BUKITSIGUNTANG,LEWOLEBA,38,2139.0,2139.0,0.0,2141.0,383.0
112,KM.TILONGKABILA,KENDARI,30,2129.0,2129.0,0.0,2133.0,367.0
106,KM.LAMBELU,PAREPARE,51,2100.0,2105.0,0.0,2108.0,464.0
121,KM.TIDAR,KUPANG,33,2093.98,2093.98,0.0,2097.98,185.98000000000002
121,KM.TIDAR,LEWOLEBA,38,2106.98,2141.0,0.0,2143.0,220.0
115,KM.SINABUNG,BACAN,4,2113.0,2113.0,0.0,2114.0,317.0
120,KM.BUKITRAYA,LETUNG,37,1908.0,1908.0,0.0,1910.0,104.0
108,KM.SIRIMAU,DOBO,20,2186.0,2186.0,0.0,2188.0,404.0
102,KM.GUNUNGDEMPO,KAIMANA,27,2110.0,2112.0,0.0,2114.0,479.0
103,KM.SANGIANG,SANANA,56,1858.0,1858.0,0.0,1860.0,268.0
118,KM.PANGRANGO,BANDA,6,2088.0,2088.0,0.0,2090.0,226.0
117,KM.LEUSER,SURABAYA,62,1692.0,2049.0,0.0,2072.0,357.0
98,KM.KELUD,BATAM,8,1962.0,1962.0,0.0,1965.0,463.0
108,KM.SIRIMAU,TIMIKA,70,2208.0,2222.0,0.0,2224.0,418.0
126,KM.LAMBELU,BALIKPAPAN,5,2116.0,2116.0,0.0,2119.0,114.0
104,KM.DOROLONDA,WAREN,75,2122.0,2122.0,0.0,2123.0,460.0
115,KM.SINABUNG,AMBON,2,2127.0,2127.0,0.0,2131.0,317.0
120,KM.BUKITRAYA,TAREMPA,67,1915.0,1915.0,0.0,1917.0,104.0
113,KM.LABOBAR,WASIOR,76,2176.0,2176.0,0.0,2178.0,286.0
126,KM.LAMBELU,TARAKAN,66,2145.0,2145.0,0.0,2148.0,114.0
118,KM.PANGRANGO,SAUMLAKI,57,2117.0,2148.0,1.7763568394002505e-14,2152.98,257.0
127,KM.EGON,SURABAYA,62,2073.0,2073.0,0.0,2077.0,145.0
99,KM.TIDAR,LARANTUKA,35,2110.98,2110.98,0.0,2112.98,518.98
106,KM.LAMBELU,MAKASSAR,40,2113.0,2113.0,0.0,2116.0,464.0
126,KM.LAMBELU,NUNUKAN,49,2154.0,2154.0,0.0,2157.0,114.0
102,KM.GUNUNGDEMPO,FAKFAK,22,2125.0,2125.0,0.0,2128.0,479.0
102,KM.GUNUNGDEMPO,SORONG,61,2141.0,2141.0,0.0,2144.0,479.0
108,KM.SIRIMAU,AGATS,1,2236.0,2236.0,5.0,2243.0,423.0
104,KM.DOROLONDA,SERUI,60,2125.0,2142.0,0.0,2144.0,477.0
115,KM.SINABUNG,SORONG,61,2153.0,2153.0,0.0,2156.0,317.0
110,KM.DOBONSOLO,SERUI,60,2200.02,2200.02,0.0,2202.02,379.02
112,KM.TILONGKABILA,LUWUK,39,2150.0,2150.0,0.0,2153.0,367.0
119,KM.BINAIYA,BONTANG,17,2130.0,2130.0,0.0,2133.0,325.0
117,KM.LEUSER,KUMAI,32,2100.0,2106.0,0.0,2109.0,363.0
114,KM.WILIS,KUPANG,33,2116.0,2116.0,0.0,2124.0,315.0
109,KM.BUKITSIGUNTANG,KUPANG,33,2148.0,2148.0,0.0,2153.0,383.0
106,KM.LAMBELU,BAUBAU,10,2131.0,2131.0,0.0,2133.0,464.0
124,KFC.JETLINER,KENDARI,30,2023.0,2133.0,0.0,2135.0,288.0
100,KM.LAWIT,SEMARANG,58,2126.0,2137.0,0.0,2145.0,563.0
114,KM.WILIS,KALABAHI,28,2141.0,2141.0,0.0,2153.0,315.0
101,KFC.JETLINER,KENDARI,30,2029.0,2135.0,0.0,2137.0,626.0
123,KM.SANGIANG,GESER,23,2095.0,2095.0,0.0,2096.0,182.0
113,KM.LABOBAR,MANOKWARI,41,2185.0,2185.0,0.0,2187.0,286.0
125,KM.KELUD,BELAWAN,11,1915.0,1935.0,0.0,1948.0,20.0
121,KM.TIDAR,LARANTUKA,35,2146.0,2146.0,0.0,2148.0,220.0
110,KM.DOBONSOLO,NABIRE,45,2209.02,2209.02,0.0,2211.02,379.02
123,KM.SANGIANG,FAKFAK,22,2108.0,2128.0,0.0,2131.0,202.0
115,KM.SINABUNG,MANOKWARI,41,2170.0,2187.0,0.0,2189.0,334.0
124,KFC.JETLINER,RAHA,53,2143.0,2143.0,0.0,2144.0,288.0
102,KM.GUNUNGDEMPO,MANOKWARI,41,2157.0,2189.0,1.8207657603852567e-14,2190.98,511.0
112,KM.TILONGKABILA,GORONTALO,24,2164.0,2164.0,0.0,2166.0,367.0
126,KM.LAMBELU,PANTOLOAN,50,2178.0,2178.0,0.0,2180.0,114.0
104,KM.DOROLONDA,JAYAPURA,26,2163.0,2179.0,0.0,2185.0,493.0
111,KFC.JETLINER,KENDARI,30,1991.0,2137.0,0.0,2143.0,494.0
119,KM.BINAIYA,PAREPARE,51,2160.0,2160.0,0.0,2162.0,325.0
106,KM.LAMBELU,MAUMERE,42,2146.0,2146.0,0.0,2148.0,464.0
121,KM.TIDAR,MAUMERE,42,2154.0,2154.0,0.0,2156.0,220.0
108,KM.SIRIMAU,MERAUKE,43,2288.0,2301.0,21.0,2332.0,457.0
100,KM.LAWIT,KARIMUNJAWA,29,2152.0,2152.0,0.0,2186.0,563.0
127,KM.EGON,BATULICIN,9,2104.0,2104.0,0.0,2107.0,145.0
123,KM.SANGIANG,SORONG,61,2159.0,2159.0,0.0,2162.0,202.0
113,KM.LABOBAR,SORONG,61,2200.0,2200.0,0.0,2203.0,286.0
107,KM.KELUD,BELAWAN,11,1924.0,1948.0,0.0,1967.0,343.0
107,KM.KELUD,TANJUNGBALAIKARIMUN,63,1990.0,1990.0,0.0,1991.0,343.0
104,KM.DOROLONDA,SERUI,60,2204.0,2204.0,0.0,2206.0,493.0
122,KM.LAWIT,KUMAI,32,2163.0,2165.0,0.020000000000000018,2168.0,224.01999999999998
115,KM.SINABUNG,BIAK,13,2198.0,2198.0,0.0,2200.0,334.0
112,KM.TILONGKABILA,BITUNG,15,2182.0,2182.0,0.0,2217.0,367.0
111,KFC.JETLINER,WANCI,74,2156.0,2156.0,0.0,2158.0,494.0
109,KM.BUKITSIGUNTANG,LEWOLEBA,38,2160.0,2160.0,0.0,2162.0,383.0
118,KM.PANGRANGO,BANDA,6,2182.0,2182.0,0.0,2184.0,257.0
122,KM.LAWIT,SURABAYA,62,2196.02,2196.02,0.0,2200.02,224.01999999999998
104,KM.DOROLONDA,WAREN,75,2208.0,2208.0,0.0,2209.0,493.0
106,KM.LAMBELU,LARANTUKA,35,2153.0,2153.0,0.0,2155.0,464.0
113,KM.LABOBAR,FAKFAK,22,2216.0,2216.0,0.0,2218.0,286.0
104,KM.DOROLONDA,NABIRE,45,2215.0,2215.0,0.0,2217.0,493.0
108,KM.SIRIMAU,AGATS,1,2374.0,2374.0,1.0,2377.0,458.0
105,KM.CIREMAI,JAYAPURA,26,2153.0,2185.0,0.0,2190.0,493.0
116,KM.KELUD,TANJUNGBALAIKARIMUN,63,1909.0,1991.0,0.0,1992.0,248.0
102,KM.GUNUNGDEMPO,WASIOR,76,2199.0,2199.0,0.0,2200.0,511.0
126,KM.LAMBELU,BALIKPAPAN,5,2193.0,2193.0,0.0,2195.0,114.0
106,KM.LAMBELU,BAUBAU,10,2167.0,2167.0,0.0,2169.0,464.0
119,KM.BINAIYA,BONTANG,17,2189.0,2189.0,0.0,2192.0,325.0
119,KM.BINAIYA,AWERANGE,3,2219.0,2219.0,1.8207657603852567e-14,2220.98,325.0
109,KM.BUKITSIGUNTANG,MAUMERE,42,2168.0,2168.0,0.0,2170.0,383.0
126,KM.LAMBELU,PAREPARE,51,2211.0,2211.0,0.0,2214.0,114.0
123,KM.SANGIANG,FAKFAK,22,2190.0,2218.0,0.0,2220.0,230.0
113,KM.LABOBAR,KAIMANA,27,2229.0,2229.0,0.0,2231.0,286.0
99,KM.TIDAR,MAUMERE,42,2118.98,2170.0,0.0,2172.0,570.0
113,KM.LABOBAR,DOBO,20,2240.0,2240.0,0.0,2242.0,286.0
127,KM.EGON,PAREPARE,51,2128.0,2214.0,0.0,2217.0,231.0
113,KM.LABOBAR,TUAL,71,2249.0,2249.0,0.0,2252.0,286.0
106,KM.LAMBELU,MAKASSAR,40,2184.0,2184.0,0.0,2188.0,464.0
119,KM.BINAIYA,MAKASSAR,40,2227.0,2227.0,0.0,2232.0,325.0
101,KFC.JETLINER,RAHA,53,2145.0,2145.0,0.0,2146.0,626.0
109,KM.BUKITSIGUNTANG,MAKASSAR,40,2188.0,2188.0,0.0,2194.0,383.0
111,KFC.JETLINER,KENDARI,30,2171.0,2171.0,0.0,2173.0,494.0
121,KM.TIDAR,BAUBAU,10,2169.0,2169.0,0.0,2171.0,220.0
120,KM.BUKITRAYA,NATUNA,48,1929.0,1929.0,0.0,1932.0,104.0
126,KM.LAMBELU,MAKASSAR,40,2219.0,2219.0,0.0,2222.0,114.0
117,KM.LEUSER,SEMARANG,58,2134.0,2145.0,0.0,2161.0,374.0
109,KM.BUKITSIGUNTANG,PAREPARE,51,2199.0,2217.0,0.0,2221.0,401.0
105,KM.CIREMAI,SERUI,60,2211.0,2211.0,0.0,2213.0,493.0
106,KM.LAMBELU,PAREPARE,51,2193.0,2221.0,0.0,2226.0,492.0
123,KM.SANGIANG,GESER,23,2233.0,2233.0,0.0,2235.0,230.0
111,KFC.JETLINER,RAHA,53,2181.0,2181.0,0.0,2182.0,494.0
105,KM.CIREMAI,BIAK,13,2221.0,2221.0,0.0,2223.0,493.0
110,KM.DOBONSOLO,MANOKWARI,41,2222.02,2223.0,0.0,2225.0,380.0
112,KM.TILONGKABILA,GORONTALO,24,2232.0,2232.0,0.0,2234.0,367.0
115,KM.SINABUNG,JAYAPURA,26,2221.0,2221.0,0.0,2226.0,334.0
102,KM.GUNUNGDEMPO,NABIRE,45,2207.0,2217.0,0.0,2219.0,521.0
104,KM.DOROLONDA,MANOKWARI,41,2227.0,2227.0,0.0,2229.0,493.0
127,KM.EGON,BONTANG,17,2241.0,2241.0,0.0,2243.0,231.0
99,KM.TIDAR,BAUBAU,10,2185.0,2185.0,0.0,2187.0,570.0
111,KFC.JETLINER,KENDARI,30,2190.0,2190.0,0.0,2192.0,494.0
110,KM.DOBONSOLO,SORONG,61,2239.0,2239.0,0.0,2242.0,380.0
110,KM.DOBONSOLO,AMBON,2,2265.0,2265.0,0.0,2268.0,380.0
127,KM.EGON,PAREPARE,51,2268.0,2268.0,1.8207657603852567e-14,2270.98,231.0
105,KM.CIREMAI,MANOKWARI,41,2232.0,2232.0,0.0,2234.0,493.0
99,KM.TIDAR,MAKASSAR,40,2205.0,2222.0,0.0,2227.0,587.0
112,KM.TILONGKABILA,LUWUK,39,2245.0,2245.0,0.0,2248.0,367.0
101,KFC.JETLINER,KENDARI,30,2154.0,2192.0,0.0,2194.0,664.0
105,KM.CIREMAI,SORONG,61,2247.0,2253.0,0.0,2255.0,499.0
113,KM.LABOBAR,BANDA,6,2265.0,2265.0,0.0,2267.0,286.0
112,KM.TILONGKABILA,KENDARI,30,2267.0,2267.0,0.0,2271.0,367.0
103,KM.SANGIANG,NAMLEA,46,1875.0,2056.0,0.0,2058.0,449.0
108,KM.SIRIMAU,TIMIKA,70,2395.0,2395.0,0.0,2397.0,458.0
115,KM.SINABUNG,BIAK,13,2247.0,2247.0,0.0,2249.0,334.0
108,KM.SIRIMAU,DOBO,20,2417.0,2417.0,0.0,2419.0,458.0
101,KFC.JETLINER,WANCI,74,2207.0,2207.0,0.0,2209.0,664.0
121,KM.TIDAR,MAKASSAR,40,2189.0,2227.0,0.0,2231.0,258.0
126,KM.LAMBELU,BAUBAU,10,2237.0,2237.0,0.0,2239.0,114.0
122,KM.LAWIT,SAMPIT,55,2232.02,2245.0,2.0,2266.0,239.0
126,KM.LAMBELU,MAUMERE,42,2252.0,2252.0,0.0,2254.0,114.0
105,KM.CIREMAI,AMBON,2,2275.0,2275.0,0.0,2277.0,499.0
117,KM.LEUSER,BATULICIN,9,2200.0,2200.0,0.0,2203.0,374.0
115,KM.SINABUNG,MANOKWARI,41,2258.0,2258.0,0.0,2260.0,334.0
104,KM.DOROLONDA,SORONG,61,2241.0,2242.0,0.0,2244.0,494.0
101,KFC.JETLINER,KENDARI,30,2222.0,2271.0,0.0,2290.0,713.0
102,KM.GUNUNGDEMPO,JAYAPURA,26,2242.0,2242.0,0.0,2248.0,521.0
115,KM.SINABUNG,SORONG,61,2274.0,2274.0,0.0,2277.0,334.0
126,KM.LAMBELU,LARANTUKA,35,2259.0,2259.0,0.0,2261.0,114.0
99,KM.TIDAR,SURABAYA,62,2259.0,2259.0,0.0,2261.0,587.0
124,KFC.JETLINER,KENDARI,30,2152.0,2290.0,0.0,2292.0,426.0
108,KM.SIRIMAU,TUAL,71,2431.0,2431.0,0.0,2436.0,458.0
112,KM.TILONGKABILA,RAHA,53,2278.0,2278.0,0.0,2279.0,367.0
127,KM.EGON,BONTANG,17,2296.0,2314.0,0.0,2317.0,249.0
104,KM.DOROLONDA,AMBON,2,2264.0,2268.0,0.0,2271.0,498.0
115,KM.SINABUNG,BACAN,4,2292.0,2292.0,0.0,2293.0,334.0
108,KM.SIRIMAU,SAUMLAKI,57,2457.0,2457.0,0.0,2459.0,458.0
126,KM.LAMBELU,BAUBAU,10,2273.0,2273.0,0.0,2275.0,114.0
113,KM.LABOBAR,AMBON,2,2275.0,2275.0,0.0,2277.0,286.0
124,KFC.JETLINER,WANCI,74,2305.0,2305.0,0.0,2307.0,426.0
126,KM.LAMBELU,MAKASSAR,40,2290.0,2290.0,0.0,2294.0,114.0
113,KM.LABOBAR,BAUBAU,10,2302.0,2302.0,0.0,2305.0,286.0
122,KM.LAWIT,SEMARANG,58,2298.0,2298.0,1.7763568394002505e-14,2302.98,239.0
123,KM.SANGIANG,BANDA,6,2245.0,2267.0,0.0,2269.0,252.0
111,KFC.JETLINER,WANCI,74,2205.0,2307.0,0.0,2309.0,596.0
119,KM.BINAIYA,LABUANBAJO,34,2251.0,2251.0,0.0,2253.0,325.0
103,KM.SANGIANG,AMBON,2,2068.0,2277.0,0.0,2281.0,658.0
109,KM.BUKITSIGUNTANG,BALIKPAPAN,5,2237.0,2237.0,0.0,2239.0,401.0
112,KM.TILONGKABILA,BAUBAU,10,2284.0,2284.0,0.0,2286.0,367.0
104,KM.DOROLONDA,TERNATE,68,2291.0,2291.0,0.0,2293.0,498.0
104,KM.DOROLONDA,BITUNG,15,2301.0,2301.0,0.0,2304.0,498.0
106,KM.LAMBELU,BALIKPAPAN,5,2242.0,2242.0,1.8207657603852567e-14,2243.98,492.0
106,KM.LAMBELU,PANTOLOAN,50,2257.0,2257.0,0.0,2259.0,492.0
127,KM.EGON,PAREPARE,51,2342.0,2342.0,0.0,2344.0,249.0
113,KM.LABOBAR,MAKASSAR,40,2319.0,2319.0,0.0,2322.0,286.0
101,KFC.JETLINER,WANCI,74,2303.0,2309.0,0.0,2311.0,719.0
106,KM.LAMBELU,TARAKAN,66,2278.0,2278.0,0.0,2282.0,492.0
112,KM.TILONGKABILA,MAKASSAR,40,2308.0,2308.0,0.0,2312.0,367.0
102,KM.GUNUNGDEMPO,NABIRE,45,2272.0,2272.0,0.0,2274.0,521.0
110,KM.DOBONSOLO,BAUBAU,10,2295.0,2295.0,0.0,2297.0,380.0
102,KM.GUNUNGDEMPO,WASIOR,76,2281.0,2281.0,0.0,2282.0,521.0
108,KM.SIRIMAU,KALABAHI,28,2506.0,2506.0,0.0,2508.0,458.0
102,KM.GUNUNGDEMPO,MANOKWARI,41,2290.0,2290.0,0.0,2292.0,521.0
119,KM.BINAIYA,BIMA,14,2261.0,2261.0,0.0,2264.0,325.0
113,KM.LABOBAR,SURABAYA,62,2350.0,2350.0,0.0,2353.0,286.0
119,KM.BINAIYA,BENOA,12,2287.0,2287.0,0.0,2290.0,325.0
125,KM.KELUD,BATAM,8,1970.0,1970.0,0.0,1978.0,20.0
102,KM.GUNUNGDEMPO,SORONG,61,2305.0,2305.0,0.0,2308.0,521.0
112,KM.TILONGKABILA,BIMA,14,2332.0,2332.0,1.8207657603852567e-14,2334.98,367.0
107,KM.KELUD,BATAM,8,1994.0,1994.0,0.0,1997.0,343.0
125,KM.KELUD,BELAWAN,11,2000.0,2000.0,0.0,2008.0,20.0
108,KM.SIRIMAU,KUPANG,33,2523.0,2523.0,0.0,2530.0,458.0
114,KM.WILIS,KUPANG,33,2169.0,2169.0,0.0,2177.0,315.0
117,KM.LEUSER,SURABAYA,62,2235.0,2261.0,0.0,2265.0,400.0
106,KM.LAMBELU,NUNUKAN,49,2288.0,2288.0,0.0,2291.0,492.0
123,KM.SANGIANG,AMBON,2,2287.0,2287.0,0.0,2294.0,252.0
103,KM.SANGIANG,BANDA,6,2297.0,2297.0,0.0,2309.0,658.0
109,KM.BUKITSIGUNTANG,TARAKAN,66,2263.0,2282.0,0.0,2286.0,420.0
111,KFC.JETLINER,KENDARI,30,2322.0,2322.0,0.0,2341.0,596.0
100,KM.LAWIT,SEMARANG,58,2192.0,2302.98,0.0,2312.98,673.98
115,KM.SINABUNG,TERNATE,68,2299.0,2299.0,0.0,2301.0,334.0
106,KM.LAMBELU,BALIKPAPAN,5,2318.0,2318.0,0.0,2320.0,492.0
123,KM.SANGIANG,NAMLEA,46,2305.0,2305.0,0.0,2308.0,252.0
117,KM.LEUSER,KUMAI,32,2292.0,2292.0,0.0,2295.0,400.0
124,KFC.JETLINER,KENDARI,30,2320.0,2341.0,0.0,2360.0,447.0
103,KM.SANGIANG,AMBON,2,2327.0,2327.0,1.7763568394002505e-14,2337.98,658.0
126,KM.LAMBELU,PAREPARE,51,2299.0,2344.0,0.0,2349.0,159.0
102,KM.GUNUNGDEMPO,BAUBAU,10,2346.0,2346.0,0.0,2349.0,521.0
119,KM.BINAIYA,SURABAYA,62,2317.0,2317.0,0.0,2320.0,325.0
126,KM.LAMBELU,BALIKPAPAN,5,2365.0,2365.0,1.8207657603852567e-14,2366.98,159.0
124,KFC.JETLINER,WANCI,74,2373.0,2373.0,0.0,2375.0,447.0
108,KM.SIRIMAU,LEWOLEBA,38,2543.0,2543.0,0.0,2545.0,458.0
103,KM.SANGIANG,NAMLEA,46,2349.0,2349.0,0.0,2354.0,658.0
118,KM.PANGRANGO,AMBON,2,2198.0,2294.0,0.0,2312.0,353.0
110,KM.DOBONSOLO,MAKASSAR,40,2312.0,2312.0,0.0,2314.0,380.0
119,KM.BINAIYA,BATULICIN,9,2348.0,2348.0,0.0,2350.0,325.0
116,KM.KELUD,BELAWAN,11,2015.0,2015.0,0.0,2032.0,248.0
99,KM.TIDAR,TANJUNGPRIOK,65,2291.0,2291.0,0.0,2293.0,587.0
127,KM.EGON,BATULICIN,9,2367.0,2367.0,0.0,2371.0,249.0
102,KM.GUNUNGDEMPO,MAKASSAR,40,2364.0,2364.0,0.0,2367.0,521.0
126,KM.LAMBELU,PANTOLOAN,50,2380.0,2380.0,0.0,2382.0,159.0
117,KM.LEUSER,SEMARANG,58,2320.0,2320.0,0.0,2324.0,400.0
125,KM.KELUD,BATAM,8,2030.0,2034.0,0.0,2037.0,24.0
105,KM.CIREMAI,NAMLEA,46,2283.0,2354.0,0.0,2356.0,570.0
117,KM.LEUSER,SAMPIT,55,2358.0,2358.0,0.0,2379.0,400.0
119,KM.BINAIYA,SURABAYA,62,2379.0,2379.0,0.0,2382.0,325.0
116,KM.KELUD,TANJUNGBALAIKARIMUN,63,2055.0,2055.0,0.0,2056.0,248.0
120,KM.BUKITRAYA,MIDAI,44,1936.0,1936.0,0.0,1938.0,104.0
108,KM.SIRIMAU,MAUMERE,42,2558.0,2558.0,0.0,2560.0,458.0
114,KM.WILIS,ENDE,21,2193.0,2193.0,0.0,2195.0,315.0
112,KM.TILONGKABILA,LABUANBAJO,34,2342.0,2342.0,0.0,2344.0,367.0
114,KM.WILIS,WAINGAPU,73,2206.0,2206.0,0.0,2208.0,315.0
123,KM.SANGIANG,SANANA,56,2322.0,2322.0,0.0,2324.0,252.0
126,KM.LAMBELU,TARAKAN,66,2401.0,2401.0,0.0,2405.0,159.0
106,KM.LAMBELU,PAREPARE,51,2336.0,2349.0,0.0,2351.0,505.0
118,KM.PANGRANGO,BANDA,6,2326.0,2326.0,0.0,2328.0,353.0
126,KM.LAMBELU,NUNUKAN,49,2411.0,2411.0,0.0,2414.0,159.0
117,KM.LEUSER,SEMARANG,58,2410.0,2410.0,0.0,2413.0,400.0
102,KM.GUNUNGDEMPO,SURABAYA,62,2394.0,2394.0,0.0,2397.0,521.0
109,KM.BUKITSIGUNTANG,NUNUKAN,49,2292.0,2414.0,0.0,2416.0,542.0
122,KM.LAWIT,KUMAI,32,2331.0,2332.0,3.0,2337.0,243.0
105,KM.CIREMAI,BAUBAU,10,2378.0,2378.0,0.0,2380.0,570.0
114,KM.WILIS,WAIKELO,72,2217.0,2217.0,0.0,2218.0,315.0
109,KM.BUKITSIGUNTANG,BALIKPAPAN,5,2443.0,2443.0,0.0,2445.0,542.0
115,KM.SINABUNG,BITUNG,15,2310.0,2310.0,0.0,2314.0,334.0
100,KM.LAWIT,SAMPIT,55,2346.98,2581.0,0.0,2601.0,908.0
108,KM.SIRIMAU,BAUBAU,10,2580.0,2580.0,0.0,2583.0,458.0
114,KM.WILIS,BIMA,14,2229.0,2334.98,0.0,2336.98,420.98
119,KM.BINAIYA,KUMAI,32,2409.0,2409.0,0.0,2411.0,325.0
126,KM.LAMBELU,BALIKPAPAN,5,2441.0,2445.0,0.0,2447.0,163.0
121,KM.TIDAR,SURABAYA,62,2263.0,2382.0,0.0,2384.0,377.0
127,KM.EGON,SURABAYA,62,2398.0,2398.0,0.0,2402.0,249.0
118,KM.PANGRANGO,SAUMLAKI,57,2357.0,2459.0,0.0,2463.0,455.0
115,KM.SINABUNG,BANGGAI,7,2329.0,2329.0,0.0,2331.0,334.0
115,KM.SINABUNG,BAUBAU,10,2347.0,2380.0,0.0,2382.0,367.0
103,KM.SANGIANG,SANANA,56,2368.0,2368.0,0.0,2370.0,658.0
110,KM.DOBONSOLO,SURABAYA,62,2345.0,2397.0,0.0,2399.0,432.0
108,KM.SIRIMAU,WANCI,74,2592.0,2592.0,1.8207657603852567e-14,2593.98,458.0
117,KM.LEUSER,KUMAI,32,2438.0,2438.0,1.8207657603852567e-14,2439.98,400.0
109,KM.BUKITSIGUNTANG,PAREPARE,51,2461.0,2461.0,0.0,2464.0,542.0
100,KM.LAWIT,SURABAYA,62,2629.0,2629.0,0.0,2632.0,908.0
123,KM.SANGIANG,BACAN,4,2345.0,2345.0,0.0,2347.0,252.0
112,KM.TILONGKABILA,MAKASSAR,40,2363.0,2363.0,0.0,2367.0,367.0
115,KM.SINABUNG,MAKASSAR,40,2397.0,2397.0,0.0,2400.0,367.0
122,KM.LAWIT,SEMARANG,58,2362.0,2413.0,0.0,2440.0,294.0
105,KM.CIREMAI,MAKASSAR,40,2397.0,2397.0,16.0,2416.0,586.0
120,KM.BUKITRAYA,SERASAN,59,1946.0,1946.0,0.0,1948.0,104.0
117,KM.LEUSER,SEMARANG,58,2464.0,2464.0,0.0,2472.0,400.0
104,KM.DOROLONDA,PANTOLOAN,50,2331.0,2382.0,0.0,2384.0,549.0
120,KM.BUKITRAYA,PONTIANAK,52,1972.0,1972.0,0.0,1974.0,104.0
115,KM.SINABUNG,BALIKPAPAN,5,2420.0,2447.0,0.0,2450.0,394.0
111,KFC.JETLINER,WANCI,74,2354.0,2593.98,0.0,2595.98,835.98
123,KM.SANGIANG,TERNATE,68,2359.0,2359.0,0.0,2362.0,252.0
118,KM.PANGRANGO,BANDA,6,2491.0,2491.0,0.0,2517.0,455.0
105,KM.CIREMAI,SURABAYA,62,2444.0,2444.0,0.0,2447.0,586.0
127,KM.EGON,LEMBAR,36,2424.0,2425.0,4.0,2431.0,254.0
112,KM.TILONGKABILA,LABUANBAJO,34,2387.0,2387.0,0.0,2389.0,367.0
103,KM.SANGIANG,BACAN,4,2391.0,2391.0,0.0,2393.0,658.0
117,KM.LEUSER,KUMAI,32,2497.0,2497.0,0.0,2499.0,400.0
112,KM.TILONGKABILA,BIMA,14,2396.0,2396.0,0.0,2398.0,367.0
121,KM.TIDAR,TANJUNGPRIOK,65,2414.0,2414.0,0.0,2416.0,377.0
126,KM.LAMBELU,PAREPARE,51,2463.0,2464.0,0.0,2466.0,164.0
104,KM.DOROLONDA,BALIKPAPAN,5,2396.0,2450.0,0.0,2452.0,603.0
114,KM.WILIS,LABUANBAJO,34,2345.98,2389.0,0.0,2390.0,464.0
103,KM.SANGIANG,TERNATE,68,2405.0,2405.0,0.0,2407.0,658.0
112,KM.TILONGKABILA,LEMBAR,36,2417.0,2431.0,0.0,2433.0,381.0
108,KM.SIRIMAU,AMBON,2,2624.0,2624.0,0.0,2627.0,458.0
116,KM.KELUD,BATAM,8,2059.0,2059.0,2.0,2065.0,250.0
114,KM.WILIS,MAKASSAR,40,2414.0,2414.0,0.0,2417.0,464.0
156,KM.AWU,KUMAI,32,2259.0,2499.0,0.0,2502.0,240.0
143,KM.LABOBAR,TANJUNGPRIOK,65,2092.0,2293.0,0.0,2317.0,201.0
131,KM.AWU,KUMAI,32,1908.0,2502.0,0.0,2505.0,594.0
130,KM.GUNUNGDEMPO,TANJUNGPRIOK,65,1902.0,2317.0,0.0,2327.0,415.0
139,KM.TILONGKABILA,BENOA,12,2058.0,2290.0,0.0,2307.0,232.0
153,KM.EGON,WAINGAPU,73,2206.0,2209.0,2.0,2218.0,5.0
138,KM.KELUD,BELAWAN,11,2035.0,2035.0,0.0,2049.0,0.0
142,KM.SINABUNG,SURABAYA,62,2087.0,2447.0,0.0,2461.0,360.0
132,KM.BUKITRAYA,SURABAYA,62,1916.0,2461.0,0.0,2466.0,545.0
135,KM.NGGAPULU,TANJUNGPRIOK,65,1969.0,2327.0,0.0,2341.0,358.0
149,KM.SANGIANG,BITUNG,15,2129.0,2314.0,0.0,2361.0,185.0
129,KM.CIREMAI,TANJUNGPRIOK,65,1887.0,2341.0,0.0,2377.0,454.0
130,KM.GUNUNGDEMPO,SURABAYA,62,2351.0,2466.0,0.0,2471.0,530.0
153,KM.EGON,LEMBAR,36,2244.0,2433.0,0.0,2436.0,194.0
133,KM.BUKITSIGUNTANG,MAKASSAR,40,1927.0,2416.0,0.0,2435.0,489.0
133,KM.BUKITSIGUNTANG,PAREPARE,51,2440.0,2466.0,0.0,2470.0,515.0
135,KM.NGGAPULU,KIJANG,31,2373.0,2373.0,0.0,2375.0,358.0
137,KM.DOBONSOLO,TANJUNGPRIOK,65,1994.0,2377.0,0.0,2386.0,383.0
140,KM.TIDAR,KIJANG,31,2073.0,2375.0,0.0,2379.0,302.0
157,KM.BUKITSIGUNTANG,MAKASSAR,40,2263.0,2417.0,0.0,2436.0,154.0
142,KM.SINABUNG,MAKASSAR,40,2492.0,2492.0,1.8207657603852567e-14,2495.98,360.0
137,KM.DOBONSOLO,SURABAYA,62,2411.0,2471.0,0.0,2475.0,443.0
149,KM.SANGIANG,TERNATE,68,2382.0,2407.0,0.0,2410.0,210.0
153,KM.EGON,SURABAYA,62,2461.0,2475.0,0.0,2479.0,208.0
141,KM.PANGRANGO,AMBON,2,2076.0,2337.98,0.0,2341.98,261.98
136,KM.WILIS,BATULICIN,9,1983.0,2371.0,0.0,2374.0,388.0
131,KM.AWU,SEMARANG,58,2530.0,2530.0,0.0,2533.0,594.0
153,KM.EGON,BATULICIN,9,2505.0,2505.0,3.0,2513.0,211.0
155,KM.GUNUNGDEMPO,TANJUNGPRIOK,65,2253.0,2386.0,0.0,2396.0,133.0
132,KM.BUKITRAYA,PONTIANAK,52,2517.0,2517.0,2.0,2537.0,547.0
131,KM.AWU,KUMAI,32,2557.0,2557.0,0.0,2560.0,594.0
157,KM.BUKITSIGUNTANG,PAREPARE,51,2441.0,2470.0,0.0,2474.0,183.0
132,KM.BUKITRAYA,KIJANG,31,2564.0,2564.0,0.0,2566.0,547.0
132,KM.BUKITRAYA,LETUNG,37,2580.0,2580.0,0.0,2581.0,547.0
140,KM.TIDAR,TANJUNGPRIOK,65,2415.0,2415.0,0.0,2430.0,302.0
134,KFC.JETLINER,KENDARI,30,1941.0,2360.0,0.0,2370.0,419.0
150,KM.TATAMAILAU,BITUNG,15,2171.0,2361.0,0.0,2376.0,190.0
133,KM.BUKITSIGUNTANG,BALIKPAPAN,5,2485.0,2485.0,0.0,2487.0,515.0
149,KM.SANGIANG,BACAN,4,2423.0,2423.0,0.0,2425.0,210.0
155,KM.GUNUNGDEMPO,SURABAYA,62,2420.0,2479.0,0.0,2484.0,192.0
132,KM.BUKITRAYA,TAREMPA,67,2586.0,2586.0,1.8207657603852567e-14,2586.98,547.0
148,KM.LEUSER,SURABAYA,62,2126.0,2484.0,2.1316282072803006e-14,2541.98,358.0
147,KM.NGGAPULU,TANJUNGPRIOK,65,2119.0,2416.0,0.0,2431.0,297.0
152,KM.SIRIMAU,SORONG,61,2202.0,2277.0,0.0,2286.0,75.0
135,KM.NGGAPULU,BATAM,8,2380.0,2380.0,0.0,2384.0,358.0
139,KM.TILONGKABILA,LEMBAR,36,2313.0,2436.0,0.0,2438.0,355.0
128,KM.DOROLONDA,SURABAYA,62,1878.0,2541.98,0.0,2550.98,663.98
157,KM.BUKITSIGUNTANG,BALIKPAPAN,5,2489.0,2489.0,0.0,2491.0,183.0
156,KM.AWU,SEMARANG,58,2527.0,2533.0,0.0,2542.0,246.0
136,KM.WILIS,MAKASSAR,40,2404.0,2436.0,0.0,2444.0,420.0
150,KM.TATAMAILAU,TERNATE,68,2390.0,2410.0,0.0,2411.0,210.0
150,KM.TATAMAILAU,AMBON,2,2439.0,2439.0,0.0,2441.0,210.0
155,KM.GUNUNGDEMPO,MAKASSAR,40,2510.0,2510.0,0.0,2513.0,192.0
147,KM.NGGAPULU,SURABAYA,62,2457.0,2550.98,0.0,2554.98,390.98
133,KM.BUKITSIGUNTANG,TARAKAN,66,2512.0,2512.0,0.0,2516.0,515.0
132,KM.BUKITRAYA,NATUNA,48,2598.0,2598.0,0.0,2599.0,547.0
139,KM.TILONGKABILA,BIMA,14,2456.0,2456.0,0.0,2459.0,355.0
136,KM.WILIS,LABUANBAJO,34,2468.0,2468.0,0.0,2469.0,420.0
148,KM.LEUSER,KUMAI,32,2570.0,2570.0,0.0,2573.0,358.0
137,KM.DOBONSOLO,MAKASSAR,40,2505.0,2505.0,16.0,2524.0,459.0
146,KM.BINAIYA,SURABAYA,62,2112.0,2554.98,0.0,2562.98,442.98
131,KM.AWU,SURABAYA,62,2589.0,2589.0,0.0,2595.0,594.0
150,KM.TATAMAILAU,TUAL,71,2470.0,2470.0,0.0,2473.0,210.0
138,KM.KELUD,BATAM,8,2071.0,2384.0,0.0,2388.0,313.0
145,KFC.JETLINER,KENDARI,30,2109.0,2370.0,0.0,2380.0,261.0
138,KM.KELUD,BELAWAN,11,2410.0,2410.0,0.0,2416.0,313.0
143,KM.LABOBAR,SURABAYA,62,2343.0,2595.0,0.0,2600.0,453.0
130,KM.GUNUNGDEMPO,MAKASSAR,40,2496.0,2513.0,0.0,2517.0,547.0
142,KM.SINABUNG,BAUBAU,10,2513.0,2513.0,0.0,2516.0,360.0
150,KM.TATAMAILAU,DOBO,20,2484.0,2484.0,0.0,2486.0,210.0
131,KM.AWU,BENOA,12,2622.0,2622.0,0.0,2626.0,594.0
153,KM.EGON,PAREPARE,51,2536.0,2536.0,1.8207657603852567e-14,2538.98,211.0
154,KM.KELUD,TANJUNGPRIOK,65,2235.0,2430.0,0.0,2444.0,195.0
139,KM.TILONGKABILA,LABUANBAJO,34,2466.0,2469.0,0.0,2471.0,358.0
157,KM.BUKITSIGUNTANG,TARAKAN,66,2516.0,2516.0,0.0,2520.0,183.0
147,KM.NGGAPULU,MAKASSAR,40,2585.98,2585.98,0.0,2588.98,390.98
142,KM.SINABUNG,AMBON,2,2543.0,2543.0,0.0,2547.0,360.0
129,KM.CIREMAI,SURABAYA,62,2405.0,2600.0,0.0,2604.0,649.0
137,KM.DOBONSOLO,BAUBAU,10,2538.0,2538.0,0.0,2540.0,459.0
132,KM.BUKITRAYA,MIDAI,44,2603.0,2603.0,0.0,2604.0,547.0
155,KM.GUNUNGDEMPO,BAUBAU,10,2527.0,2540.0,0.0,2542.0,205.0
132,KM.BUKITRAYA,SERASAN,59,2612.0,2612.0,0.0,2613.0,547.0
136,KM.WILIS,BIMA,14,2478.0,2478.0,0.0,2479.0,420.0
156,KM.AWU,KUMAI,32,2566.0,2574.0,11.0,2597.0,265.0
156,KM.AWU,SURABAYA,62,2626.0,2626.0,0.0,2632.0,265.0
151,KM.LAWIT,KUMAI,32,2174.0,2599.0,0.0,2602.0,425.0
133,KM.BUKITSIGUNTANG,NUNUKAN,49,2522.0,2522.0,0.0,2525.0,515.0
136,KM.WILIS,WAIKELO,72,2490.0,2490.0,0.0,2491.0,420.0
152,KM.SIRIMAU,AMBON,2,2320.0,2547.0,0.0,2551.0,302.0
157,KM.BUKITSIGUNTANG,NUNUKAN,49,2526.0,2526.0,0.0,2529.0,183.0
157,KM.BUKITSIGUNTANG,BALIKPAPAN,5,2556.0,2556.0,0.0,2558.0,183.0
149,KM.SANGIANG,SANANA,56,2448.0,2448.0,0.0,2450.0,210.0
139,KM.TILONGKABILA,MAKASSAR,40,2489.0,2524.0,0.0,2528.0,393.0
136,KM.WILIS,WAINGAPU,73,2500.0,2500.0,0.0,2504.0,420.0
139,KM.TILONGKABILA,BAUBAU,10,2549.0,2549.0,0.0,2551.0,393.0
132,KM.BUKITRAYA,PONTIANAK,52,2655.0,2663.0,19.0,2689.0,574.0
152,KM.SIRIMAU,WANCI,74,2583.0,2595.98,0.0,2597.98,314.98
133,KM.BUKITSIGUNTANG,BALIKPAPAN,5,2552.0,2558.0,0.0,2560.0,521.0
150,KM.TATAMAILAU,TIMIKA,70,2506.0,2506.0,0.0,2508.0,210.0
148,KM.LEUSER,SEMARANG,58,2598.0,2598.0,0.0,2601.0,358.0
141,KM.PANGRANGO,BANDA,6,2355.98,2517.0,0.0,2551.0,423.0
148,KM.LEUSER,KUMAI,32,2626.0,2626.0,0.0,2629.0,358.0
137,KM.DOBONSOLO,AMBON,2,2566.0,2566.0,0.0,2569.0,459.0
128,KM.DOROLONDA,BALIKPAPAN,5,2580.98,2580.98,1.8207657603852567e-14,2583.96,663.98
145,KFC.JETLINER,WANCI,74,2393.0,2597.98,0.0,2599.98,465.98
128,KM.DOROLONDA,PANTOLOAN,50,2596.98,2596.98,0.0,2599.98,663.98
139,KM.TILONGKABILA,RAHA,53,2555.0,2555.0,0.0,2557.0,393.0
130,KM.GUNUNGDEMPO,BAUBAU,10,2531.0,2551.0,0.0,2553.0,567.0
131,KM.AWU,BIMA,14,2647.0,2647.0,0.0,2649.0,594.0
153,KM.EGON,BONTANG,17,2565.0,2565.0,6.0,2574.0,217.0
152,KM.SIRIMAU,BAUBAU,10,2607.98,2607.98,0.0,2611.98,314.98
149,KM.SANGIANG,NAMLEA,46,2464.0,2464.0,0.0,2465.0,210.0
137,KM.DOBONSOLO,BANDA,6,2577.0,2577.0,0.0,2579.0,459.0
139,KM.TILONGKABILA,KENDARI,30,2563.0,2563.0,0.0,2567.0,393.0
134,KFC.JETLINER,WANCI,74,2383.0,2599.98,0.0,2601.98,635.98
151,KM.LAWIT,SEMARANG,58,2627.0,2627.0,0.0,2635.0,425.0
138,KM.KELUD,BATAM,8,2438.0,2438.0,0.0,2461.0,313.0
141,KM.PANGRANGO,AMBON,2,2565.0,2569.0,0.0,2583.0,427.0
155,KM.GUNUNGDEMPO,SORONG,61,2579.0,2579.0,0.0,2583.0,205.0
155,KM.GUNUNGDEMPO,MANOKWARI,41,2595.0,2595.0,0.0,2598.0,205.0
131,KM.AWU,WAINGAPU,73,2663.0,2663.0,0.0,2666.0,594.0
141,KM.PANGRANGO,NAMROLE,47,2593.0,2593.0,0.0,2595.0,427.0
146,KM.BINAIYA,BATULICIN,9,2594.98,2594.98,0.0,2599.98,442.98
142,KM.SINABUNG,SORONG,61,2571.0,2571.0,0.0,2574.0,360.0
157,KM.BUKITSIGUNTANG,PAREPARE,51,2573.0,2573.0,0.0,2577.0,183.0
128,KM.DOROLONDA,BALIKPAPAN,5,2612.98,2612.98,0.0,2616.98,663.98
136,KM.WILIS,ENDE,21,2515.0,2515.0,0.0,2517.0,420.0
139,KM.TILONGKABILA,LUWUK,39,2584.0,2584.0,0.0,2587.0,393.0
157,KM.BUKITSIGUNTANG,MAKASSAR,40,2582.0,2582.0,0.0,2585.0,183.0
143,KM.LABOBAR,MAKASSAR,40,2629.0,2629.0,0.0,2632.0,453.0
143,KM.LABOBAR,BAUBAU,10,2648.0,2648.0,0.0,2650.0,453.0
128,KM.DOROLONDA,SURABAYA,62,2647.98,2647.98,0.0,2652.98,663.98
143,KM.LABOBAR,AMBON,2,2675.0,2675.0,0.0,2678.0,453.0
136,KM.WILIS,KUPANG,33,2533.0,2533.0,0.0,2541.0,420.0
146,KM.BINAIYA,MAKASSAR,40,2623.98,2623.98,0.0,2633.98,442.98
148,KM.LEUSER,SEMARANG,58,2654.0,2654.0,0.0,2663.0,358.0
144,KM.KELIMUTU,SEMARANG,58,2107.0,2663.0,0.0,2758.0,556.0
133,KM.BUKITSIGUNTANG,PAREPARE,51,2575.0,2577.0,0.0,2581.0,523.0
151,KM.LAWIT,SAMPIT,55,2669.0,2679.0,0.0,2700.0,435.0
133,KM.BUKITSIGUNTANG,MAKASSAR,40,2586.0,2632.0,0.0,2635.0,569.0
152,KM.SIRIMAU,MAUMERE,42,2632.98,2632.98,0.0,2634.98,314.98
145,KFC.JETLINER,KENDARI,30,2612.98,2612.98,0.0,2618.98,465.98
147,KM.NGGAPULU,BAUBAU,10,2603.98,2611.98,0.0,2613.98,398.98
151,KM.LAWIT,SURABAYA,62,2728.0,2728.0,0.0,2731.0,435.0
149,KM.SANGIANG,AMBON,2,2475.0,2627.0,0.0,2631.0,362.0
148,KM.LEUSER,SAMPIT,55,2701.0,2701.0,0.0,2722.0,358.0
157,KM.BUKITSIGUNTANG,MAUMERE,42,2603.0,2634.98,0.0,2636.98,214.98000000000002
151,KM.LAWIT,KUMAI,32,2759.0,2763.0,2.02,2769.0,441.02
140,KM.TIDAR,SURABAYA,62,2459.0,2652.98,1.8207657603852567e-14,2655.96,495.98
145,KFC.JETLINER,WANCI,74,2631.98,2631.98,0.0,2633.98,465.98
147,KM.NGGAPULU,NAMLEA,46,2638.98,2638.98,0.0,2640.98,398.98
129,KM.CIREMAI,MAKASSAR,40,2634.0,2634.0,9.0,2646.0,658.0
150,KM.TATAMAILAU,AGATS,1,2519.0,2519.0,0.0,2521.0,210.0
130,KM.GUNUNGDEMPO,SORONG,61,2590.0,2590.0,0.0,2592.0,567.0
131,KM.AWU,ENDE,21,2675.0,2675.0,0.0,2677.0,594.0
141,KM.PANGRANGO,AMBON,2,2605.0,2631.0,1.7763568394002505e-14,2636.98,453.0
157,KM.BUKITSIGUNTANG,LEWOLEBA,38,2642.98,2642.98,0.0,2644.98,214.98000000000002
132,KM.BUKITRAYA,SURABAYA,62,2740.0,2740.0,0.0,2744.0,574.0
149,KM.SANGIANG,BANDA,6,2647.0,2647.0,0.0,2649.0,362.0
128,KM.DOROLONDA,BALIKPAPAN,5,2682.98,2682.98,0.0,2690.98,663.98
136,KM.WILIS,KALABAHI,28,2558.0,2558.0,0.0,2570.0,420.0
128,KM.DOROLONDA,SURABAYA,62,2721.98,2731.0,0.0,2735.0,673.0
143,KM.LABOBAR,BANDA,6,2686.0,2686.0,0.0,2688.0,453.0
140,KM.TIDAR,MAKASSAR,40,2686.98,2686.98,0.0,2689.98,495.98
130,KM.GUNUNGDEMPO,MANOKWARI,41,2604.0,2604.0,0.0,2606.0,567.0
131,KM.AWU,KUPANG,33,2690.0,2690.0,0.0,2694.0,594.0
147,KM.NGGAPULU,AMBON,2,2645.98,2645.98,0.0,2649.98,398.98
145,KFC.JETLINER,KENDARI,30,2646.98,2646.98,0.0,2648.98,465.98
152,KM.SIRIMAU,LEWOLEBA,38,2644.98,2644.98,0.0,2646.98,314.98
130,KM.GUNUNGDEMPO,WASIOR,76,2613.0,2613.0,0.0,2614.0,567.0
148,KM.LEUSER,SEMARANG,58,2753.0,2758.0,1.7763568394002505e-14,2762.98,363.0
142,KM.SINABUNG,MANOKWARI,41,2588.0,2606.0,0.0,2608.0,378.0
147,KM.NGGAPULU,TERNATE,68,2670.98,2670.98,0.0,2672.98,398.98
145,KFC.JETLINER,RAHA,53,2656.98,2656.98,0.0,2657.98,465.98
142,KM.SINABUNG,BIAK,13,2618.0,2618.0,0.0,2620.0,378.0
140,KM.TIDAR,BAUBAU,10,2705.98,2705.98,0.0,2708.98,495.98
143,KM.LABOBAR,TUAL,71,2701.0,2701.0,0.0,2705.0,453.0
143,KM.LABOBAR,DOBO,20,2712.0,2712.0,0.0,2715.0,453.0
153,KM.EGON,PAREPARE,51,2599.0,2599.0,0.0,2602.0,217.0
157,KM.BUKITSIGUNTANG,KUPANG,33,2651.98,2651.98,0.0,2656.98,214.98000000000002
146,KM.BINAIYA,BIMA,14,2654.98,2654.98,0.0,2656.98,442.98
150,KM.TATAMAILAU,MERAUKE,43,2564.0,2586.0,1.0,2608.0,233.0
151,KM.LAWIT,SURABAYA,62,2797.02,2797.02,0.0,2801.02,441.02
148,KM.LEUSER,KUMAI,32,2791.0,2791.0,0.0,2795.0,363.0
139,KM.TILONGKABILA,GORONTALO,24,2598.0,2598.0,0.0,2600.0,393.0
141,KM.PANGRANGO,BANDA,6,2651.0,2688.0,0.0,2690.0,490.0
133,KM.BUKITSIGUNTANG,MAUMERE,42,2653.0,2653.0,0.0,2655.0,569.0
143,KM.LABOBAR,KAIMANA,27,2724.0,2724.0,0.0,2729.0,453.0
147,KM.NGGAPULU,JAILOLO,25,2674.98,2674.98,0.0,2676.98,398.98
140,KM.TIDAR,MAUMERE,42,2722.98,2722.98,0.0,2724.98,495.98
129,KM.CIREMAI,BAUBAU,10,2662.0,2662.0,0.0,2664.0,658.0
130,KM.GUNUNGDEMPO,NABIRE,45,2621.0,2621.0,0.0,2623.0,567.0
129,KM.CIREMAI,NAMLEA,46,2690.0,2690.0,0.0,2692.0,658.0
155,KM.GUNUNGDEMPO,WASIOR,76,2605.0,2614.0,0.0,2615.0,214.0
148,KM.LEUSER,SURABAYA,62,2822.0,2822.0,0.0,2826.0,363.0
152,KM.SIRIMAU,KUPANG,33,2659.98,2659.98,1.7763568394002505e-14,2666.96,314.98
131,KM.AWU,KALABAHI,28,2707.0,2707.0,0.0,2709.0,594.0
131,KM.AWU,KUPANG,33,2722.0,2722.0,0.0,2726.0,594.0
133,KM.BUKITSIGUNTANG,LEWOLEBA,38,2661.0,2661.0,0.0,2663.0,569.0
139,KM.TILONGKABILA,BITUNG,15,2615.0,2615.0,0.0,2651.0,393.0
128,KM.DOROLONDA,BALIKPAPAN,5,2765.0,2765.0,0.0,2768.0,673.0
141,KM.PANGRANGO,SAUMLAKI,57,2717.0,2717.0,1.7763568394002505e-14,2721.98,490.0
152,KM.SIRIMAU,KALABAHI,28,2681.98,2709.0,0.0,2711.0,342.0
143,KM.LABOBAR,FAKFAK,22,2739.0,2739.0,0.0,2742.0,453.0
142,KM.SINABUNG,JAYAPURA,26,2641.0,2641.0,0.0,2647.0,378.0
134,KFC.JETLINER,KENDARI,30,2614.98,2648.98,0.0,2654.98,669.98
130,KM.GUNUNGDEMPO,JAYAPURA,26,2646.0,2647.0,0.0,2653.0,568.0
134,KFC.JETLINER,WANCI,74,2667.98,2667.98,0.0,2669.98,669.98
142,KM.SINABUNG,BIAK,13,2668.0,2668.0,0.0,2670.0,378.0
133,KM.BUKITSIGUNTANG,KUPANG,33,2670.0,2694.0,0.0,2699.0,593.0
157,KM.BUKITSIGUNTANG,LEWOLEBA,38,2663.98,2663.98,0.0,2665.98,214.98000000000002
147,KM.NGGAPULU,BITUNG,15,2686.98,2686.98,0.0,2690.98,398.98
152,KM.SIRIMAU,SAUMLAKI,57,2754.0,2754.0,0.0,2756.0,342.0
143,KM.LABOBAR,SORONG,61,2755.0,2755.0,0.0,2759.0,453.0
137,KM.DOBONSOLO,TUAL,71,2592.0,2705.0,1.8207657603852567e-14,2707.98,572.0
153,KM.EGON,BONTANG,17,2628.0,2628.0,16.0,2648.0,233.0
154,KM.KELUD,BATAM,8,2475.0,2475.0,0.0,2479.0,195.0
145,KFC.JETLINER,KENDARI,30,2665.98,2665.98,0.0,2667.98,465.98
148,KM.LEUSER,KUMAI,32,2854.0,2854.0,0.0,2857.0,363.0
131,KM.AWU,ENDE,21,2739.0,2739.0,0.0,2741.0,594.0
150,KM.TATAMAILAU,AGATS,1,2644.0,2644.0,6.0,2652.0,239.0
156,KM.AWU,BENOA,12,2659.0,2659.0,0.0,2662.0,265.0
156,KM.AWU,BIMA,14,2683.0,2683.0,0.0,2685.0,265.0
157,KM.BUKITSIGUNTANG,MAUMERE,42,2671.98,2724.98,0.0,2726.98,267.98
129,KM.CIREMAI,AMBON,2,2697.0,2697.0,0.0,2701.0,658.0
140,KM.TIDAR,LARANTUKA,35,2730.98,2730.98,0.0,2732.98,495.98
135,KM.NGGAPULU,BELAWAN,11,2406.0,2416.0,0.0,2423.0,368.0
156,KM.AWU,WAINGAPU,73,2699.0,2699.0,0.0,2701.0,265.0
144,KM.KELIMUTU,KUMAI,32,2783.0,2861.0,0.0,2863.0,634.0
152,KM.SIRIMAU,TUAL,71,2777.0,2777.0,0.0,2781.0,342.0
132,KM.BUKITRAYA,PONTIANAK,52,2802.0,2802.0,8.0,2812.0,582.0
155,KM.GUNUNGDEMPO,NABIRE,45,2622.0,2623.0,0.0,2625.0,215.0
135,KM.NGGAPULU,BATAM,8,2445.0,2479.0,0.0,2485.0,402.0
151,KM.LAWIT,SAMPIT,55,2834.02,2866.0,1.0,2887.0,474.0
134,KFC.JETLINER,KENDARI,30,2682.98,2682.98,0.0,2684.98,669.98
131,KM.AWU,WAINGAPU,73,2750.0,2750.0,0.0,2753.0,594.0
156,KM.AWU,ENDE,21,2710.0,2741.0,0.0,2743.0,296.0
151,KM.LAWIT,SEMARANG,58,2919.0,2919.0,1.8207657603852567e-14,2921.98,474.0
130,KM.GUNUNGDEMPO,NABIRE,45,2677.0,2677.0,0.0,2679.0,568.0
146,KM.BINAIYA,LABUANBAJO,34,2664.98,2664.98,0.0,2666.98,442.98
149,KM.SANGIANG,GESER,23,2659.0,2659.0,0.0,2661.0,362.0
132,KM.BUKITRAYA,SERASAN,59,2827.0,2827.0,0.0,2828.0,582.0
151,KM.LAWIT,KUMAI,32,2948.0,2960.0,0.0,2963.0,486.0
147,KM.NGGAPULU,JAILOLO,25,2700.98,2700.98,1.8207657603852567e-14,2702.96,398.98
151,KM.LAWIT,SEMARANG,58,2989.0,2989.0,0.0,3004.0,486.0
129,KM.CIREMAI,SORONG,61,2723.0,2725.0,0.0,2728.0,660.0
143,KM.LABOBAR,MANOKWARI,41,2772.0,2772.0,0.0,2774.0,453.0
140,KM.TIDAR,LEWOLEBA,38,2735.98,2735.98,0.0,2737.98,495.98
146,KM.BINAIYA,MAKASSAR,40,2685.98,2685.98,0.0,2690.98,442.98
150,KM.TATAMAILAU,TIMIKA,70,2663.0,2663.0,0.0,2665.0,239.0
147,KM.NGGAPULU,TERNATE,68,2704.98,2704.98,0.0,2706.98,398.98
144,KM.KELIMUTU,SEMARANG,58,2888.0,3004.0,0.0,3008.0,750.0
156,KM.AWU,KUPANG,33,2756.0,2756.0,0.0,2760.0,296.0
149,KM.SANGIANG,FAKFAK,22,2673.0,2742.0,0.0,2751.0,431.0
129,KM.CIREMAI,MANOKWARI,41,2743.0,2774.0,0.0,2776.0,691.0
151,KM.LAWIT,KARIMUNJAWA,29,3011.0,3011.0,0.0,3040.0,486.0
134,KFC.JETLINER,RAHA,53,2692.98,2692.98,0.0,2693.98,669.98
136,KM.WILIS,KUPANG,33,2586.0,2726.0,0.0,2734.0,560.0
146,KM.BINAIYA,AWERANGE,3,2696.98,2696.98,1.8207657603852567e-14,2698.96,442.98
157,KM.BUKITSIGUNTANG,MAKASSAR,40,2744.98,2744.98,0.0,2750.98,267.98
152,KM.SIRIMAU,DOBO,20,2794.0,2794.0,0.0,2796.0,342.0
143,KM.LABOBAR,NABIRE,45,2785.0,2785.0,0.0,2787.0,453.0
129,KM.CIREMAI,BIAK,13,2785.0,2785.0,0.0,2787.0,691.0
145,KFC.JETLINER,WANCI,74,2680.98,2680.98,0.0,2682.98,465.98
148,KM.LEUSER,SURABAYA,62,2884.0,2884.0,0.0,2888.0,363.0
149,KM.SANGIANG,GESER,23,2764.0,2764.0,0.0,2766.0,431.0
140,KM.TIDAR,KUPANG,33,2745.98,2745.98,0.0,2749.98,495.98
156,KM.AWU,KALABAHI,28,2773.0,2773.0,0.0,2775.0,296.0
150,KM.TATAMAILAU,DOBO,20,2682.0,2796.0,0.0,2798.0,353.0
141,KM.PANGRANGO,BANDA,6,2751.0,2751.0,0.0,2753.0,490.0
156,KM.AWU,KUPANG,33,2788.0,2788.0,1.8207657603852567e-14,2791.98,296.0
141,KM.PANGRANGO,AMBON,2,2767.0,2767.0,0.0,2787.0,490.0
136,KM.WILIS,ENDE,21,2750.0,2750.0,0.0,2752.0,560.0
139,KM.TILONGKABILA,GORONTALO,24,2666.0,2666.0,0.0,2668.0,393.0
133,KM.BUKITSIGUNTANG,LEWOLEBA,38,2706.0,2737.98,0.0,2739.98,624.98
144,KM.KELIMUTU,KUMAI,32,3033.0,3033.0,0.0,3041.0,750.0
148,KM.LEUSER,SAMPIT,55,2918.0,2918.0,0.0,2938.0,363.0
152,KM.SIRIMAU,TIMIKA,70,2817.0,2817.0,0.0,2819.0,342.0
129,KM.CIREMAI,SERUI,60,2795.0,2795.0,0.0,2797.0,691.0
131,KM.AWU,BIMA,14,2767.0,2767.0,0.0,2769.0,594.0
139,KM.TILONGKABILA,LUWUK,39,2679.0,2679.0,0.0,2681.0,393.0
140,KM.TIDAR,LEWOLEBA,38,2758.98,2758.98,0.0,2760.98,495.98
153,KM.EGON,PAREPARE,51,2673.0,2673.0,0.0,2675.0,233.0
128,KM.DOROLONDA,SURABAYA,62,2799.0,2826.0,0.0,2830.0,700.0
147,KM.NGGAPULU,AMBON,2,2727.98,2727.98,0.0,2730.98,398.98
139,KM.TILONGKABILA,KENDARI,30,2699.0,2699.0,0.0,2703.0,393.0
152,KM.SIRIMAU,AGATS,1,2831.0,2831.0,0.0,2833.0,342.0
142,KM.SINABUNG,MANOKWARI,41,2680.0,2776.0,1.8207657603852567e-14,2777.98,474.0
143,KM.LABOBAR,WASIOR,76,2794.0,2794.0,0.0,2796.0,453.0
155,KM.GUNUNGDEMPO,JAYAPURA,26,2648.0,2653.0,0.0,2658.0,220.0
128,KM.DOROLONDA,BALIKPAPAN,5,2860.0,2860.0,0.0,2870.0,700.0
138,KM.KELUD,BELAWAN,11,2483.0,2483.0,0.0,2488.0,313.0
148,KM.LEUSER,SURABAYA,62,2966.0,2966.0,0.0,2969.0,363.0
151,KM.LAWIT,SEMARANG,58,3047.0,3047.0,0.0,3053.0,486.0
139,KM.TILONGKABILA,RAHA,53,2710.0,2710.0,0.0,2711.0,393.0
143,KM.LABOBAR,MANOKWARI,41,2803.0,2803.0,1.8207657603852567e-14,2804.98,453.0
157,KM.BUKITSIGUNTANG,PAREPARE,51,2755.98,2755.98,0.0,2759.98,267.98
151,KM.LAWIT,SAMPIT,55,3090.0,3227.0,0.0,3248.0,623.0
154,KM.KELUD,TANJUNGBALAIKARIMUN,63,2482.0,2482.0,0.0,2484.0,195.0
143,KM.LABOBAR,SORONG,61,2818.0,2818.0,0.0,2821.0,453.0
152,KM.SIRIMAU,MERAUKE,43,2878.0,2946.0,14.0,2969.0,424.0
143,KM.LABOBAR,FAKFAK,22,2834.0,2834.0,0.0,2836.0,453.0
134,KFC.JETLINER,KENDARI,30,2701.98,2703.0,0.0,2705.0,671.0
149,KM.SANGIANG,BANDA,6,2776.0,2776.0,0.0,2778.0,431.0
148,KM.LEUSER,KUMAI,32,2997.0,3041.0,0.0,3053.0,407.0
147,KM.NGGAPULU,NAMLEA,46,2736.98,2736.98,0.0,2738.98,398.98
133,KM.BUKITSIGUNTANG,MAUMERE,42,2745.98,2745.98,0.0,2747.98,624.98
146,KM.BINAIYA,BONTANG,17,2725.98,2725.98,0.0,2728.98,442.98
147,KM.NGGAPULU,BAUBAU,10,2763.98,2763.98,0.0,2765.98,398.98
138,KM.KELUD,TANJUNGBALAIKARIMUN,63,2510.0,2510.0,0.0,2511.0,313.0
157,KM.BUKITSIGUNTANG,BALIKPAPAN,5,2775.98,2870.0,0.0,2872.0,362.0
143,KM.LABOBAR,KAIMANA,27,2847.0,2847.0,0.0,2849.0,453.0
137,KM.DOBONSOLO,DOBO,20,2715.0,2798.0,0.0,2800.0,655.0
136,KM.WILIS,WAINGAPU,73,2763.0,2763.0,0.0,2765.0,560.0
151,KM.LAWIT,SURABAYA,62,3276.0,3276.0,0.0,3278.0,623.0
146,KM.BINAIYA,PAREPARE,51,2755.98,2759.98,0.0,2761.98,446.98
153,KM.EGON,BATULICIN,9,2698.0,2699.0,0.0,2702.0,234.0
156,KM.AWU,ENDE,21,2805.0,2805.0,0.0,2807.0,296.0
142,KM.SINABUNG,SORONG,61,2793.0,2793.0,0.0,2796.0,474.0
152,KM.SIRIMAU,AGATS,1,3011.0,3011.0,0.0,3013.0,424.0
136,KM.WILIS,WAIKELO,72,2774.0,2774.0,0.0,2775.0,560.0
149,KM.SANGIANG,AMBON,2,2796.0,2796.0,1.7763568394002505e-14,2806.98,431.0
145,KFC.JETLINER,KENDARI,30,2695.98,2705.0,0.0,2724.0,475.0
146,KM.BINAIYA,BONTANG,17,2788.98,2788.98,0.0,2791.98,446.98
129,KM.CIREMAI,JAYAPURA,26,2817.0,2826.0,1.0,2836.0,701.0
148,KM.LEUSER,SEMARANG,58,3078.0,3078.0,0.0,3083.0,407.0
156,KM.AWU,WAINGAPU,73,2816.0,2816.0,0.0,2819.0,296.0
144,KM.KELIMUTU,SEMARANG,58,3066.0,3083.0,1.7763568394002505e-14,3094.98,767.0
144,KM.KELIMUTU,PONTIANAK,52,3145.0,3161.0,0.0,3164.0,783.0
141,KM.PANGRANGO,BANDA,6,2801.0,2801.0,0.0,2803.0,490.0
143,KM.LABOBAR,DOBO,20,2858.0,2858.0,0.0,2860.0,453.0
152,KM.SIRIMAU,TIMIKA,70,3031.0,3031.0,0.0,3033.0,424.0
153,KM.EGON,SURABAYA,62,2728.0,2969.0,0.0,2973.0,475.0
150,KM.TATAMAILAU,TUAL,71,2808.0,2808.0,0.0,2811.0,353.0
133,KM.BUKITSIGUNTANG,MAKASSAR,40,2765.98,2765.98,0.0,2771.98,624.98
152,KM.SIRIMAU,DOBO,20,3053.0,3053.0,0.0,3055.0,424.0
149,KM.SANGIANG,NAMLEA,46,2818.0,2818.0,0.0,2823.0,431.0
129,KM.CIREMAI,SERUI,60,2857.0,2857.0,0.0,2859.0,701.0
149,KM.SANGIANG,SANANA,56,2837.0,2837.0,0.0,2839.0,431.0
152,KM.SIRIMAU,TUAL,71,3067.0,3067.0,0.0,3072.0,424.0
133,KM.BUKITSIGUNTANG,PAREPARE,51,2776.98,2776.98,0.0,2780.98,624.98
146,KM.BINAIYA,AWERANGE,3,2818.98,2818.98,0.0,2820.98,446.98
129,KM.CIREMAI,BIAK,13,2867.0,2867.0,0.0,2869.0,701.0
137,KM.DOBONSOLO,KAIMANA,27,2810.0,2849.0,0.0,2852.0,694.0
157,KM.BUKITSIGUNTANG,TARAKAN,66,2896.0,2896.0,0.0,2900.0,362.0
132,KM.BUKITRAYA,MIDAI,44,2836.0,2836.0,0.0,2837.0,582.0
131,KM.AWU,BENOA,12,2791.0,2791.0,0.0,2795.0,594.0
135,KM.NGGAPULU,KIJANG,31,2489.0,2566.0,0.0,2568.0,479.0
151,KM.LAWIT,KUMAI,32,3306.0,3320.0,0.0,3324.0,637.0
139,KM.TILONGKABILA,BAUBAU,10,2716.0,2716.0,0.0,2718.0,393.0
146,KM.BINAIYA,MAKASSAR,40,2826.98,2826.98,0.0,2831.98,446.98
132,KM.BUKITRAYA,NATUNA,48,2841.0,2841.0,0.0,2842.0,582.0
138,KM.KELUD,BATAM,8,2514.0,2514.0,0.0,2518.0,313.0
156,KM.AWU,BIMA,14,2833.0,2833.0,0.0,2835.0,296.0
146,KM.BINAIYA,BATULICIN,9,2856.98,2856.98,0.0,2859.98,446.98
153,KM.EGON,LEMBAR,36,2996.0,2996.0,5.0,3004.0,480.0
143,KM.LABOBAR,TUAL,71,2867.0,3072.0,0.0,3075.0,658.0
143,KM.LABOBAR,BANDA,6,3087.0,3087.0,0.0,3089.0,658.0
141,KM.PANGRANGO,SAUMLAKI,57,2830.0,2830.0,0.0,2834.0,490.0
140,KM.TIDAR,LARANTUKA,35,2763.98,2763.98,0.0,2765.98,495.98
143,KM.LABOBAR,AMBON,2,3097.0,3097.0,0.0,3099.0,658.0
133,KM.BUKITSIGUNTANG,BALIKPAPAN,5,2796.98,2872.0,0.0,2874.0,700.0
151,KM.LAWIT,SEMARANG,58,3350.0,3350.0,0.0,3353.0,637.0
140,KM.TIDAR,MAUMERE,42,2771.98,2771.98,0.0,2773.98,495.98
137,KM.DOBONSOLO,FAKFAK,22,2864.0,2864.0,0.0,2868.0,694.0
128,KM.DOROLONDA,PANTOLOAN,50,2882.0,2882.0,0.0,2885.0,700.0
139,KM.TILONGKABILA,MAKASSAR,40,2740.0,2771.98,1.7763568394002505e-14,2776.96,424.98
151,KM.LAWIT,SAMPIT,55,3389.0,3399.0,114.0,3533.0,761.0
139,KM.TILONGKABILA,BIMA,14,2796.98,2835.0,0.0,2838.0,463.0
154,KM.KELUD,BELAWAN,11,2506.0,2506.0,0.0,2511.0,195.0
137,KM.DOBONSOLO,AMBON,2,2888.0,2888.0,0.0,2891.0,694.0
132,KM.BUKITRAYA,TAREMPA,67,2852.0,2852.0,0.0,2853.0,582.0
150,KM.TATAMAILAU,AMBON,2,2840.0,2891.0,0.0,2894.0,404.0
136,KM.WILIS,BIMA,14,2786.0,2838.0,0.0,2840.0,612.0
130,KM.GUNUNGDEMPO,WASIOR,76,2686.0,2796.0,0.0,2797.0,678.0
141,KM.PANGRANGO,BANDA,6,2862.0,3089.0,0.0,3091.0,717.0
134,KFC.JETLINER,WANCI,74,2718.0,2718.0,0.0,2720.0,671.0
137,KM.DOBONSOLO,BAUBAU,10,2918.0,2918.0,0.0,2920.0,694.0
155,KM.GUNUNGDEMPO,NABIRE,45,2682.0,2787.0,0.0,2789.0,325.0
139,KM.TILONGKABILA,LABUANBAJO,34,2845.0,2845.0,0.0,2847.0,463.0
133,KM.BUKITSIGUNTANG,TARAKAN,66,2898.0,2900.0,0.0,2904.0,702.0
147,KM.NGGAPULU,MAKASSAR,40,2781.98,2781.98,0.0,2784.98,398.98
155,KM.GUNUNGDEMPO,WASIOR,76,2796.0,2797.0,1.8207657603852567e-14,2797.98,326.0
150,KM.TATAMAILAU,TERNATE,68,2922.0,2922.0,0.0,2923.0,404.0
136,KM.WILIS,LABUANBAJO,34,2849.0,2849.0,0.0,2850.0,612.0
139,KM.TILONGKABILA,MAKASSAR,40,2866.0,2866.0,0.0,2870.0,463.0
146,KM.BINAIYA,SURABAYA,62,2891.98,2973.0,1.8207657603852567e-14,2975.98,528.0
128,KM.DOROLONDA,BITUNG,15,2914.0,2914.0,0.0,2923.0,700.0
133,KM.BUKITSIGUNTANG,NUNUKAN,49,2910.0,2910.0,0.0,2912.0,702.0
157,KM.BUKITSIGUNTANG,NUNUKAN,49,2906.0,2912.0,0.0,2914.0,368.0
152,KM.SIRIMAU,SAUMLAKI,57,3093.0,3093.0,0.0,3095.0,424.0
140,KM.TIDAR,BAUBAU,10,2786.98,2786.98,0.0,2788.98,495.98
129,KM.CIREMAI,MANOKWARI,41,2878.0,2878.0,0.0,2880.0,701.0
149,KM.SANGIANG,BACAN,4,2860.0,2860.0,0.0,2862.0,431.0
154,KM.KELUD,BATAM,8,2533.0,2533.0,0.0,2540.0,195.0
130,KM.GUNUNGDEMPO,MANOKWARI,41,2805.0,2880.0,0.0,2882.0,753.0
156,KM.AWU,BENOA,12,2856.0,2856.0,0.0,2859.0,296.0
137,KM.DOBONSOLO,MAKASSAR,40,2936.0,2936.0,0.0,2938.0,694.0
157,KM.BUKITSIGUNTANG,BALIKPAPAN,5,2941.0,2941.0,0.0,2943.0,368.0
148,KM.LEUSER,KUMAI,32,3108.0,3324.0,0.0,3327.0,623.0
129,KM.CIREMAI,SORONG,61,2894.0,2899.0,0.0,2902.0,706.0
139,KM.TILONGKABILA,LABUANBAJO,34,2890.0,2890.0,0.0,2892.0,463.0
139,KM.TILONGKABILA,BIMA,14,2899.0,2899.0,0.0,2901.0,463.0
143,KM.LABOBAR,BAUBAU,10,3124.0,3124.0,0.0,3127.0,658.0
129,KM.CIREMAI,AMBON,2,2923.0,2923.0,4.0,2931.0,710.0
155,KM.GUNUNGDEMPO,MANOKWARI,41,2806.0,2882.0,0.0,2884.0,402.0
133,KM.BUKITSIGUNTANG,BALIKPAPAN,5,2939.0,2943.0,0.0,2945.0,706.0
129,KM.CIREMAI,BAUBAU,10,2958.0,2958.0,0.0,2960.0,710.0
130,KM.GUNUNGDEMPO,SORONG,61,2895.0,2895.0,0.0,2898.0,753.0
128,KM.DOROLONDA,PANTOLOAN,50,2952.0,2952.0,0.0,2955.0,700.0
140,KM.TIDAR,MAKASSAR,40,2806.98,2870.0,0.0,2875.0,559.0
155,KM.GUNUNGDEMPO,SORONG,61,2897.0,2898.0,0.0,2901.0,403.0
155,KM.GUNUNGDEMPO,BAUBAU,10,2940.0,2960.0,0.0,2962.0,423.0
139,KM.TILONGKABILA,LEMBAR,36,2921.0,3004.0,0.0,3006.0,546.0
142,KM.SINABUNG,BAUBAU,10,2841.0,2962.0,0.0,2965.0,595.0
157,KM.BUKITSIGUNTANG,PAREPARE,51,2959.0,2959.0,0.0,2962.0,368.0
134,KFC.JETLINER,KENDARI,30,2733.0,2733.0,0.0,2752.0,671.0
143,KM.LABOBAR,MAKASSAR,40,3141.0,3141.0,0.0,3144.0,658.0
142,KM.SINABUNG,MAKASSAR,40,2982.0,2982.0,0.0,2984.0,595.0
154,KM.KELUD,BELAWAN,11,2562.0,2562.0,0.0,2581.0,195.0
133,KM.BUKITSIGUNTANG,PAREPARE,51,2961.0,2962.0,0.0,2965.0,707.0
132,KM.BUKITRAYA,LETUNG,37,2858.0,2858.0,0.0,2859.0,582.0
152,KM.SIRIMAU,KALABAHI,28,3142.0,3142.0,0.0,3144.0,424.0
132,KM.BUKITRAYA,KIJANG,31,2871.0,2871.0,0.0,2872.0,582.0
155,KM.GUNUNGDEMPO,MAKASSAR,40,2977.0,2984.0,0.0,2986.0,430.0
140,KM.TIDAR,SURABAYA,62,2907.0,2975.98,0.0,2977.98,627.98
132,KM.BUKITRAYA,BLINYU,16,2886.0,2886.0,0.0,2887.0,582.0
144,KM.KELIMUTU,TANJUNGPANDAN,64,3185.0,3185.0,0.0,3186.0,783.0
147,KM.NGGAPULU,SURABAYA,62,2815.98,2977.98,0.0,2979.98,560.98
156,KM.AWU,SURABAYA,62,2887.0,2979.98,0.0,2982.98,388.98
152,KM.SIRIMAU,KUPANG,33,3159.0,3159.0,0.0,3166.0,424.0
129,KM.CIREMAI,MAKASSAR,40,2976.0,2986.0,0.0,2989.0,720.0
128,KM.DOROLONDA,BALIKPAPAN,5,2967.0,2967.0,0.0,2969.0,700.0
146,KM.BINAIYA,BATULICIN,9,3008.0,3008.0,0.0,3011.0,528.0
154,KM.KELUD,BATAM,8,2603.0,2604.0,0.0,2607.0,196.0
152,KM.SIRIMAU,LEWOLEBA,38,3179.0,3179.0,0.0,3181.0,424.0
130,KM.GUNUNGDEMPO,MAKASSAR,40,2949.0,2989.0,0.0,2991.0,793.0
137,KM.DOBONSOLO,SURABAYA,62,2970.0,2982.98,0.0,2984.98,706.98
152,KM.SIRIMAU,MAUMERE,42,3194.0,3194.0,0.0,3196.0,424.0
136,KM.WILIS,MAKASSAR,40,2874.0,2991.0,0.0,2994.0,729.0
145,KFC.JETLINER,WANCI,74,2737.0,2737.0,0.0,2739.0,475.0
152,KM.SIRIMAU,BAUBAU,10,3216.0,3216.0,0.0,3219.0,424.0
129,KM.CIREMAI,SURABAYA,62,3017.0,3017.0,0.0,3019.0,720.0
152,KM.SIRIMAU,WANCI,74,3228.0,3228.0,0.0,3230.0,424.0
148,KM.LEUSER,SURABAYA,62,3354.0,3354.0,0.0,3358.0,623.0
146,KM.BINAIYA,MAKASSAR,40,3036.0,3036.0,0.0,3039.0,528.0
134,KFC.JETLINER,WANCI,74,2765.0,3230.0,0.0,3232.0,1136.0
131,KM.AWU,SURABAYA,62,2823.0,3278.0,0.0,3280.0,1049.0
148,KM.LEUSER,KUMAI,32,3386.0,3386.0,0.0,3389.0,623.0
140,KM.TIDAR,TANJUNGPRIOK,65,3007.98,3007.98,0.0,3009.98,627.98
152,KM.SIRIMAU,AMBON,2,3260.0,3260.0,0.0,3263.0,424.0
155,KM.GUNUNGDEMPO,SURABAYA,62,3012.0,3280.0,0.0,3282.0,698.0
130,KM.GUNUNGDEMPO,SURABAYA,62,3018.0,3282.0,0.0,3284.0,1057.0
143,KM.LABOBAR,SURABAYA,62,3172.0,3284.0,0.0,3287.0,770.0
149,KM.SANGIANG,TERNATE,68,2874.0,2923.0,0.0,2925.0,480.0
182,KM.KELUD,TANJUNGPRIOK,65,2622.0,2622.0,0.0,2635.0,0.0
170,KFC.JETLINER,KENDARI,30,2445.0,2752.0,0.0,2762.0,307.0
172,KM.SANGIANG,BITUNG,15,2465.0,2923.0,0.0,2946.0,458.0
180,KFC.JETLINER,KENDARI,30,2613.0,2762.0,0.0,2772.0,149.0
180,KFC.JETLINER,WANCI,74,2785.0,3232.0,0.0,3234.0,596.0
178,KM.BUKITSIGUNTANG,MAKASSAR,40,2599.0,3039.0,0.0,3058.0,440.0
167,KM.KELIMUTU,TANJUNGPRIOK,65,2421.0,2635.0,0.0,2659.0,214.0
166,KM.TIDAR,KIJANG,31,2416.0,2872.0,0.0,2875.0,456.0
164,KM.BUKITRAYA,TANJUNGPRIOK,65,2337.0,2659.0,0.0,2664.0,322.0
171,KM.NGGAPULU,TANJUNGPRIOK,65,2445.0,2664.0,0.0,2674.0,219.0
183,KM.LAMBELU,MAKASSAR,40,2643.0,3058.0,0.0,3063.0,415.0
186,KM.WILIS,BATULICIN,9,2703.0,3011.0,0.0,3014.0,308.0
177,KM.EGON,WAINGAPU,73,2553.0,2819.0,6.0,2829.0,272.0
161,KM.DOBONSOLO,TANJUNGPRIOK,65,2305.0,2674.0,0.0,2693.0,369.0
159,KM.WILIS,BATULICIN,9,2295.0,3014.0,0.0,3054.0,719.0
175,KM.TATAMAILAU,BITUNG,15,2532.0,2946.0,0.0,2960.0,414.0
187,KM.KELIMUTU,TANJUNGPRIOK,65,2704.0,2704.0,0.0,2744.0,0.0
159,KM.WILIS,MAKASSAR,40,3085.0,3085.0,0.0,3093.0,719.0
167,KM.KELIMUTU,TANJUNGPANDAN,64,2677.0,3186.0,0.0,3188.0,723.0
171,KM.NGGAPULU,SURABAYA,62,2699.0,3287.0,0.0,3291.0,807.0
186,KM.WILIS,MAKASSAR,40,3044.0,3093.0,0.0,3101.0,357.0
165,KM.PANGRANGO,AMBON,2,2388.0,3099.0,0.0,3128.0,711.0
177,KM.EGON,LEMBAR,36,2855.0,3006.0,0.0,3009.0,423.0
159,KM.WILIS,LABUANBAJO,34,3117.0,3117.0,1.8207657603852567e-14,3118.98,719.0
168,KM.SINABUNG,SURABAYA,62,2421.0,3291.0,0.0,3300.0,870.0
159,KM.WILIS,BIMA,14,3129.0,3129.0,0.0,3131.0,719.0
174,KM.BINAIYA,LABUANBAJO,34,2531.0,3118.98,0.0,3122.98,587.98
158,KFC.JETLINER,KENDARI,30,2277.0,2772.0,0.0,2782.0,495.0
161,KM.DOBONSOLO,SURABAYA,62,2721.0,3300.0,0.0,3304.0,948.0
168,KM.SINABUNG,BALIKPAPAN,5,3335.0,3335.0,0.0,3338.0,870.0
171,KM.NGGAPULU,MAKASSAR,40,3321.0,3321.0,0.0,3324.0,807.0
174,KM.BINAIYA,BIMA,14,3130.98,3131.0,0.0,3133.0,588.0
184,KM.DOROLONDA,SURABAYA,62,2671.0,3304.0,0.0,3317.0,633.0
166,KM.TIDAR,TANJUNGPRIOK,65,2911.0,2911.0,0.0,2917.0,456.0
159,KM.WILIS,MAKASSAR,40,3155.0,3155.0,0.0,3160.0,719.0
167,KM.KELIMUTU,PONTIANAK,52,3212.0,3212.0,17.0,3232.0,740.0
162,KM.LAMBELU,MAKASSAR,40,2307.0,3160.0,0.0,3168.0,853.0
179,KM.GUNUNGDEMPO,TANJUNGPRIOK,65,2608.0,2917.0,0.0,2928.0,309.0
179,KM.GUNUNGDEMPO,SURABAYA,62,2952.0,3317.0,0.0,3321.0,674.0
180,KFC.JETLINER,KENDARI,30,3247.0,3247.0,0.0,3253.0,596.0
175,KM.TATAMAILAU,TIDORE,69,2974.0,2974.0,0.0,2976.0,414.0
184,KM.DOROLONDA,MAKASSAR,40,3346.0,3346.0,0.0,3350.0,633.0
163,KM.CIREMAI,TANJUNGPRIOK,65,2327.0,2928.0,0.0,2943.0,601.0
180,KFC.JETLINER,WANCI,74,3266.0,3266.0,0.0,3268.0,596.0
178,KM.BUKITSIGUNTANG,PAREPARE,51,3063.0,3063.0,0.0,3067.0,440.0
187,KM.KELIMUTU,TANJUNGPANDAN,64,2762.0,3188.0,0.0,3190.0,426.0
168,KM.SINABUNG,MAKASSAR,40,3359.0,3359.0,0.0,3363.0,870.0
166,KM.TIDAR,SURABAYA,62,2946.0,3321.0,0.0,3324.0,831.0
161,KM.DOBONSOLO,BALIKPAPAN,5,3339.0,3339.0,0.0,3344.0,948.0
158,KFC.JETLINER,WANCI,74,2795.0,3268.0,0.0,3270.0,968.0
173,KM.TILONGKABILA,BENOA,12,2466.0,2859.0,0.0,2871.0,393.0
177,KM.EGON,SURABAYA,62,3034.0,3324.0,1.7763568394002505e-14,3328.98,713.0
176,KM.LABOBAR,TANJUNGPRIOK,65,2542.0,2943.0,0.0,2953.0,401.0
185,KM.BUKITRAYA,SEMARANG,58,2690.0,3353.0,0.0,3357.0,663.0
159,KM.WILIS,BIMA,14,3184.0,3184.0,0.0,3186.0,719.0
171,KM.NGGAPULU,BAUBAU,10,3339.0,3339.0,0.0,3342.0,807.0
172,KM.SANGIANG,TERNATE,68,2967.0,2967.0,0.0,2970.0,458.0
186,KM.WILIS,LABUANBAJO,34,3125.0,3125.0,0.0,3126.0,357.0
185,KM.BUKITRAYA,KUMAI,32,3379.0,3389.0,0.0,3392.0,673.0
160,KM.DOROLONDA,SURABAYA,62,2300.0,3328.98,0.0,3337.98,1028.98
175,KM.TATAMAILAU,AMBON,2,3003.0,3128.0,0.0,3130.0,539.0
179,KM.GUNUNGDEMPO,MAKASSAR,40,3347.0,3350.0,0.0,3353.0,677.0
179,KM.GUNUNGDEMPO,SORONG,61,3403.0,3403.0,0.0,3406.0,677.0
179,KM.GUNUNGDEMPO,MANOKWARI,41,3418.0,3418.0,0.0,3420.0,677.0
172,KM.SANGIANG,BACAN,4,2983.0,2983.0,0.0,2985.0,458.0
159,KM.WILIS,WAIKELO,72,3197.0,3197.0,0.0,3198.0,719.0
187,KM.KELIMUTU,PONTIANAK,52,3214.0,3234.0,0.0,3236.0,446.0
174,KM.BINAIYA,MAKASSAR,40,3153.0,3353.0,0.0,3359.0,788.0
162,KM.LAMBELU,PAREPARE,51,3173.0,3173.0,0.0,3176.0,853.0
181,KM.AWU,KUMAI,32,2622.0,3392.0,0.0,3396.0,770.0
158,KFC.JETLINER,KENDARI,30,3283.0,3283.0,0.0,3289.0,968.0
186,KM.WILIS,BIMA,14,3135.0,3186.0,0.0,3187.0,408.0
165,KM.PANGRANGO,BANDA,6,3142.0,3142.0,0.0,3175.0,711.0
160,KM.DOROLONDA,BALIKPAPAN,5,3366.98,3366.98,0.0,3369.98,1028.98
166,KM.TIDAR,MAKASSAR,40,3355.0,3359.0,0.0,3362.0,835.0
165,KM.PANGRANGO,AMBON,2,3189.0,3189.0,0.0,3203.0,711.0
164,KM.BUKITRAYA,BLINYU,16,2693.0,2887.0,0.0,2888.0,516.0
158,KFC.JETLINER,WANCI,74,3302.0,3302.0,0.0,3304.0,968.0
159,KM.WILIS,WAINGAPU,73,3207.0,3207.0,0.0,3211.0,719.0
166,KM.TIDAR,BAUBAU,10,3379.0,3379.0,0.0,3382.0,835.0
186,KM.WILIS,WAIKELO,72,3198.0,3198.0,0.0,3199.0,408.0
164,KM.BUKITRAYA,KIJANG,31,2902.0,2902.0,0.0,2904.0,516.0
175,KM.TATAMAILAU,SORONG,61,3160.0,3160.0,0.0,3162.0,539.0
162,KM.LAMBELU,BALIKPAPAN,5,3192.0,3369.98,0.0,3371.98,1030.98
162,KM.LAMBELU,TARAKAN,66,3397.98,3397.98,0.0,3400.98,1030.98
173,KM.TILONGKABILA,LEMBAR,36,2877.0,3009.0,0.0,3011.0,525.0
187,KM.KELIMUTU,SEMARANG,58,3280.0,3357.0,0.0,3362.0,523.0
176,KM.LABOBAR,SURABAYA,62,2979.0,3337.98,0.0,3341.98,759.98
164,KM.BUKITRAYA,LETUNG,37,2918.0,2918.0,0.0,2919.0,516.0
166,KM.TIDAR,MAUMERE,42,3396.0,3396.0,0.0,3398.0,835.0
176,KM.LABOBAR,MAKASSAR,40,3370.98,3370.98,0.0,3373.98,759.98
182,KM.KELUD,BATAM,8,2666.0,2666.0,0.0,2670.0,0.0
164,KM.BUKITRAYA,TAREMPA,67,2924.0,2924.0,0.0,2925.0,516.0
161,KM.DOBONSOLO,MAKASSAR,40,3367.0,3367.0,0.0,3371.0,948.0
174,KM.BINAIYA,PAREPARE,51,3366.0,3366.0,0.0,3368.0,788.0
172,KM.SANGIANG,SANANA,56,3008.0,3008.0,0.0,3010.0,458.0
172,KM.SANGIANG,NAMLEA,46,3024.0,3024.0,0.0,3025.0,458.0
160,KM.DOROLONDA,PANTOLOAN,50,3380.98,3380.98,0.0,3384.98,1028.98
184,KM.DOROLONDA,BAUBAU,10,3365.0,3365.0,0.0,3368.0,633.0
173,KM.TILONGKABILA,BIMA,14,3029.0,3187.0,0.0,3190.0,683.0
172,KM.SANGIANG,AMBON,2,3035.0,3203.0,0.0,3209.0,626.0
173,KM.TILONGKABILA,LABUANBAJO,34,3197.0,3197.0,0.0,3199.0,683.0
181,KM.AWU,SURABAYA,62,3425.0,3425.0,0.0,3431.0,770.0
176,KM.LABOBAR,BAUBAU,10,3389.98,3389.98,0.0,3391.98,759.98
179,KM.GUNUNGDEMPO,WASIOR,76,3427.0,3427.0,0.0,3428.0,677.0
163,KM.CIREMAI,SURABAYA,62,2969.0,3358.0,0.0,3362.0,990.0
184,KM.DOROLONDA,NAMLEA,46,3392.0,3392.0,0.0,3394.0,633.0
171,KM.NGGAPULU,NAMLEA,46,3367.0,3394.0,0.0,3396.0,834.0
167,KM.KELIMUTU,SEMARANG,58,3276.0,3362.0,0.0,3368.0,826.0
174,KM.BINAIYA,BONTANG,17,3395.0,3395.0,0.0,3403.0,788.0
173,KM.TILONGKABILA,MAKASSAR,40,3217.0,3371.0,0.0,3375.0,837.0
159,KM.WILIS,ENDE,21,3222.0,3222.0,0.0,3224.0,719.0
171,KM.NGGAPULU,AMBON,2,3401.0,3401.0,0.0,3404.0,834.0
165,KM.PANGRANGO,NAMROLE,47,3213.0,3213.0,0.0,3215.0,711.0
179,KM.GUNUNGDEMPO,NABIRE,45,3435.0,3435.0,1.8207657603852567e-14,3436.98,677.0
177,KM.EGON,BATULICIN,9,3356.0,3368.0,0.0,3373.0,725.0
182,KM.KELUD,TANJUNGBALAIKARIMUN,63,2674.0,2674.0,0.0,2676.0,0.0
161,KM.DOBONSOLO,BAUBAU,10,3388.0,3388.0,0.0,3391.0,948.0
175,KM.TATAMAILAU,FAKFAK,22,3178.0,3178.0,1.8207657603852567e-14,3178.98,539.0
185,KM.BUKITRAYA,SURABAYA,62,3418.0,3418.0,0.0,3422.0,673.0
177,KM.EGON,PAREPARE,51,3396.0,3396.0,0.0,3399.0,725.0
187,KM.KELIMUTU,KUMAI,32,3387.0,3396.0,0.0,3399.0,532.0
164,KM.BUKITRAYA,NATUNA,48,2937.0,2937.0,0.0,2939.0,516.0
186,KM.WILIS,WAINGAPU,73,3208.0,3211.0,0.0,3215.0,411.0
173,KM.TILONGKABILA,BIMA,14,3394.0,3394.0,0.0,3396.0,837.0
179,KM.GUNUNGDEMPO,JAYAPURA,26,3458.0,3458.0,0.0,3464.0,677.0
177,KM.EGON,BONTANG,17,3425.0,3425.0,3.0,3433.0,728.0
184,KM.DOROLONDA,AMBON,2,3399.0,3399.0,0.0,3402.0,633.0
173,KM.TILONGKABILA,LABUANBAJO,34,3404.0,3404.0,0.0,3406.0,837.0
172,KM.SANGIANG,BANDA,6,3225.0,3225.0,0.0,3227.0,626.0
175,KM.TATAMAILAU,KAIMANA,27,3192.0,3192.0,0.0,3193.0,539.0
178,KM.BUKITSIGUNTANG,BALIKPAPAN,5,3082.0,3371.98,0.0,3373.98,729.98
175,KM.TATAMAILAU,TUAL,71,3205.0,3205.0,0.0,3208.0,539.0
161,KM.DOBONSOLO,AMBON,2,3420.0,3420.0,0.0,3424.0,948.0
171,KM.NGGAPULU,TERNATE,68,3425.0,3425.0,0.0,3427.0,834.0
172,KM.SANGIANG,GESER,23,3237.0,3237.0,0.0,3239.0,626.0
178,KM.BUKITSIGUNTANG,TARAKAN,66,3398.98,3400.98,0.0,3404.98,731.98
172,KM.SANGIANG,FAKFAK,22,3251.0,3251.0,0.0,3282.0,626.0
184,KM.DOROLONDA,SORONG,61,3422.0,3422.0,0.0,3425.0,633.0
178,KM.BUKITSIGUNTANG,NUNUKAN,49,3410.98,3410.98,0.0,3413.98,731.98
181,KM.AWU,BENOA,12,3458.0,3458.0,0.0,3463.0,770.0
159,KM.WILIS,KUPANG,33,3240.0,3240.0,0.0,3248.0,719.0
172,KM.SANGIANG,GESER,23,3295.0,3295.0,0.0,3297.0,626.0
168,KM.SINABUNG,BAUBAU,10,3379.0,3391.0,0.0,3393.0,882.0
179,KM.GUNUNGDEMPO,NABIRE,45,3487.0,3487.0,0.0,3489.0,677.0
158,KFC.JETLINER,KENDARI,30,3317.0,3317.0,0.0,3319.0,968.0
159,KM.WILIS,KALABAHI,28,3265.0,3265.0,0.0,3277.0,719.0
179,KM.GUNUNGDEMPO,WASIOR,76,3496.0,3496.0,0.0,3497.0,677.0
171,KM.NGGAPULU,JAILOLO,25,3429.0,3429.0,0.0,3431.0,834.0
175,KM.TATAMAILAU,TIMIKA,70,3231.0,3231.0,0.0,3233.0,539.0
167,KM.KELIMUTU,KUMAI,32,3395.0,3399.0,6.0,3409.0,836.0
184,KM.DOROLONDA,MANOKWARI,41,3438.0,3438.0,0.0,3440.0,633.0
169,KM.KELUD,BELAWAN,11,2433.0,2581.0,0.0,2589.0,148.0
179,KM.GUNUNGDEMPO,MANOKWARI,41,3504.0,3504.0,0.0,3506.0,677.0
164,KM.BUKITRAYA,MIDAI,44,2943.0,2943.0,0.0,2944.0,516.0
168,KM.SINABUNG,BANGGAI,7,3412.0,3412.0,0.0,3413.0,882.0
162,KM.LAMBELU,NUNUKAN,49,3406.98,3413.98,0.0,3416.98,1037.98
159,KM.WILIS,KUPANG,33,3293.0,3293.0,0.0,3301.0,719.0
161,KM.DOBONSOLO,SORONG,61,3448.0,3448.0,0.0,3452.0,948.0
174,KM.BINAIYA,PAREPARE,51,3430.0,3430.0,0.0,3432.0,788.0
173,KM.TILONGKABILA,MAKASSAR,40,3426.0,3426.0,0.0,3430.0,837.0
184,KM.DOROLONDA,NABIRE,45,3451.0,3489.0,0.0,3491.0,671.0
172,KM.SANGIANG,BANDA,6,3307.0,3307.0,0.0,3309.0,626.0
161,KM.DOBONSOLO,MANOKWARI,41,3468.0,3506.0,4.0,3513.0,990.0
173,KM.TILONGKABILA,BAUBAU,10,3451.0,3451.0,1.8207657603852567e-14,3452.98,837.0
169,KM.KELUD,BATAM,8,2611.0,2670.0,0.0,2674.0,207.0
180,KFC.JETLINER,KENDARI,30,3281.0,3319.0,0.0,3321.0,634.0
171,KM.NGGAPULU,BITUNG,15,3442.0,3442.0,0.0,3461.0,834.0
173,KM.TILONGKABILA,RAHA,53,3457.0,3457.0,0.0,3459.0,837.0
180,KFC.JETLINER,RAHA,53,3329.0,3459.0,0.0,3460.0,764.0
170,KFC.JETLINER,WANCI,74,2775.0,3304.0,0.0,3306.0,836.0
184,KM.DOROLONDA,WAREN,75,3497.0,3497.0,0.0,3499.0,671.0
178,KM.BUKITSIGUNTANG,BALIKPAPAN,5,3440.98,3440.98,0.0,3442.98,731.98
166,KM.TIDAR,LARANTUKA,35,3404.0,3404.0,0.0,3406.0,835.0
177,KM.EGON,PAREPARE,51,3458.0,3458.0,0.0,3461.0,728.0
165,KM.PANGRANGO,AMBON,2,3225.0,3404.0,1.7763568394002505e-14,3409.98,890.0
160,KM.DOROLONDA,BITUNG,15,3413.98,3461.0,0.0,3465.0,1076.0
175,KM.TATAMAILAU,AGATS,1,3245.0,3252.0,0.0,3254.0,546.0
178,KM.BUKITSIGUNTANG,PAREPARE,51,3457.98,3461.0,0.0,3465.0,735.0
172,KM.SANGIANG,AMBON,2,3327.0,3409.98,1.7763568394002505e-14,3420.96,708.98
159,KM.WILIS,ENDE,21,3317.0,3317.0,0.0,3319.0,719.0
174,KM.BINAIYA,MAKASSAR,40,3438.0,3438.0,0.0,3443.0,788.0
182,KM.KELUD,BELAWAN,11,2697.0,2697.0,0.0,2701.0,0.0
159,KM.WILIS,WAINGAPU,73,3330.0,3330.0,0.0,3332.0,719.0
177,KM.EGON,BONTANG,17,3487.0,3487.0,5.0,3496.0,733.0
168,KM.SINABUNG,BITUNG,15,3428.0,3465.0,0.0,3468.0,919.0
166,KM.TIDAR,LEWOLEBA,38,3409.0,3409.0,0.0,3410.0,835.0
176,KM.LABOBAR,AMBON,2,3416.98,3420.96,0.0,3423.96,763.96
173,KM.TILONGKABILA,KENDARI,30,3465.0,3465.0,0.0,3469.0,837.0
185,KM.BUKITRAYA,PONTIANAK,52,3473.0,3473.0,0.0,3474.0,673.0
170,KFC.JETLINER,KENDARI,30,3319.0,3469.0,0.0,3475.0,986.0
162,KM.LAMBELU,PANTOLOAN,50,3437.98,3437.98,0.0,3439.98,1037.98
176,KM.LABOBAR,BANDA,6,3431.96,3431.96,0.0,3433.96,763.96
163,KM.CIREMAI,MAKASSAR,40,3393.0,3435.0,0.0,3438.0,1032.0
160,KM.DOROLONDA,TERNATE,68,3474.0,3474.0,1.8207657603852567e-14,3475.98,1076.0
174,KM.BINAIYA,LABUANBAJO,34,3463.0,3463.0,0.0,3465.0,788.0
179,KM.GUNUNGDEMPO,SORONG,61,3519.0,3519.0,0.0,3522.0,677.0
177,KM.EGON,PAREPARE,51,3521.0,3521.0,0.0,3523.0,733.0
164,KM.BUKITRAYA,SERASAN,59,2952.0,2952.0,0.0,2953.0,516.0
184,KM.DOROLONDA,SERUI,60,3501.0,3501.0,1.8207657603852567e-14,3502.98,671.0
177,KM.EGON,BATULICIN,9,3546.0,3546.0,7.0,3556.0,740.0
165,KM.PANGRANGO,BANDA,6,3424.0,3433.96,0.0,3435.96,899.96
180,KFC.JETLINER,KENDARI,30,3468.0,3475.0,0.0,3477.0,771.0
158,KFC.JETLINER,RAHA,53,3327.0,3460.0,0.0,3461.0,1101.0
180,KFC.JETLINER,WANCI,74,3490.0,3490.0,0.0,3492.0,771.0
179,KM.GUNUNGDEMPO,FAKFAK,22,3536.0,3536.0,0.0,3539.0,677.0
162,KM.LAMBELU,BALIKPAPAN,5,3452.98,3452.98,0.0,3454.98,1037.98
169,KM.KELUD,BELAWAN,11,2696.0,2701.0,0.0,2721.0,212.0
176,KM.LABOBAR,TUAL,71,3446.96,3446.96,0.0,3449.96,763.96
183,KM.LAMBELU,PAREPARE,51,3068.0,3523.0,0.0,3526.0,870.0
165,KM.PANGRANGO,SAUMLAKI,57,3462.96,3462.96,1.7763568394002505e-14,3467.94,899.96
187,KM.KELIMUTU,SURABAYA,62,3426.0,3426.0,0.0,3429.0,532.0
184,KM.DOROLONDA,JAYAPURA,26,3521.0,3521.0,1.7763568394002505e-14,3526.98,671.0
159,KM.WILIS,WAIKELO,72,3341.0,3341.0,0.0,3342.0,719.0
163,KM.CIREMAI,BAUBAU,10,3454.0,3454.0,1.8207657603852567e-14,3455.98,1032.0
163,KM.CIREMAI,NAMLEA,46,3482.0,3482.0,0.0,3484.0,1032.0
161,KM.DOBONSOLO,NABIRE,45,3524.0,3524.0,0.0,3526.0,990.0
169,KM.KELUD,BATAM,8,2743.0,2743.0,0.0,2747.0,212.0
175,KM.TATAMAILAU,MERAUKE,43,3293.0,3306.0,12.0,3329.0,571.0
187,KM.KELIMUTU,BATULICIN,9,3460.0,3556.0,0.0,3558.0,628.0
163,KM.CIREMAI,AMBON,2,3490.0,3490.0,0.0,3493.0,1032.0
187,KM.KELIMUTU,SURABAYA,62,3588.0,3588.0,0.0,3591.0,628.0
183,KM.LAMBELU,BALIKPAPAN,5,3542.0,3542.0,0.0,3544.0,870.0
162,KM.LAMBELU,PAREPARE,51,3470.98,3526.0,0.0,3529.0,1093.0
170,KFC.JETLINER,WANCI,74,3488.0,3492.0,0.0,3494.0,990.0
173,KM.TILONGKABILA,LUWUK,39,3486.0,3486.0,0.0,3489.0,837.0
178,KM.BUKITSIGUNTANG,MAKASSAR,40,3470.0,3470.0,0.0,3473.0,735.0
170,KFC.JETLINER,KENDARI,30,3507.0,3507.0,0.0,3509.0,990.0
178,KM.BUKITSIGUNTANG,MAUMERE,42,3491.0,3491.0,0.0,3493.0,735.0
179,KM.GUNUNGDEMPO,KAIMANA,27,3549.0,3549.0,0.0,3551.0,677.0
163,KM.CIREMAI,SORONG,61,3517.0,3521.0,0.0,3525.0,1036.0
183,KM.LAMBELU,TARAKAN,66,3570.0,3570.0,0.0,3573.0,870.0
167,KM.KELIMUTU,SEMARANG,58,3434.0,3434.0,0.0,3450.0,836.0
174,KM.BINAIYA,BIMA,14,3473.0,3473.0,0.0,3474.0,788.0
175,KM.TATAMAILAU,AGATS,1,3363.0,3363.0,0.0,3365.0,571.0
176,KM.LABOBAR,DOBO,20,3456.96,3456.96,0.0,3459.96,763.96
178,KM.BUKITSIGUNTANG,LEWOLEBA,38,3499.0,3499.0,0.0,3501.0,735.0
168,KM.SINABUNG,TERNATE,68,3479.0,3479.0,0.0,3481.0,919.0
185,KM.BUKITRAYA,SERASAN,59,3489.0,3489.0,0.0,3490.0,673.0
179,KM.GUNUNGDEMPO,DOBO,20,3559.0,3559.0,0.0,3561.0,677.0
160,KM.DOROLONDA,AMBON,2,3497.0,3497.0,0.0,3501.0,1076.0
159,KM.WILIS,BIMA,14,3353.0,3474.0,0.0,3476.0,840.0
179,KM.GUNUNGDEMPO,TUAL,71,3568.0,3568.0,0.0,3572.0,677.0
172,KM.SANGIANG,NAMLEA,46,3431.98,3484.0,0.0,3489.0,761.0
160,KM.DOROLONDA,SORONG,61,3522.0,3522.0,0.0,3525.0,1076.0
160,KM.DOROLONDA,MANOKWARI,41,3538.0,3538.0,0.0,3540.0,1076.0
160,KM.DOROLONDA,NABIRE,45,3550.0,3550.0,0.0,3552.0,1076.0
174,KM.BINAIYA,BENOA,12,3497.0,3497.0,0.0,3501.0,788.0
162,KM.LAMBELU,MAKASSAR,40,3534.0,3534.0,0.0,3537.0,1093.0
185,KM.BUKITRAYA,MIDAI,44,3498.0,3498.0,0.0,3499.0,673.0
184,KM.DOROLONDA,SERUI,60,3546.0,3546.0,0.0,3548.0,671.0
158,KFC.JETLINER,KENDARI,30,3469.0,3509.0,0.0,3511.0,1141.0
162,KM.LAMBELU,BAUBAU,10,3552.0,3552.0,0.0,3554.0,1093.0
175,KM.TATAMAILAU,TIMIKA,70,3375.0,3375.0,0.020000000000000018,3379.0,571.02
182,KM.KELUD,BATAM,8,2723.0,2747.0,0.0,2753.0,24.0
180,KFC.JETLINER,KENDARI,30,3505.0,3511.0,0.0,3530.0,777.0
172,KM.SANGIANG,SANANA,56,3503.0,3503.0,0.0,3505.0,761.0
171,KM.NGGAPULU,TERNATE,68,3471.0,3481.0,0.0,3483.0,844.0
160,KM.DOROLONDA,SERUI,60,3558.0,3558.0,0.0,3560.0,1076.0
162,KM.LAMBELU,MAUMERE,42,3567.0,3567.0,0.0,3569.0,1093.0
162,KM.LAMBELU,LARANTUKA,35,3574.0,3574.0,0.0,3576.0,1093.0
161,KM.DOBONSOLO,SERUI,60,3534.0,3560.0,0.0,3562.0,1016.0
186,KM.WILIS,ENDE,21,3226.0,3319.0,0.0,3321.0,504.0
173,KM.TILONGKABILA,GORONTALO,24,3500.0,3500.0,0.0,3502.0,837.0
176,KM.LABOBAR,KAIMANA,27,3468.96,3551.0,0.0,3554.0,846.0
160,KM.DOROLONDA,JAYAPURA,26,3579.0,3579.0,0.0,3585.0,1076.0
175,KM.TATAMAILAU,TUAL,71,3401.02,3572.0,1.8207657603852567e-14,3573.98,742.0
181,KM.AWU,BIMA,14,3484.0,3484.0,0.0,3486.0,770.0
178,KM.BUKITSIGUNTANG,KUPANG,33,3508.0,3508.0,0.0,3513.0,735.0
173,KM.TILONGKABILA,BITUNG,15,3517.0,3517.0,0.0,3531.0,837.0
174,KM.BINAIYA,BIMA,14,3524.0,3524.0,0.0,3527.0,788.0
173,KM.TILONGKABILA,GORONTALO,24,3546.0,3546.0,0.0,3548.0,837.0
171,KM.NGGAPULU,AMBON,2,3504.0,3504.0,1.8207657603852567e-14,3507.98,844.0
170,KFC.JETLINER,RAHA,53,3517.0,3517.0,0.0,3518.0,990.0
172,KM.SANGIANG,BACAN,4,3526.0,3526.0,0.0,3528.0,761.0
165,KM.PANGRANGO,BANDA,6,3496.96,3496.96,0.0,3498.96,899.96
168,KM.SINABUNG,BACAN,4,3488.0,3528.0,0.0,3529.0,959.0
181,KM.AWU,WAINGAPU,73,3500.0,3500.0,0.0,3503.0,770.0
161,KM.DOBONSOLO,JAYAPURA,26,3584.0,3585.0,5.0,3596.0,1022.0
160,KM.DOROLONDA,SERUI,60,3604.0,3604.0,0.0,3606.0,1076.0
176,KM.LABOBAR,FAKFAK,22,3564.0,3564.0,0.0,3568.0,846.0
175,KM.TATAMAILAU,KAIMANA,27,3586.0,3586.0,0.0,3587.0,742.0
186,KM.WILIS,KUPANG,33,3337.0,3337.0,0.0,3345.0,504.0
163,KM.CIREMAI,MANOKWARI,41,3540.0,3540.0,0.0,3542.0,1036.0
181,KM.AWU,ENDE,21,3512.0,3512.0,0.0,3514.0,770.0
174,KM.BINAIYA,WAINGAPU,73,3541.0,3541.0,0.0,3543.0,788.0
176,KM.LABOBAR,SORONG,61,3581.0,3581.0,0.0,3584.0,846.0
159,KM.WILIS,LABUANBAJO,34,3485.0,3485.0,0.0,3486.0,840.0
162,KM.LAMBELU,BAUBAU,10,3588.0,3588.0,0.0,3590.0,1093.0
178,KM.BUKITSIGUNTANG,LEWOLEBA,38,3520.0,3520.0,0.0,3522.0,735.0
162,KM.LAMBELU,MAKASSAR,40,3605.0,3605.0,0.0,3609.0,1093.0
184,KM.DOROLONDA,WAREN,75,3550.0,3550.0,0.0,3552.0,671.0
176,KM.LABOBAR,MANOKWARI,41,3597.0,3597.0,0.0,3600.0,846.0
168,KM.SINABUNG,SORONG,61,3545.0,3545.0,0.0,3548.0,959.0
169,KM.KELUD,BELAWAN,11,2769.0,2769.0,0.0,2774.0,212.0
178,KM.BUKITSIGUNTANG,MAUMERE,42,3528.0,3569.0,0.0,3571.0,776.0
173,KM.TILONGKABILA,LUWUK,39,3559.0,3559.0,0.0,3561.0,837.0
181,KM.AWU,KUPANG,33,3527.0,3527.0,1.8207657603852567e-14,3529.98,770.0
160,KM.DOROLONDA,NABIRE,45,3612.0,3612.0,0.0,3614.0,1076.0
173,KM.TILONGKABILA,KENDARI,30,3579.0,3579.0,0.0,3583.0,837.0
178,KM.BUKITSIGUNTANG,MAKASSAR,40,3589.0,3589.0,0.0,3595.0,776.0
181,KM.AWU,KALABAHI,28,3543.0,3543.0,0.0,3545.0,770.0
182,KM.KELUD,BELAWAN,11,2775.0,2775.0,0.0,2794.0,24.0
176,KM.LABOBAR,NABIRE,45,3611.0,3614.0,0.0,3617.0,849.0
185,KM.BUKITRAYA,NATUNA,48,3503.0,3503.0,0.0,3504.0,673.0
166,KM.TIDAR,KUPANG,33,3418.0,3513.0,0.0,3517.0,930.0
173,KM.TILONGKABILA,RAHA,53,3590.0,3590.0,0.0,3592.0,837.0
175,KM.TATAMAILAU,FAKFAK,22,3600.0,3600.0,0.0,3601.0,742.0
186,KM.WILIS,KALABAHI,28,3362.0,3545.0,0.0,3557.0,687.0
167,KM.KELIMUTU,PONTIANAK,52,3498.0,3498.0,0.020000000000000018,3500.0,836.02
186,KM.WILIS,KUPANG,33,3573.0,3573.0,0.0,3581.0,687.0
168,KM.SINABUNG,MANOKWARI,41,3563.0,3600.0,0.0,3602.0,996.0
163,KM.CIREMAI,BIAK,13,3551.0,3551.0,0.0,3553.0,1036.0
184,KM.DOROLONDA,NABIRE,45,3558.0,3617.0,0.0,3619.0,730.0
173,KM.TILONGKABILA,BAUBAU,10,3597.0,3597.0,0.0,3601.0,837.0
171,KM.NGGAPULU,TERNATE,68,3529.0,3529.0,1.8207657603852567e-14,3531.98,844.0
164,KM.BUKITRAYA,PONTIANAK,52,2971.0,3500.0,11.0,3519.0,1056.0
178,KM.BUKITSIGUNTANG,PAREPARE,51,3600.0,3600.0,0.0,3604.0,776.0
169,KM.KELUD,TANJUNGBALAIKARIMUN,63,2796.0,2796.0,0.0,2798.0,212.0
161,KM.DOBONSOLO,SERUI,60,3618.0,3618.0,0.0,3620.0,1022.0
181,KM.AWU,KUPANG,33,3558.0,3558.0,0.0,3561.0,770.0
160,KM.DOROLONDA,MANOKWARI,41,3624.0,3624.0,0.0,3626.0,1076.0
178,KM.BUKITSIGUNTANG,BALIKPAPAN,5,3620.0,3620.0,0.0,3622.0,776.0
171,KM.NGGAPULU,BITUNG,15,3542.0,3542.0,1.7763568394002505e-14,3555.98,844.0
163,KM.CIREMAI,JAYAPURA,26,3574.0,3596.0,0.019999999999999574,3602.0,1058.02
163,KM.CIREMAI,BIAK,13,3623.02,3623.02,0.0,3625.02,1058.02
171,KM.NGGAPULU,JAILOLO,25,3566.0,3566.0,0.0,3568.0,844.0
186,KM.WILIS,ENDE,21,3597.0,3597.0,0.0,3599.0,687.0
166,KM.TIDAR,LEWOLEBA,38,3525.0,3525.0,0.0,3526.0,930.0
183,KM.LAMBELU,BALIKPAPAN,5,3599.0,3622.0,0.0,3624.0,893.0
170,KFC.JETLINER,KENDARI,30,3526.0,3583.0,0.0,3585.0,1047.0
162,KM.LAMBELU,PAREPARE,51,3614.0,3614.0,0.0,3619.0,1093.0
168,KM.SINABUNG,BIAK,13,3611.0,3625.02,0.0,3627.02,1010.02
187,KM.KELIMUTU,KUMAI,32,3618.0,3631.0,0.0,3633.0,641.0
168,KM.SINABUNG,JAYAPURA,26,3648.02,3648.02,0.0,3654.02,1010.02
162,KM.LAMBELU,BALIKPAPAN,5,3635.0,3635.0,1.8207657603852567e-14,3636.98,1093.0
160,KM.DOROLONDA,SORONG,61,3638.0,3638.0,0.0,3641.0,1076.0
179,KM.GUNUNGDEMPO,BANDA,6,3584.0,3584.0,0.0,3586.0,677.0
173,KM.TILONGKABILA,MAKASSAR,40,3623.0,3623.0,0.0,3631.0,837.0
161,KM.DOBONSOLO,NABIRE,45,3627.0,3627.0,0.0,3629.0,1022.0
176,KM.LABOBAR,WASIOR,76,3624.0,3624.0,0.0,3626.0,849.0
179,KM.GUNUNGDEMPO,AMBON,2,3593.0,3593.0,0.0,3596.0,677.0
187,KM.KELIMUTU,SEMARANG,58,3658.0,3658.0,0.0,3667.0,641.0
161,KM.DOBONSOLO,MANOKWARI,41,3640.0,3640.0,0.0,3643.0,1022.0
161,KM.DOBONSOLO,SORONG,61,3659.0,3659.0,0.020000000000000018,3662.0,1022.02
163,KM.CIREMAI,MANOKWARI,41,3635.02,3643.0,0.0,3645.0,1066.0
170,KFC.JETLINER,WANCI,74,3598.0,3598.0,0.0,3600.0,1047.0
182,KM.KELUD,BATAM,8,2816.0,2816.0,0.0,2819.0,24.0
162,KM.LAMBELU,PANTOLOAN,50,3650.0,3650.0,0.0,3652.0,1093.0
176,KM.LABOBAR,MANOKWARI,41,3634.0,3645.0,0.0,3648.0,860.0
184,KM.DOROLONDA,MANOKWARI,41,3629.0,3648.0,0.0,3650.0,749.0
185,KM.BUKITRAYA,TAREMPA,67,3514.0,3514.0,0.0,3515.0,673.0
166,KM.TIDAR,LARANTUKA,35,3529.0,3576.0,0.0,3578.0,977.0
168,KM.SINABUNG,BIAK,13,3675.02,3675.02,0.0,3677.02,1010.02
174,KM.BINAIYA,ENDE,21,3552.0,3599.0,0.0,3601.0,835.0
171,KM.NGGAPULU,TERNATE,68,3570.0,3570.0,0.0,3572.0,844.0
163,KM.CIREMAI,SORONG,61,3660.0,3660.0,5.0,3669.0,1071.0
168,KM.SINABUNG,MANOKWARI,41,3687.02,3687.02,0.0,3689.02,1010.02
181,KM.AWU,ENDE,21,3574.0,3601.0,0.0,3603.0,797.0
185,KM.BUKITRAYA,LETUNG,37,3520.0,3520.0,0.0,3521.0,673.0
176,KM.LABOBAR,SORONG,61,3661.0,3662.0,0.0,3666.0,861.0
165,KM.PANGRANGO,AMBON,2,3512.96,3512.96,0.0,3532.96,899.96
181,KM.AWU,WAINGAPU,73,3612.0,3612.0,0.0,3615.0,797.0
162,KM.LAMBELU,TARAKAN,66,3671.0,3671.0,0.0,3675.0,1093.0
164,KM.BUKITRAYA,SURABAYA,62,3565.0,3565.0,0.0,3570.0,1056.0
165,KM.PANGRANGO,BANDA,6,3546.96,3586.0,0.0,3588.0,939.0
168,KM.SINABUNG,SORONG,61,3704.02,3704.02,0.0,3706.02,1010.02
181,KM.AWU,BIMA,14,3629.0,3629.0,0.0,3631.0,797.0
182,KM.KELUD,BELAWAN,11,2841.0,2841.0,0.0,2850.0,24.0
168,KM.SINABUNG,BACAN,4,3722.02,3722.02,0.0,3723.02,1010.02
171,KM.NGGAPULU,AMBON,2,3593.0,3593.0,0.0,3596.0,844.0
177,KM.EGON,SURABAYA,62,3582.0,3582.0,0.0,3586.0,740.0
171,KM.NGGAPULU,NAMLEA,46,3602.0,3602.0,1.8207657603852567e-14,3603.98,844.0
164,KM.BUKITRAYA,PONTIANAK,52,3627.0,3627.0,0.0,3642.0,1056.0
158,KFC.JETLINER,WANCI,74,3524.0,3600.0,0.0,3602.0,1217.0
176,KM.LABOBAR,FAKFAK,22,3680.0,3680.0,0.0,3684.0,861.0
168,KM.SINABUNG,TERNATE,68,3730.02,3730.02,0.0,3732.02,1010.02
169,KM.KELUD,BATAM,8,2801.0,2819.0,0.020000000000000018,2822.0,230.01999999999998
171,KM.NGGAPULU,BAUBAU,10,3629.0,3629.0,0.0,3631.0,844.0
175,KM.TATAMAILAU,SORONG,61,3619.0,3669.0,0.0,3671.0,792.0
184,KM.DOROLONDA,SORONG,61,3662.0,3671.0,0.0,3673.0,758.0
185,KM.BUKITRAYA,KIJANG,31,3533.0,3533.0,0.0,3535.0,673.0
165,KM.PANGRANGO,SAUMLAKI,57,3615.0,3615.0,0.0,3619.0,939.0
186,KM.WILIS,WAINGAPU,73,3610.0,3615.0,0.0,3617.0,692.0
182,KM.KELUD,TANJUNGBALAIKARIMUN,63,2872.0,2872.0,0.0,2874.0,24.0
179,KM.GUNUNGDEMPO,NAMLEA,46,3601.0,3603.98,0.0,3605.98,679.98
179,KM.GUNUNGDEMPO,BAUBAU,10,3629.98,3629.98,1.8207657603852567e-14,3631.96,679.98
158,KFC.JETLINER,KENDARI,30,3615.0,3615.0,0.0,3634.0,1217.0
174,KM.BINAIYA,KUPANG,33,3614.0,3614.0,0.0,3618.0,835.0
160,KM.DOROLONDA,TERNATE,68,3660.0,3732.02,0.0,3734.02,1148.02
170,KFC.JETLINER,KENDARI,30,3613.0,3634.0,0.0,3653.0,1068.0
179,KM.GUNUNGDEMPO,MAKASSAR,40,3646.98,3646.98,0.0,3649.98,679.98
174,KM.BINAIYA,ENDE,21,3631.0,3631.0,0.0,3633.0,835.0
168,KM.SINABUNG,BITUNG,15,3742.02,3742.02,0.0,3745.02,1010.02
183,KM.LAMBELU,PAREPARE,51,3640.0,3640.0,0.0,3642.0,893.0
184,KM.DOROLONDA,AMBON,2,3693.0,3693.0,0.0,3696.0,758.0
176,KM.LABOBAR,KAIMANA,27,3695.0,3695.0,0.0,3698.0,861.0
163,KM.CIREMAI,BAUBAU,10,3711.0,3711.0,0.0,3714.0,1071.0
173,KM.TILONGKABILA,LABUANBAJO,34,3651.0,3651.0,0.0,3654.0,837.0
178,KM.BUKITSIGUNTANG,TARAKAN,66,3646.0,3675.0,0.0,3679.0,805.0
164,KM.BUKITRAYA,SURABAYA,62,3689.0,3689.0,0.0,3694.0,1056.0
181,KM.AWU,BENOA,12,3652.0,3652.0,0.0,3655.0,797.0
161,KM.DOBONSOLO,AMBON,2,3685.02,3685.02,0.0,3688.02,1022.02
159,KM.WILIS,MAKASSAR,40,3510.0,3631.0,0.0,3634.0,961.0
163,KM.CIREMAI,MAKASSAR,40,3731.0,3731.0,15.0,3749.0,1086.0
168,KM.SINABUNG,BANGGAI,7,3761.02,3761.02,0.0,3763.02,1010.02
176,KM.LABOBAR,DOBO,20,3707.0,3707.0,0.0,3710.0,861.0
166,KM.TIDAR,MAUMERE,42,3584.0,3584.0,0.0,3586.0,977.0
177,KM.EGON,LEMBAR,36,3609.0,3609.0,0.0,3612.0,740.0
181,KM.AWU,SURABAYA,62,3683.0,3683.0,0.0,3686.0,797.0
184,KM.DOROLONDA,NAMLEA,46,3701.0,3701.0,0.0,3703.0,758.0
176,KM.LABOBAR,TUAL,71,3717.0,3717.0,0.0,3721.0,861.0
174,KM.BINAIYA,WAINGAPU,73,3642.0,3642.0,0.0,3644.0,835.0
178,KM.BUKITSIGUNTANG,NUNUKAN,49,3685.0,3685.0,0.0,3687.0,805.0
165,KM.PANGRANGO,BANDA,6,3647.0,3647.0,0.0,3649.0,939.0
163,KM.CIREMAI,SURABAYA,62,3782.0,3782.0,0.0,3784.0,1086.0
176,KM.LABOBAR,BANDA,6,3733.0,3733.0,0.0,3735.0,861.0
167,KM.KELIMUTU,TANJUNGPANDAN,64,3520.02,3520.02,0.0,3522.02,836.02
172,KM.SANGIANG,TERNATE,68,3540.0,3734.02,0.0,3736.02,955.02
176,KM.LABOBAR,AMBON,2,3743.0,3743.0,0.0,3745.0,861.0
179,KM.GUNUNGDEMPO,SURABAYA,62,3675.98,3694.0,0.0,3696.0,698.0
180,KFC.JETLINER,WANCI,74,3543.0,3602.0,0.0,3604.0,836.0
173,KM.TILONGKABILA,BIMA,14,3662.0,3662.0,0.0,3665.0,837.0
173,KM.TILONGKABILA,LEMBAR,36,3685.0,3685.0,0.0,3688.0,837.0
186,KM.WILIS,WAIKELO,72,3626.0,3626.0,0.0,3627.0,692.0
158,KFC.JETLINER,WANCI,74,3647.0,3647.0,0.0,3649.0,1217.0
162,KM.LAMBELU,NUNUKAN,49,3681.0,3687.0,0.0,3690.0,1099.0
166,KM.TIDAR,BAUBAU,10,3599.0,3631.96,0.0,3634.96,1009.96
182,KM.KELUD,BATAM,8,2877.0,2877.0,1.02,2881.0,25.019999999999982
174,KM.BINAIYA,BIMA,14,3658.0,3665.0,0.0,3666.0,842.0
184,KM.DOROLONDA,BAUBAU,10,3726.0,3726.0,0.0,3728.0,758.0
186,KM.WILIS,BIMA,14,3638.0,3666.0,0.0,3668.0,720.0
176,KM.LABOBAR,BAUBAU,10,3770.0,3770.0,0.0,3773.0,861.0
185,KM.BUKITRAYA,BLINYU,16,3549.0,3549.0,0.0,3550.0,673.0
187,KM.KELIMUTU,PONTIANAK,52,3714.0,3719.0,0.0,3722.0,646.0
162,KM.LAMBELU,BALIKPAPAN,5,3717.0,3717.0,0.0,3719.0,1099.0
176,KM.LABOBAR,MAKASSAR,40,3787.0,3787.0,0.0,3790.0,861.0
175,KM.TATAMAILAU,TIDORE,69,3699.0,3699.0,0.0,3700.0,792.0
164,KM.BUKITRAYA,KUMAI,32,3722.0,3722.0,0.0,3724.0,1056.0
170,KFC.JETLINER,WANCI,74,3666.0,3666.0,0.0,3668.0,1068.0
168,KM.SINABUNG,BAUBAU,10,3780.02,3780.02,0.0,3782.02,1010.02
161,KM.DOBONSOLO,BAUBAU,10,3716.02,3773.0,0.0,3775.0,1079.0
178,KM.BUKITSIGUNTANG,BALIKPAPAN,5,3714.0,3719.0,0.0,3721.0,810.0
187,KM.KELIMUTU,TANJUNGPANDAN,64,3743.0,3743.0,0.0,3744.0,646.0
176,KM.LABOBAR,SURABAYA,62,3818.0,3818.0,0.0,3821.0,861.0
160,KM.DOROLONDA,BITUNG,15,3742.02,3745.02,0.0,3748.02,1151.02
161,KM.DOBONSOLO,MAKASSAR,40,3792.0,3793.0,0.0,3796.0,1080.0
160,KM.DOROLONDA,PANTOLOAN,50,3775.02,3775.02,0.0,3777.02,1151.02
184,KM.DOROLONDA,MAKASSAR,40,3742.0,3790.0,0.0,3793.0,806.0
171,KM.NGGAPULU,MAKASSAR,40,3647.0,3793.0,0.0,3796.0,990.0
186,KM.WILIS,LABUANBAJO,34,3677.0,3677.0,0.0,3678.0,720.0
166,KM.TIDAR,MAKASSAR,40,3651.96,3796.0,0.0,3800.0,1154.0
162,KM.LAMBELU,PAREPARE,51,3735.0,3735.0,0.0,3737.0,1099.0
183,KM.LAMBELU,MAKASSAR,40,3647.0,3796.0,0.0,3800.0,1042.0
168,KM.SINABUNG,MAKASSAR,40,3799.02,3800.0,0.0,3802.0,1011.0
171,KM.NGGAPULU,SURABAYA,62,3827.0,3827.0,0.0,3830.0,990.0
160,KM.DOROLONDA,BALIKPAPAN,5,3789.02,3789.02,1.8207657603852567e-14,3791.0,1151.02
186,KM.WILIS,MAKASSAR,40,3702.0,3800.0,0.0,3803.0,818.0
166,KM.TIDAR,SURABAYA,62,3832.0,3832.0,0.0,3834.0,1154.0
178,KM.BUKITSIGUNTANG,PAREPARE,51,3737.0,3737.0,0.0,3740.0,810.0
166,KM.TIDAR,TANJUNGPRIOK,65,3863.0,3863.0,0.0,3865.0,1154.0
161,KM.DOBONSOLO,SURABAYA,62,3828.0,3830.0,0.0,3832.0,1082.0
198,KM.BINAIYA,BENOA,12,2847.0,3655.0,0.0,3662.0,808.0
203,KM.EGON,WAINGAPU,73,2901.0,3647.0,0.0,3666.0,746.0
199,KM.TILONGKABILA,BENOA,12,2858.0,3662.0,0.0,3693.0,804.0
212,KM.GUNUNGDEMPO,TANJUNGPRIOK,65,3023.0,3023.0,0.0,3034.0,0.0
195,KM.SANGIANG,BITUNG,15,2801.0,3748.02,0.0,3771.02,947.02
195,KM.SANGIANG,TERNATE,68,3792.02,3792.02,0.0,3795.02,947.02
188,KM.PANGRANGO,AMBON,2,2724.0,3696.0,0.0,3724.0,972.0
198,KM.BINAIYA,BIMA,14,3685.0,3685.0,0.0,3687.0,808.0
194,KM.LAWIT,SURABAYA,62,2800.0,3832.0,1.7763568394002505e-14,3839.98,1032.0
209,KM.LABOBAR,TANJUNGPRIOK,65,2985.0,3034.0,0.0,3062.0,49.0
203,KM.EGON,LEMBAR,36,3696.0,3699.0,0.0,3704.0,749.0
205,KM.AWU,KUMAI,32,2917.0,3724.0,0.0,3750.0,807.0
205,KM.AWU,SURABAYA,62,3777.0,3834.0,1.7763568394002505e-14,3839.98,864.0
202,KM.KELUD,TANJUNGPRIOK,65,2886.0,3062.0,0.0,3095.0,176.0
195,KM.SANGIANG,BACAN,4,3808.02,3808.02,0.0,3810.02,947.02
215,KM.TIDAR,KIJANG,31,3075.0,3535.0,0.0,3551.0,460.0
201,KM.SIRIMAU,SORONG,61,2872.0,3673.0,0.0,3685.0,801.0
189,KM.CIREMAI,TANJUNGPRIOK,65,2725.0,3095.0,1.7763568394002505e-14,3105.98,370.0
206,KM.TATAMAILAU,BITUNG,15,2920.0,3771.02,0.0,3780.02,851.02
204,KM.BUKITRAYA,TANJUNGPRIOK,65,2903.0,3105.98,0.0,3112.98,202.98000000000002
211,KM.WILIS,BATULICIN,9,3015.0,3558.0,0.0,3585.0,543.0
211,KM.WILIS,MAKASSAR,40,3615.0,3802.0,0.0,3810.0,730.0
207,KM.BUKITSIGUNTANG,MAKASSAR,40,2935.0,3803.0,0.0,3822.0,868.0
219,KM.CIREMAI,TANJUNGPRIOK,65,3117.0,3117.0,0.0,3127.0,0.0
198,KM.BINAIYA,LABUANBAJO,34,3695.0,3695.0,0.0,3697.0,808.0
199,KM.TILONGKABILA,LEMBAR,36,3699.0,3704.0,0.0,3706.0,809.0
197,KM.SINABUNG,SURABAYA,62,2823.0,3839.98,0.0,3846.98,1016.98
188,KM.PANGRANGO,BANDA,6,3738.0,3738.0,0.0,3772.0,972.0
198,KM.BINAIYA,MAKASSAR,40,3716.0,3810.0,0.0,3816.0,902.0
214,KM.KELUD,TANJUNGPRIOK,65,3069.0,3127.0,0.0,3145.0,58.0
193,KM.LEUSER,SURABAYA,62,2793.0,3839.98,0.0,3846.98,1046.98
199,KM.TILONGKABILA,BIMA,14,3724.0,3724.0,0.0,3728.0,809.0
194,KM.LAWIT,SAMPIT,55,3873.0,3873.0,0.0,3893.0,1032.0
198,KM.BINAIYA,AWERANGE,3,3822.0,3822.0,0.0,3824.0,902.0
217,KM.LAWIT,KUMAI,32,3093.0,3750.0,0.020000000000000018,3753.0,657.02
211,KM.WILIS,LABUANBAJO,34,3834.0,3834.0,0.0,3835.0,730.0
211,KM.WILIS,BIMA,14,3844.0,3844.0,0.0,3845.0,730.0
204,KM.BUKITRAYA,BLINYU,16,3140.98,3550.0,0.0,3551.0,612.0
219,KM.CIREMAI,SURABAYA,62,3154.0,3846.98,0.0,3850.98,692.98
207,KM.BUKITSIGUNTANG,PAREPARE,51,3827.0,3827.0,0.0,3831.0,868.0
197,KM.SINABUNG,MAKASSAR,40,3877.98,3877.98,0.0,3880.98,1016.98
217,KM.LAWIT,SURABAYA,62,3781.02,3846.98,0.0,3852.98,722.98
213,KM.PANGRANGO,AMBON,2,3060.0,3724.0,0.0,3752.0,664.0
204,KM.BUKITRAYA,KIJANG,31,3566.0,3566.0,0.0,3568.0,612.0
190,KM.TIDAR,KIJANG,31,2745.0,3568.0,0.0,3572.0,823.0
201,KM.SIRIMAU,AMBON,2,3720.0,3745.0,0.0,3748.0,826.0
200,KM.NGGAPULU,TANJUNGPRIOK,65,2866.0,3145.0,0.0,3174.0,279.0
214,KM.KELUD,BATAM,8,3177.0,3177.0,0.0,3184.0,58.0
199,KM.TILONGKABILA,LABUANBAJO,34,3735.0,3835.0,1.8207657603852567e-14,3836.98,909.0
191,KM.DOBONSOLO,TANJUNGPRIOK,65,2779.0,3174.0,0.0,3199.0,395.0
207,KM.BUKITSIGUNTANG,BALIKPAPAN,5,3846.0,3846.0,0.0,3848.0,868.0
198,KM.BINAIYA,BONTANG,17,3851.0,3851.0,1.8207657603852567e-14,3853.98,902.0
200,KM.NGGAPULU,SURABAYA,62,3200.0,3850.98,0.0,3854.98,929.98
204,KM.BUKITRAYA,LETUNG,37,3581.0,3581.0,0.0,3582.0,612.0
199,KM.TILONGKABILA,MAKASSAR,40,3855.0,3855.0,0.0,3860.0,909.0
195,KM.SANGIANG,SANANA,56,3833.02,3833.02,0.0,3835.02,947.02
212,KM.GUNUNGDEMPO,SURABAYA,62,3058.0,3852.98,0.0,3856.98,794.98
203,KM.EGON,SURABAYA,62,3728.0,3854.98,0.0,3859.98,875.98
214,KM.KELUD,TANJUNGBALAIKARIMUN,63,3187.0,3187.0,0.0,3188.0,58.0
215,KM.TIDAR,TANJUNGPRIOK,65,3587.0,3587.0,0.0,3593.0,460.0
205,KM.AWU,BENOA,12,3867.0,3867.0,0.0,3873.0,864.0
197,KM.SINABUNG,BAUBAU,10,3896.98,3896.98,0.0,3898.98,1016.98
198,KM.BINAIYA,PAREPARE,51,3881.0,3881.0,0.0,3883.0,902.0
208,KFC.JETLINER,KENDARI,30,2949.0,3653.0,0.0,3663.0,704.0
210,KM.DOROLONDA,SURABAYA,62,3014.0,3856.98,0.0,3863.98,842.98
211,KM.WILIS,WAIKELO,72,3856.0,3856.0,0.0,3857.0,730.0
188,KM.PANGRANGO,AMBON,2,3786.0,3786.0,0.0,3800.0,972.0
218,KM.SANGIANG,BITUNG,15,3113.0,3780.02,0.0,3785.02,667.02
197,KM.SINABUNG,BANGGAI,7,3917.98,3917.98,0.0,3918.98,1016.98
195,KM.SANGIANG,NAMLEA,46,3849.02,3849.02,0.0,3850.02,947.02
192,KFC.JETLINER,KENDARI,30,2781.0,3663.0,0.0,3671.0,882.0
204,KM.BUKITRAYA,TAREMPA,67,3586.0,3586.0,0.0,3589.0,612.0
219,KM.CIREMAI,MAKASSAR,40,3881.98,3890.0,0.0,3895.0,701.0
212,KM.GUNUNGDEMPO,MAKASSAR,40,3882.98,3882.98,0.0,3885.98,794.98
193,KM.LEUSER,BENOA,12,3875.98,3875.98,0.0,3879.98,1046.98
206,KM.TATAMAILAU,TIDORE,69,3793.02,3793.02,0.0,3794.02,851.02
195,KM.SANGIANG,AMBON,2,3860.02,3860.02,0.0,3866.02,947.02
206,KM.TATAMAILAU,SORONG,61,3819.02,3819.02,0.0,3821.02,851.02
197,KM.SINABUNG,BITUNG,15,3933.98,3933.98,0.0,3936.98,1016.98
203,KM.EGON,BATULICIN,9,3887.98,3891.0,0.0,3893.0,879.0
191,KM.DOBONSOLO,SURABAYA,62,3225.0,3859.98,0.0,3863.98,1029.98
189,KM.CIREMAI,SURABAYA,62,3132.0,3863.98,0.0,3867.98,1101.98
207,KM.BUKITSIGUNTANG,TARAKAN,66,3873.0,3873.0,0.0,3877.0,868.0
210,KM.DOROLONDA,BALIKPAPAN,5,3893.98,3893.98,0.0,3895.98,842.98
204,KM.BUKITRAYA,NATUNA,48,3600.0,3600.0,0.0,3602.0,612.0
195,KM.SANGIANG,BANDA,6,3882.02,3882.02,0.0,3884.02,947.02
218,KM.SANGIANG,TERNATE,68,3807.02,3807.02,0.0,3809.02,667.02
203,KM.EGON,PAREPARE,51,3915.0,3915.0,0.0,3918.0,879.0
209,KM.LABOBAR,SURABAYA,62,3088.0,3863.98,0.0,3867.98,824.98
205,KM.AWU,BIMA,14,3894.0,3894.0,0.0,3896.0,864.0
211,KM.WILIS,WAINGAPU,73,3866.0,3866.0,0.0,3870.0,730.0
210,KM.DOROLONDA,PANTOLOAN,50,3908.98,3908.98,0.0,3910.98,842.98
199,KM.TILONGKABILA,BAUBAU,10,3881.0,3881.0,0.0,3883.0,909.0
206,KM.TATAMAILAU,FAKFAK,22,3835.02,3835.02,0.0,3837.02,851.02
206,KM.TATAMAILAU,KAIMANA,27,3849.02,3849.02,1.8207657603852567e-14,3851.0,851.02
190,KM.TIDAR,TANJUNGPRIOK,65,3608.0,3608.0,0.0,3614.0,823.0
219,KM.CIREMAI,BAUBAU,10,3911.0,3911.0,0.0,3914.0,701.0
208,KFC.JETLINER,WANCI,74,3676.0,3676.0,0.0,3678.0,704.0
206,KM.TATAMAILAU,TUAL,71,3863.02,3863.02,0.0,3866.02,851.02
189,KM.CIREMAI,MAKASSAR,40,3898.98,3899.0,12.0,3915.0,1114.0
204,KM.BUKITRAYA,MIDAI,44,3606.0,3606.0,0.0,3608.0,612.0
198,KM.BINAIYA,BONTANG,17,3910.0,3910.0,0.0,3915.0,902.0
207,KM.BUKITSIGUNTANG,NUNUKAN,49,3883.0,3883.0,0.0,3886.0,868.0
211,KM.WILIS,ENDE,21,3881.0,3881.0,0.0,3883.0,730.0
191,KM.DOBONSOLO,MAKASSAR,40,3893.98,3895.0,0.0,3899.0,1031.0
200,KM.NGGAPULU,MAKASSAR,40,3885.98,3899.0,0.0,3902.0,943.0
215,KM.TIDAR,SURABAYA,62,3622.0,3867.98,0.0,3870.98,705.98
199,KM.TILONGKABILA,RAHA,53,3887.0,3887.0,0.0,3889.0,909.0
207,KM.BUKITSIGUNTANG,BALIKPAPAN,5,3913.0,3913.0,0.0,3915.0,868.0
203,KM.EGON,BONTANG,17,3942.0,3942.0,0.0,3945.0,879.0
200,KM.NGGAPULU,BAUBAU,10,3917.0,3917.0,1.8207657603852567e-14,3918.98,943.0
203,KM.EGON,PAREPARE,51,3970.0,3970.0,0.0,3974.0,879.0
204,KM.BUKITRAYA,SERASAN,59,3616.0,3616.0,0.0,3618.0,612.0
191,KM.DOBONSOLO,BAUBAU,10,3914.0,3914.0,0.0,3917.0,1031.0
214,KM.KELUD,BELAWAN,11,3211.0,3211.0,0.0,3236.0,58.0
190,KM.TIDAR,SURABAYA,62,3643.0,3867.98,0.0,3870.98,1047.98
202,KM.KELUD,BATAM,8,3127.0,3184.0,0.0,3189.0,233.0
204,KM.BUKITRAYA,PONTIANAK,52,3635.0,3723.0,20.0,3745.0,720.0
200,KM.NGGAPULU,NAMLEA,46,3944.0,3944.0,0.0,3946.0,943.0
207,KM.BUKITSIGUNTANG,PAREPARE,51,3930.0,3974.0,0.0,3978.0,912.0
195,KM.SANGIANG,GESER,23,3894.02,3894.02,0.0,3896.02,947.02
211,KM.WILIS,KUPANG,33,3899.0,3899.0,0.0,3907.0,730.0
211,KM.WILIS,KALABAHI,28,3924.0,3924.0,0.0,3936.0,730.0
197,KM.SINABUNG,TERNATE,68,3948.98,3948.98,0.0,3950.98,1016.98
204,KM.BUKITRAYA,SURABAYA,62,3790.0,3870.98,0.0,3874.98,800.98
215,KM.TIDAR,MAKASSAR,40,3901.98,3902.0,0.0,3905.0,706.0
208,KFC.JETLINER,KENDARI,30,3691.0,3691.0,0.0,3697.0,704.0
188,KM.PANGRANGO,NAMROLE,47,3810.0,3810.0,0.0,3812.0,972.0
211,KM.WILIS,KUPANG,33,3952.0,3952.0,0.0,3960.0,730.0
204,KM.BUKITRAYA,PONTIANAK,52,3923.98,3930.0,0.0,3931.0,807.0
213,KM.PANGRANGO,BANDA,6,3766.0,3884.02,0.0,3918.02,782.02
207,KM.BUKITSIGUNTANG,MAKASSAR,40,3983.0,3983.0,0.0,3986.0,912.0
198,KM.BINAIYA,AWERANGE,3,3942.0,3942.0,0.0,3944.0,902.0
190,KM.TIDAR,MAKASSAR,40,3901.98,3915.0,0.0,3918.0,1061.0
215,KM.TIDAR,BAUBAU,10,3922.0,3922.0,0.0,3925.0,706.0
188,KM.PANGRANGO,AMBON,2,3822.0,3822.0,1.7763568394002505e-14,3827.98,972.0
199,KM.TILONGKABILA,KENDARI,30,3895.0,3895.0,0.0,3899.0,909.0
193,KM.LEUSER,BIMA,14,3902.98,3902.98,0.0,3904.98,1046.98
206,KM.TATAMAILAU,TIMIKA,70,3887.02,3899.0,0.0,3901.0,863.0
212,KM.GUNUNGDEMPO,SORONG,61,3933.98,3933.98,0.0,3936.98,794.98
190,KM.TIDAR,BAUBAU,10,3935.0,3935.0,0.0,3937.0,1061.0
202,KM.KELUD,TANJUNGBALAIKARIMUN,63,3192.0,3192.0,0.0,3193.0,233.0
200,KM.NGGAPULU,AMBON,2,3952.0,3952.0,0.0,3956.0,943.0
218,KM.SANGIANG,BACAN,4,3823.02,3823.02,0.0,3825.02,667.02
219,KM.CIREMAI,AMBON,2,3941.0,3941.0,0.0,3944.0,701.0
191,KM.DOBONSOLO,SORONG,61,3959.0,3959.0,0.0,3963.0,1031.0
200,KM.NGGAPULU,TERNATE,68,3977.0,3977.0,0.0,3979.0,943.0
200,KM.NGGAPULU,JAILOLO,25,3981.0,3981.0,0.0,3983.0,943.0
197,KM.SINABUNG,BACAN,4,3957.98,3957.98,0.0,3958.98,1016.98
219,KM.CIREMAI,SORONG,61,3967.0,3967.0,0.0,3970.0,701.0
194,KM.LAWIT,SEMARANG,58,3925.0,3925.0,0.0,3927.0,1032.0
199,KM.TILONGKABILA,LUWUK,39,3916.0,3916.0,0.0,3919.0,909.0
203,KM.EGON,BONTANG,17,3998.0,4004.0,8.0,4015.0,893.0
191,KM.DOBONSOLO,MANOKWARI,41,3978.0,3978.0,0.0,3981.0,1031.0
215,KM.TIDAR,MAUMERE,42,3939.0,3939.0,0.0,3941.0,706.0
206,KM.TATAMAILAU,AGATS,1,3915.0,3923.0,6.0,3931.0,877.0
189,KM.CIREMAI,BAUBAU,10,3931.0,3931.0,0.0,3934.0,1114.0
209,KM.LABOBAR,MAKASSAR,40,3896.98,3918.0,0.0,3921.0,846.0
209,KM.LABOBAR,BAUBAU,10,3937.0,3937.0,0.0,3939.0,846.0
197,KM.SINABUNG,SORONG,61,3974.98,3974.98,0.0,3977.98,1016.98
217,KM.LAWIT,BENOA,12,3881.98,3881.98,0.0,3885.98,722.98
212,KM.GUNUNGDEMPO,MANOKWARI,41,3948.98,3981.0,0.0,3983.0,827.0
192,KFC.JETLINER,WANCI,74,3684.0,3684.0,0.0,3686.0,882.0
215,KM.TIDAR,LARANTUKA,35,3947.0,3947.0,0.0,3949.0,706.0
209,KM.LABOBAR,AMBON,2,3964.0,3964.0,0.0,3967.0,846.0
207,KM.BUKITSIGUNTANG,MAUMERE,42,4004.0,4004.0,0.0,4006.0,912.0
213,KM.PANGRANGO,AMBON,2,3932.02,3956.0,0.0,3970.0,806.0
211,KM.WILIS,ENDE,21,3976.0,3976.0,0.0,3978.0,730.0
188,KM.PANGRANGO,BANDA,6,3842.0,3918.02,0.0,3920.02,1048.02
188,KM.PANGRANGO,SAUMLAKI,57,3947.02,3947.02,1.7763568394002505e-14,3952.0,1048.02
194,KM.LAWIT,KUMAI,32,3953.0,3966.0,0.0,3971.0,1045.0
193,KM.LEUSER,LABUANBAJO,34,3912.98,3912.98,0.0,3914.98,1046.98
204,KM.BUKITRAYA,SERASAN,59,3945.0,3945.0,0.0,3947.0,807.0
218,KM.SANGIANG,SANANA,56,3849.02,3849.02,0.0,3851.02,667.02
205,KM.AWU,WAINGAPU,73,3910.0,3910.0,0.0,3913.0,864.0
210,KM.DOROLONDA,BITUNG,15,3938.98,3938.98,0.0,3940.98,842.98
207,KM.BUKITSIGUNTANG,LEWOLEBA,38,4012.0,4012.0,0.0,4014.0,912.0
201,KM.SIRIMAU,WANCI,74,3781.0,3781.0,0.0,3783.0,826.0
188,KM.PANGRANGO,BANDA,6,3981.02,3981.02,0.0,3983.02,1048.02
211,KM.WILIS,WAINGAPU,73,3989.0,3989.0,0.0,3991.0,730.0
193,KM.LEUSER,MAKASSAR,40,3935.98,3935.98,0.0,3940.98,1046.98
190,KM.TIDAR,MAUMERE,42,3951.0,4006.0,0.0,4008.0,1116.0
198,KM.BINAIYA,MAKASSAR,40,3950.0,3950.0,0.0,3954.0,902.0
207,KM.BUKITSIGUNTANG,KUPANG,33,4021.0,4021.0,0.0,4026.0,912.0
193,KM.LEUSER,BAUBAU,10,3963.98,3963.98,0.0,3967.98,1046.98
212,KM.GUNUNGDEMPO,WASIOR,76,3990.0,3990.0,0.0,3991.0,827.0
195,KM.SANGIANG,FAKFAK,22,3908.02,3908.02,0.0,3915.02,947.02
189,KM.CIREMAI,AMBON,2,3961.0,3967.0,0.0,3971.0,1120.0
217,KM.LAWIT,BIMA,14,3907.98,3907.98,0.0,3909.98,722.98
208,KFC.JETLINER,WANCI,74,3710.0,3783.0,0.0,3785.0,777.0
199,KM.TILONGKABILA,GORONTALO,24,3930.0,3930.0,0.0,3932.0,909.0
211,KM.WILIS,WAIKELO,72,4000.0,4000.0,0.0,4001.0,730.0
194,KM.LAWIT,SEMARANG,58,3996.0,3996.0,0.0,3999.0,1045.0
195,KM.SANGIANG,GESER,23,3928.02,3928.02,0.0,3930.02,947.02
191,KM.DOBONSOLO,BIAK,13,3991.0,3991.0,0.0,3994.0,1031.0
188,KM.PANGRANGO,AMBON,2,3997.02,3997.02,0.0,4017.02,1048.02
200,KM.NGGAPULU,BITUNG,15,3994.0,3994.0,0.0,4012.0,943.0
206,KM.TATAMAILAU,MERAUKE,43,3974.0,3977.0,13.0,4000.0,893.0
190,KM.TIDAR,LARANTUKA,35,4014.0,4014.0,0.0,4016.0,1116.0
217,KM.LAWIT,WAINGAPU,73,3924.98,3991.0,0.0,3994.0,789.0
213,KM.PANGRANGO,NAMROLE,47,3980.0,3980.0,0.0,3982.0,806.0
201,KM.SIRIMAU,BAUBAU,10,3792.0,3939.0,0.0,3941.0,973.0
205,KM.AWU,ENDE,21,3922.0,3978.0,0.0,3980.0,920.0
193,KM.LEUSER,WANCI,74,3975.98,3975.98,0.0,3977.98,1046.98
195,KM.SANGIANG,BANDA,6,3940.02,3983.02,0.0,3985.02,990.02
192,KFC.JETLINER,KENDARI,30,3699.0,3899.0,0.0,3907.0,1082.0
198,KM.BINAIYA,LABUANBAJO,34,3973.0,3973.0,0.0,3975.0,902.0
208,KFC.JETLINER,KENDARI,30,3798.0,3907.0,0.0,3909.0,886.0
190,KM.TIDAR,LEWOLEBA,38,4019.0,4019.0,1.8207657603852567e-14,4019.98,1116.0
189,KM.CIREMAI,SORONG,61,3994.0,3994.0,7.0,4004.0,1127.0
207,KM.BUKITSIGUNTANG,LEWOLEBA,38,4033.0,4033.0,0.0,4035.0,912.0
217,KM.LAWIT,ENDE,21,4004.0,4004.0,0.0,4006.0,789.0
190,KM.TIDAR,KUPANG,33,4028.0,4028.0,0.0,4032.0,1116.0
192,KFC.JETLINER,WANCI,74,3920.0,3977.98,0.0,3979.98,1139.98
189,KM.CIREMAI,SERUI,60,4028.0,4028.0,0.0,4030.0,1127.0
197,KM.SINABUNG,MANOKWARI,41,3992.98,3992.98,0.0,3994.98,1016.98
193,KM.LEUSER,NAMROLE,47,3998.98,3998.98,0.0,4000.98,1046.98
197,KM.SINABUNG,BIAK,13,4003.98,4003.98,0.0,4005.98,1016.98
192,KFC.JETLINER,KENDARI,30,3992.98,3992.98,0.0,3994.98,1139.98
197,KM.SINABUNG,JAYAPURA,26,4026.98,4026.98,0.0,4030.98,1016.98
217,KM.LAWIT,KALABAHI,28,4025.0,4025.0,0.0,4027.0,789.0
194,KM.LAWIT,KARIMUNJAWA,29,4006.0,4006.0,0.0,4011.0,1045.0
211,KM.WILIS,BIMA,14,4012.0,4012.0,0.0,4014.0,730.0
218,KM.SANGIANG,NAMLEA,46,3866.02,3946.0,0.0,3948.0,747.0
192,KFC.JETLINER,RAHA,53,4002.98,4002.98,0.0,4003.98,1139.98
212,KM.GUNUNGDEMPO,NABIRE,45,3998.0,3998.0,0.0,4000.0,827.0
206,KM.TATAMAILAU,AGATS,1,4037.0,4037.0,0.0,4041.0,893.0
207,KM.BUKITSIGUNTANG,MAUMERE,42,4041.0,4041.0,0.0,4043.0,912.0
218,KM.SANGIANG,AMBON,2,3959.0,3971.0,1.8207657603852567e-14,3974.98,759.0
212,KM.GUNUNGDEMPO,JAYAPURA,26,4022.0,4030.98,0.0,4036.98,835.98
199,KM.TILONGKABILA,BITUNG,15,3947.0,4012.0,0.0,4025.0,974.0
198,KM.BINAIYA,BIMA,14,3983.0,4014.0,0.0,4015.0,933.0
209,KM.LABOBAR,BANDA,6,3975.0,3985.02,0.0,3987.02,856.02
193,KM.LEUSER,AMBON,2,4010.98,4010.98,0.0,4014.98,1046.98
204,KM.BUKITRAYA,MIDAI,44,3955.0,3955.0,0.0,3956.0,807.0
203,KM.EGON,PAREPARE,51,4041.0,4041.0,0.0,4044.0,893.0
218,KM.SANGIANG,BANDA,6,3992.0,3992.0,0.0,3994.0,759.0
190,KM.TIDAR,LEWOLEBA,38,4040.0,4040.0,0.0,4042.0,1116.0
205,KM.AWU,KUPANG,33,3993.0,4026.0,0.0,4030.0,953.0
193,KM.LEUSER,SAUMLAKI,57,4045.98,4045.98,0.0,4047.98,1046.98
197,KM.SINABUNG,BIAK,13,4051.98,4051.98,0.0,4053.98,1016.98
198,KM.BINAIYA,BENOA,12,4038.0,4038.0,0.0,4043.0,933.0
205,KM.AWU,KALABAHI,28,4043.0,4043.0,0.0,4054.0,953.0
204,KM.BUKITRAYA,NATUNA,48,3960.0,3960.0,0.0,3962.0,807.0
197,KM.SINABUNG,MANOKWARI,41,4063.98,4063.98,0.0,4065.98,1016.98
199,KM.TILONGKABILA,GORONTALO,24,4040.0,4040.0,0.0,4042.0,974.0
195,KM.SANGIANG,AMBON,2,4003.02,4014.98,1.7763568394002505e-14,4025.96,1001.98
218,KM.SANGIANG,GESER,23,4004.0,4004.0,0.0,4005.0,759.0
205,KM.AWU,KUPANG,33,4067.0,4067.0,0.0,4071.0,953.0
211,KM.WILIS,LABUANBAJO,34,4023.0,4023.0,0.0,4024.0,730.0
209,KM.LABOBAR,TUAL,71,4000.02,4000.02,0.0,4003.02,856.02
218,KM.SANGIANG,FAKFAK,22,4022.0,4022.0,0.0,4026.0,759.0
212,KM.GUNUNGDEMPO,NABIRE,45,4059.98,4059.98,0.0,4061.98,835.98
210,KM.DOROLONDA,TERNATE,68,3950.98,3979.0,0.0,3981.0,871.0
194,KM.LAWIT,SEMARANG,58,4017.0,4017.0,1.8207657603852567e-14,4020.98,1045.0
200,KM.NGGAPULU,JAILOLO,25,4022.0,4022.0,0.0,4024.0,943.0
201,KM.SIRIMAU,MAUMERE,42,3961.0,4043.0,0.0,4046.0,1055.0
190,KM.TIDAR,LARANTUKA,35,4045.0,4045.0,0.0,4047.0,1116.0
193,KM.LEUSER,TUAL,71,4066.98,4066.98,0.0,4071.98,1046.98
192,KFC.JETLINER,KENDARI,30,4011.98,4011.98,0.0,4013.98,1139.98
193,KM.LEUSER,DOBO,20,4082.98,4082.98,0.0,4086.98,1046.98
199,KM.TILONGKABILA,LUWUK,39,4053.0,4053.0,0.0,4055.0,974.0
209,KM.LABOBAR,DOBO,20,4010.02,4086.98,0.0,4089.98,932.98
215,KM.TIDAR,LEWOLEBA,38,3952.0,4042.0,0.0,4043.0,796.0
208,KFC.JETLINER,RAHA,53,3917.0,4003.98,0.0,4004.98,972.98
214,KM.KELUD,TANJUNGBALAIKARIMUN,63,3258.0,3258.0,0.0,3259.0,58.0
219,KM.CIREMAI,SERUI,60,3994.0,4030.0,0.0,4032.0,737.0
192,KFC.JETLINER,WANCI,74,4026.98,4026.98,0.0,4028.98,1139.98
193,KM.LEUSER,TIMIKA,70,4107.98,4108.0,0.0,4110.0,1047.0
201,KM.SIRIMAU,LEWOLEBA,38,4056.0,4056.0,0.0,4058.0,1055.0
201,KM.SIRIMAU,KUPANG,33,4070.0,4070.0,0.0,4076.0,1055.0
188,KM.PANGRANGO,BANDA,6,4031.02,4031.02,0.0,4033.02,1048.02
213,KM.PANGRANGO,AMBON,2,3992.0,4017.02,1.7763568394002505e-14,4023.0,831.02
200,KM.NGGAPULU,TERNATE,68,4026.0,4026.0,0.0,4028.0,943.0
205,KM.AWU,ENDE,21,4084.0,4084.0,0.0,4086.0,953.0
189,KM.CIREMAI,JAYAPURA,26,4052.0,4054.0,0.0,4059.0,1129.0
209,KM.LABOBAR,KAIMANA,27,4098.98,4098.98,-4.3653969328261155e-13,4100.959999999999,932.9799999999991
193,KM.LEUSER,AGATS,1,4122.0,4122.0,0.0,4124.0,1047.0
206,KM.TATAMAILAU,TIMIKA,70,4051.0,4110.0,0.0,4112.0,952.0
210,KM.DOROLONDA,BITUNG,15,3990.0,4025.0,0.0,4027.0,906.0
199,KM.TILONGKABILA,KENDARI,30,4073.0,4073.0,0.0,4077.0,974.0
198,KM.BINAIYA,LABUANBAJO,34,4070.0,4070.0,0.0,4073.0,933.0
193,KM.LEUSER,MERAUKE,43,4168.0,4174.0,0.019999999999999574,4197.0,1053.02
215,KM.TIDAR,KUPANG,33,4051.0,4071.0,0.0,4075.0,816.0
215,KM.TIDAR,LEWOLEBA,38,4083.0,4083.0,0.0,4084.0,816.0
200,KM.NGGAPULU,AMBON,2,4049.0,4049.0,0.0,4052.0,943.0
215,KM.TIDAR,LARANTUKA,35,4087.0,4087.0,0.0,4089.0,816.0
213,KM.PANGRANGO,BANDA,6,4037.02,4037.02,0.0,4039.02,831.02
212,KM.GUNUNGDEMPO,WASIOR,76,4068.98,4068.98,0.0,4069.98,835.98
198,KM.BINAIYA,BENOA,12,4100.0,4100.0,0.0,4103.0,933.0
206,KM.TATAMAILAU,TUAL,71,4134.0,4134.0,0.0,4136.0,952.0
213,KM.PANGRANGO,SAUMLAKI,57,4066.02,4066.02,1.7763568394002505e-14,4071.0,831.02
213,KM.PANGRANGO,BANDA,6,4100.02,4100.02,0.0,4102.02,831.0200000000004
191,KM.DOBONSOLO,JAYAPURA,26,4016.0,4059.0,3.0,4068.0,1077.0
217,KM.LAWIT,KUPANG,33,4040.0,4075.0,0.0,4079.0,824.0
214,KM.KELUD,BATAM,8,3262.0,3262.0,0.0,3266.0,58.0
212,KM.GUNUNGDEMPO,MANOKWARI,41,4076.98,4076.98,0.0,4078.98,835.98
205,KM.AWU,WAINGAPU,73,4095.0,4095.0,0.0,4098.0,953.0
201,KM.SIRIMAU,KALABAHI,28,4090.0,4090.0,0.0,4100.0,1055.0
217,KM.LAWIT,ROTE,54,4084.0,4084.0,0.0,4086.0,824.0
206,KM.TATAMAILAU,KAIMANA,27,4148.0,4148.0,0.0,4149.0,952.0
205,KM.AWU,BIMA,14,4112.0,4112.0,0.0,4114.0,953.0
206,KM.TATAMAILAU,FAKFAK,22,4161.0,4161.0,0.0,4162.0,952.0
200,KM.NGGAPULU,NAMLEA,46,4057.0,4057.0,0.0,4059.0,943.0
219,KM.CIREMAI,JAYAPURA,26,4054.0,4068.0,4.0,4078.0,755.0
215,KM.TIDAR,MAUMERE,42,4095.0,4095.0,0.0,4097.0,816.0
193,KM.LEUSER,AGATS,1,4238.02,4244.0,10.0,4257.0,1069.0
209,KM.LABOBAR,FAKFAK,22,4110.98,4162.0,0.0,4165.0,984.0
210,KM.DOROLONDA,PANTOLOAN,50,4056.0,4056.0,0.0,4058.0,906.0
199,KM.TILONGKABILA,RAHA,53,4084.0,4084.0,0.0,4085.0,974.0
209,KM.LABOBAR,KAIMANA,27,4175.0,4175.0,0.0,4177.0,984.0
200,KM.NGGAPULU,BAUBAU,10,4084.0,4084.0,0.0,4086.0,943.0
200,KM.NGGAPULU,MAKASSAR,40,4101.0,4101.0,0.0,4104.0,943.0
211,KM.WILIS,MAKASSAR,40,4048.0,4048.0,0.0,4051.0,730.0
191,KM.DOBONSOLO,BIAK,13,4089.0,4089.0,0.0,4091.0,1077.0
207,KM.BUKITSIGUNTANG,MAKASSAR,40,4061.0,4061.0,0.0,4067.0,912.0
192,KFC.JETLINER,KENDARI,30,4041.98,4077.0,0.0,4096.0,1175.0
209,KM.LABOBAR,DOBO,20,4186.0,4186.0,0.0,4188.0,984.0
207,KM.BUKITSIGUNTANG,PAREPARE,51,4072.0,4072.0,0.0,4076.0,912.0
200,KM.NGGAPULU,SURABAYA,62,4134.0,4134.0,0.0,4137.0,943.0
209,KM.LABOBAR,TUAL,71,4195.0,4195.0,0.0,4197.0,984.0
201,KM.SIRIMAU,KUPANG,33,4114.0,4114.0,0.0,4120.0,1055.0
193,KM.LEUSER,TIMIKA,70,4272.0,4284.0,0.0,4286.0,1081.0
207,KM.BUKITSIGUNTANG,BALIKPAPAN,5,4092.0,4092.0,0.0,4094.0,912.0
195,KM.SANGIANG,NAMLEA,46,4036.98,4059.0,0.0,4064.0,1024.0
204,KM.BUKITRAYA,TAREMPA,67,3973.0,3973.0,0.0,3974.0,807.0
193,KM.LEUSER,DOBO,20,4305.0,4305.0,0.0,4307.0,1081.0
201,KM.SIRIMAU,LEWOLEBA,38,4133.0,4133.0,0.0,4135.0,1055.0
219,KM.CIREMAI,SERUI,60,4099.0,4099.0,0.0,4101.0,755.0
202,KM.KELUD,BELAWAN,11,3215.0,3236.0,0.0,3261.0,254.0
198,KM.BINAIYA,CIREBON,19,4166.0,4166.0,0.0,4299.0,933.0
218,KM.SANGIANG,GESER,23,4041.0,4041.0,0.0,4042.0,759.0
193,KM.LEUSER,TUAL,71,4317.0,4317.0,-4.3653969328261155e-13,4320.98,1080.9999999999995
193,KM.LEUSER,SAUMLAKI,57,4339.0,4339.0,0.0,4341.0,1081.0
189,KM.CIREMAI,SERUI,60,4080.0,4101.0,0.0,4103.0,1150.0
215,KM.TIDAR,BAUBAU,10,4110.0,4110.0,0.0,4113.0,816.0
190,KM.TIDAR,MAUMERE,42,4053.0,4097.0,0.0,4099.0,1160.0
190,KM.TIDAR,BAUBAU,10,4112.0,4112.0,0.0,4115.0,1160.0
213,KM.PANGRANGO,AMBON,2,4116.02,4116.02,0.0,4136.02,831.0200000000004
207,KM.BUKITSIGUNTANG,TARAKAN,66,4118.0,4118.0,0.0,4122.0,912.0
199,KM.TILONGKABILA,BAUBAU,10,4090.0,4113.0,0.0,4115.0,997.0
192,KFC.JETLINER,WANCI,74,4109.0,4109.0,0.0,4111.0,1175.0
218,KM.SANGIANG,BANDA,6,4053.0,4102.02,0.0,4103.02,808.0200000000004
213,KM.PANGRANGO,BANDA,6,4150.02,4150.02,0.0,4152.02,831.0200000000004
206,KM.TATAMAILAU,SORONG,61,4176.0,4176.0,0.0,4178.0,952.0
209,KM.LABOBAR,BANDA,6,4209.0,4209.0,0.0,4210.0,984.0
199,KM.TILONGKABILA,MAKASSAR,40,4137.0,4137.0,0.0,4142.0,997.0
218,KM.SANGIANG,AMBON,2,4121.02,4121.02,0.0,4124.02,808.0200000000004
197,KM.SINABUNG,SORONG,61,4080.98,4080.98,0.0,4082.98,1016.98
219,KM.CIREMAI,SORONG,61,4125.0,4127.0,0.0,4130.0,757.0
191,KM.DOBONSOLO,MANOKWARI,41,4101.0,4101.0,0.0,4103.0,1077.0
193,KM.LEUSER,AMBON,2,4373.0,4373.0,0.0,4376.0,1081.0
217,KM.LAWIT,KUPANG,33,4091.0,4091.0,0.0,4095.0,824.0
217,KM.LAWIT,KALABAHI,28,4108.0,4108.0,0.0,4110.0,824.0
207,KM.BUKITSIGUNTANG,NUNUKAN,49,4128.0,4128.0,0.0,4130.0,912.0
189,KM.CIREMAI,SORONG,61,4127.0,4130.0,0.0,4133.0,1153.0
189,KM.CIREMAI,AMBON,2,4156.0,4156.0,0.0,4159.0,1153.0
195,KM.SANGIANG,SANANA,56,4078.0,4078.0,0.0,4080.0,1024.0
206,KM.TATAMAILAU,TIDORE,69,4204.0,4204.0,0.0,4205.0,952.0
219,KM.CIREMAI,AMBON,2,4152.0,4159.0,0.0,4161.0,764.0
210,KM.DOROLONDA,BALIKPAPAN,5,4070.0,4094.0,0.0,4096.0,930.0
205,KM.AWU,BENOA,12,4135.0,4135.0,0.0,4139.0,953.0
202,KM.KELUD,TANJUNGBALAIKARIMUN,63,3283.0,3283.0,0.0,3284.0,254.0
212,KM.GUNUNGDEMPO,SORONG,61,4090.98,4133.0,0.0,4135.0,878.0
209,KM.LABOBAR,AMBON,2,4218.0,4218.0,0.0,4220.0,984.0
197,KM.SINABUNG,BAUBAU,10,4124.98,4124.98,0.0,4126.98,1016.9799999999996
188,KM.PANGRANGO,SAUMLAKI,57,4060.02,4341.0,0.0,4345.0,1329.0
201,KM.SIRIMAU,MAUMERE,42,4150.0,4150.0,0.0,4153.0,1055.0
191,KM.DOBONSOLO,SORONG,61,4119.0,4135.0,4.0,4142.0,1097.0
209,KM.LABOBAR,BAUBAU,10,4243.0,4243.0,0.0,4245.0,984.0
219,KM.CIREMAI,BAUBAU,10,4186.0,4186.0,0.0,4188.0,764.0
217,KM.LAWIT,ENDE,21,4129.0,4129.0,0.0,4131.0,824.0
201,KM.SIRIMAU,BAUBAU,10,4173.0,4188.0,0.0,4192.0,1070.0
191,KM.DOBONSOLO,BAUBAU,10,4185.0,4192.0,0.0,4194.0,1104.0
190,KM.TIDAR,MAKASSAR,40,4132.0,4132.0,-4.3653969328261155e-13,4135.98,1159.9999999999995
219,KM.CIREMAI,MAKASSAR,40,4204.0,4204.0,0.0,4207.0,764.0
191,KM.DOBONSOLO,MAKASSAR,40,4211.0,4211.0,12.0,4226.0,1116.0
193,KM.LEUSER,NAMROLE,47,4385.0,4385.0,0.0,4387.0,1081.0
190,KM.TIDAR,SURABAYA,62,4168.0,4168.0,0.0,4170.0,1160.0
202,KM.KELUD,BATAM,8,3287.0,3287.0,6.0,3299.0,260.0
213,KM.PANGRANGO,SAUMLAKI,57,4179.02,4345.0,0.0,4349.0,997.0
217,KM.LAWIT,WAINGAPU,73,4141.0,4141.0,0.0,4144.0,824.0
193,KM.LEUSER,WANCI,74,4407.0,4407.0,0.0,4408.0,1081.0
199,KM.TILONGKABILA,LABUANBAJO,34,4160.0,4160.0,0.0,4162.0,997.0
194,KM.LAWIT,SAMPIT,55,4058.0,4070.0,113.0,4204.0,1170.0
204,KM.BUKITRAYA,LETUNG,37,3978.0,3978.0,0.0,3979.0,807.0
189,KM.CIREMAI,BAUBAU,10,4187.0,4194.0,0.0,4196.0,1160.0
190,KM.TIDAR,TANJUNGPRIOK,65,4199.0,4199.0,0.0,4201.0,1160.0
193,KM.LEUSER,BAUBAU,10,4417.0,4417.0,0.0,4419.0,1081.0
217,KM.LAWIT,BIMA,14,4159.0,4159.0,0.0,4161.0,824.0
207,KM.BUKITSIGUNTANG,BALIKPAPAN,5,4157.0,4157.0,0.0,4159.0,912.0
219,KM.CIREMAI,SURABAYA,62,4236.0,4236.0,0.0,4238.0,764.0
209,KM.LABOBAR,MAKASSAR,40,4259.0,4259.0,0.0,4261.0,984.0
201,KM.SIRIMAU,MAKASSAR,40,4215.0,4226.0,0.0,4229.0,1081.0
189,KM.CIREMAI,MAKASSAR,40,4213.0,4229.0,0.0,4232.0,1176.0
193,KM.LEUSER,MAKASSAR,40,4440.0,4440.0,0.0,4444.0,1081.0
204,KM.BUKITRAYA,KIJANG,31,3993.0,3993.0,0.0,3996.0,807.0
215,KM.TIDAR,MAKASSAR,40,4130.0,4261.0,0.0,4265.0,947.0
218,KM.SANGIANG,NAMLEA,46,4135.02,4135.02,0.0,4136.02,808.0200000000004
207,KM.BUKITSIGUNTANG,PAREPARE,51,4175.0,4175.0,0.0,4178.0,912.0
205,KM.AWU,SURABAYA,62,4167.0,4170.0,0.0,4174.0,956.0
197,KM.SINABUNG,MAKASSAR,40,4143.98,4265.0,0.0,4267.0,1138.0
212,KM.GUNUNGDEMPO,MAKASSAR,40,4184.0,4267.0,0.0,4269.0,961.0
199,KM.TILONGKABILA,BIMA,14,4169.0,4169.0,0.0,4171.0,997.0
195,KM.SANGIANG,BACAN,4,4101.0,4101.0,0.0,4103.0,1024.0
217,KM.LAWIT,BENOA,12,4183.0,4183.0,0.0,4186.0,824.0
189,KM.CIREMAI,SURABAYA,62,4264.0,4264.0,0.0,4266.0,1176.0
204,KM.BUKITRAYA,BLINYU,16,4012.0,4012.0,0.0,4013.0,807.0
201,KM.SIRIMAU,SURABAYA,62,4275.0,4275.0,0.0,4277.0,1081.0
218,KM.SANGIANG,BAUBAU,10,4187.02,4245.0,0.0,4248.0,866.0
195,KM.SANGIANG,TERNATE,68,4115.0,4115.0,0.0,4117.0,1024.0
215,KM.TIDAR,SURABAYA,62,4297.0,4297.0,0.0,4299.0,947.0
208,KFC.JETLINER,KENDARI,30,4012.98,4096.0,0.0,4098.0,1056.0
212,KM.GUNUNGDEMPO,SURABAYA,62,4295.0,4295.0,-4.3653969328261155e-13,4296.98,960.9999999999995
215,KM.TIDAR,TANJUNGPRIOK,65,4328.0,4328.0,0.0,4330.0,947.0
191,KM.DOBONSOLO,SURABAYA,62,4258.0,4296.98,-4.3653969328261155e-13,4298.959999999999,1154.979999999999
193,KM.LEUSER,LABUANBAJO,34,4463.0,4463.0,0.0,4464.0,1081.0
208,KFC.JETLINER,WANCI,74,4111.0,4408.0,0.0,4410.0,1353.0
203,KM.EGON,BATULICIN,9,4066.0,4066.0,7.0,4078.0,900.0
203,KM.EGON,SURABAYA,62,4106.0,4298.959999999999,0.0,4303.959999999999,1092.9599999999991
209,KM.LABOBAR,SURABAYA,62,4286.0,4299.0,0.0,4302.0,997.0
193,KM.LEUSER,BIMA,14,4472.0,4472.0,0.0,4473.0,1081.0
203,KM.EGON,LEMBAR,36,4327.959999999999,4328.0,0.019999999999999574,4333.0,1093.02
193,KM.LEUSER,BENOA,12,4496.0,4496.0,0.0,4498.0,1081.0
217,KM.LAWIT,SURABAYA,62,4216.0,4302.0,0.0,4305.0,910.0
199,KM.TILONGKABILA,LEMBAR,36,4189.0,4333.0,0.0,4335.0,1141.0
188,KM.PANGRANGO,BANDA,6,4373.0,4373.0,0.0,4375.0,1329.0
194,KM.LAWIT,SURABAYA,62,4232.0,4303.959999999999,0.0,4306.959999999999,1241.9599999999991
213,KM.PANGRANGO,BANDA,6,4377.0,4377.0,0.0,4379.0,997.0
220,KM.KELIMUTU,TANJUNGPRIOK,65,3117.0,4201.0,0.0,4223.0,1084.0
228,KM.AWU,KUMAI,32,3246.0,3971.0,9.0,3989.0,734.0
233,KM.LABOBAR,TANJUNGPRIOK,65,3331.0,4223.0,0.0,4241.0,892.0
235,KM.GUNUNGDEMPO,TANJUNGPRIOK,65,3360.0,4241.0,0.0,4255.0,881.0
233,KM.LABOBAR,SURABAYA,62,4267.0,4305.0,0.0,4309.0,930.0
235,KM.GUNUNGDEMPO,SURABAYA,62,4279.0,4306.959999999999,0.0,4310.959999999999,908.9599999999991
251,KM.AWU,KUMAI,32,3559.0,3991.0,14.0,4037.0,446.0
247,KM.LAMBELU,MAKASSAR,40,3525.0,4269.0,0.0,4283.0,744.0
232,KM.BUKITSIGUNTANG,MAKASSAR,40,3271.0,4283.0,0.0,4302.0,1012.0
228,KM.AWU,SURABAYA,62,4016.0,4309.0,0.0,4316.0,1027.0
241,KM.LEUSER,SURABAYA,62,3445.0,4310.959999999999,-4.369837824924616e-13,4321.939999999999,865.9599999999987
231,KM.EGON,WAINGAPU,73,3267.0,4146.0,0.0,4159.0,879.0
234,KM.WILIS,BATULICIN,9,3351.0,4078.0,0.0,4105.0,727.0
225,KM.NGGAPULU,TANJUNGPRIOK,65,3219.0,4255.0,0.0,4267.0,1036.0
232,KM.BUKITSIGUNTANG,PAREPARE,51,4307.0,4307.0,0.0,4311.0,1012.0
235,KM.GUNUNGDEMPO,MAKASSAR,40,4337.959999999999,4337.959999999999,-4.3653969328261155e-13,4340.939999999999,908.9599999999987
241,KM.LEUSER,BENOA,12,4350.959999999999,4498.0,0.0,4502.0,1013.0
238,KM.KELUD,TANJUNGPRIOK,65,3412.0,4267.0,0.0,4284.0,855.0
232,KM.BUKITSIGUNTANG,BALIKPAPAN,5,4326.0,4326.0,0.0,4328.0,1012.0
239,KM.TIDAR,KIJANG,31,3417.0,3996.0,0.0,4004.0,579.0
234,KM.WILIS,MAKASSAR,40,4135.0,4340.939999999999,0.0,4348.939999999999,932.9399999999987
241,KM.LEUSER,BIMA,14,4525.0,4525.0,0.0,4527.0,1013.0
249,KM.DOROLONDA,SURABAYA,62,3547.0,4316.0,0.0,4341.0,769.0
250,KM.NGGAPULU,TANJUNGPRIOK,65,3552.0,4284.0,0.0,4299.0,732.0
239,KM.TIDAR,TANJUNGPRIOK,65,4038.0,4299.0,0.0,4305.0,840.0
247,KM.LAMBELU,PAREPARE,51,4288.0,4311.0,0.0,4314.0,767.0
230,KM.TATAMAILAU,BITUNG,15,3265.0,4027.0,0.0,4035.0,762.0
248,KM.TILONGKABILA,BENOA,12,3536.0,4502.0,0.0,4527.0,966.0
232,KM.BUKITSIGUNTANG,PAREPARE,51,4343.0,4343.0,0.0,4347.0,1012.0
240,KM.LAWIT,KUMAI,32,3424.0,4039.0,0.0,4046.0,615.0
232,KM.BUKITSIGUNTANG,MAKASSAR,40,4352.0,4352.0,0.0,4355.0,1012.0
235,KM.GUNUNGDEMPO,SORONG,61,4388.959999999999,4388.959999999999,0.0,4391.959999999999,908.9599999999991
234,KM.WILIS,LABUANBAJO,34,4372.939999999999,4464.0,0.0,4465.0,1024.0
252,KM.BUKITRAYA,TANJUNGPRIOK,65,3569.0,4305.0,-4.369837824924616e-13,4311.98,735.9999999999995
251,KM.AWU,SURABAYA,62,4064.0,4321.939999999999,0.0,4328.939999999999,703.9399999999987
236,KM.PANGRANGO,AMBON,2,3396.0,4220.0,0.0,4248.0,824.0
243,KFC.JETLINER,KENDARI,30,3453.0,4098.0,0.0,4108.0,645.0
225,KM.NGGAPULU,SURABAYA,62,4293.0,4328.939999999999,0.0,4332.939999999999,1071.9399999999987
240,KM.LAWIT,SURABAYA,62,4074.0,4332.939999999999,0.0,4337.939999999999,873.9399999999987
240,KM.LAWIT,SAMPIT,55,4369.939999999999,4381.0,2.0,4402.0,887.0
234,KM.WILIS,BIMA,14,4474.0,4527.0,0.0,4528.0,1077.0
242,KM.DOBONSOLO,TANJUNGPRIOK,65,3448.0,4311.98,0.0,4320.98,863.9799999999996
230,KM.TATAMAILAU,TERNATE,68,4049.0,4117.0,-4.3653969328261155e-13,4117.98,829.9999999999995
233,KM.LABOBAR,MAKASSAR,40,4338.0,4355.0,0.0,4358.0,947.0
245,KM.CIREMAI,TANJUNGPRIOK,65,3500.0,4320.98,0.0,4349.98,820.9799999999996
240,KM.LAWIT,SEMARANG,58,4434.0,4434.0,0.0,4442.0,887.0
230,KM.TATAMAILAU,AMBON,2,4143.0,4248.0,0.0,4250.0,935.0
248,KM.TILONGKABILA,LEMBAR,36,4533.0,4533.0,0.0,4535.0,966.0
246,KM.KELIMUTU,TANJUNGPRIOK,65,3514.0,4330.0,0.0,4340.0,816.0
230,KM.TATAMAILAU,TUAL,71,4275.0,4320.98,0.0,4324.98,980.9799999999996
232,KM.BUKITSIGUNTANG,MAUMERE,42,4373.0,4373.0,0.0,4375.0,1012.0
251,KM.AWU,BENOA,12,4355.939999999999,4527.0,0.0,4533.0,875.0
230,KM.TATAMAILAU,DOBO,20,4333.98,4333.98,0.0,4335.98,980.9799999999996
250,KM.NGGAPULU,SURABAYA,62,4325.0,4337.939999999999,0.0,4341.939999999999,744.9399999999987
230,KM.TATAMAILAU,TIMIKA,70,4355.98,4356.0,0.0,4358.0,981.0
235,KM.GUNUNGDEMPO,MANOKWARI,41,4404.959999999999,4404.959999999999,0.0,4406.959999999999,908.9599999999991
249,KM.DOROLONDA,MAKASSAR,40,4369.0,4369.0,0.0,4372.0,769.0
243,KFC.JETLINER,WANCI,74,4121.0,4410.0,0.0,4412.0,934.0
246,KM.KELIMUTU,TANJUNGPANDAN,64,4359.0,4359.0,0.0,4361.0,816.0
224,KM.TILONGKABILA,BENOA,12,3200.0,4533.0,0.0,4558.0,1333.0
238,KM.KELUD,BATAM,8,4316.0,4316.0,0.0,4321.0,855.0
249,KM.DOROLONDA,BAUBAU,10,4386.0,4386.0,0.0,4388.0,769.0
250,KM.NGGAPULU,MAKASSAR,40,4372.939999999999,4372.939999999999,0.0,4375.939999999999,744.9399999999987
232,KM.BUKITSIGUNTANG,LEWOLEBA,38,4381.0,4381.0,0.0,4383.0,1012.0
247,KM.LAMBELU,BALIKPAPAN,5,4330.0,4330.0,0.0,4332.0,767.0
253,KM.KELUD,TANJUNGPRIOK,65,3580.0,4340.0,0.0,4357.0,760.0
250,KM.NGGAPULU,BAUBAU,10,4390.939999999999,4390.939999999999,-4.3653969328261155e-13,4392.919999999998,744.9399999999982
224,KM.TILONGKABILA,LEMBAR,36,4564.0,4564.0,0.0,4566.0,1333.0
250,KM.NGGAPULU,NAMLEA,46,4417.939999999999,4417.939999999999,0.0,4419.939999999999,744.9399999999987
249,KM.DOROLONDA,NAMLEA,46,4412.0,4419.939999999999,0.0,4421.939999999999,776.9399999999987
236,KM.PANGRANGO,BANDA,6,4262.0,4379.0,0.0,4413.0,941.0
239,KM.TIDAR,SURABAYA,62,4334.0,4341.0,0.0,4344.0,847.0
247,KM.LAMBELU,TARAKAN,66,4358.0,4358.0,0.0,4361.0,767.0
252,KM.BUKITRAYA,BLINYU,16,4340.0,4340.0,0.0,4341.0,736.0
241,KM.LEUSER,LABUANBAJO,34,4535.0,4535.0,0.0,4537.0,1013.0
228,KM.AWU,BENOA,12,4343.0,4558.0,0.0,4564.0,1242.0
252,KM.BUKITRAYA,KIJANG,31,4356.0,4356.0,0.0,4359.0,736.0
223,KM.DOROLONDA,SURABAYA,62,3196.0,4341.939999999999,0.0,4370.939999999999,1145.9399999999987
225,KM.NGGAPULU,MAKASSAR,40,4363.939999999999,4375.939999999999,0.0,4378.939999999999,1083.9399999999987
248,KM.TILONGKABILA,BIMA,14,4553.0,4553.0,0.0,4557.0,966.0
223,KM.DOROLONDA,MAKASSAR,40,4398.939999999999,4398.939999999999,0.0,4401.939999999999,1145.9399999999987
223,KM.DOROLONDA,BAUBAU,10,4415.939999999999,4415.939999999999,0.0,4417.939999999999,1145.9399999999987
227,KM.KELUD,TANJUNGPRIOK,65,3238.0,4349.98,0.0,4372.98,1111.9799999999996
235,KM.GUNUNGDEMPO,WASIOR,76,4413.959999999999,4413.959999999999,0.0,4414.959999999999,908.9599999999991
251,KM.AWU,BIMA,14,4554.0,4557.0,0.0,4559.0,878.0
248,KM.TILONGKABILA,LABUANBAJO,34,4564.0,4564.0,-4.3653969328261155e-13,4565.98,965.9999999999995
234,KM.WILIS,WAIKELO,72,4539.0,4539.0,0.0,4540.0,1077.0
235,KM.GUNUNGDEMPO,NABIRE,45,4421.959999999999,4421.959999999999,0.0,4423.959999999999,908.9599999999991
220,KM.KELIMUTU,TANJUNGPANDAN,64,4242.0,4361.0,0.0,4363.0,1203.0
239,KM.TIDAR,MAKASSAR,40,4375.0,4401.939999999999,0.0,4404.939999999999,873.9399999999987
226,KM.BUKITRAYA,TANJUNGPRIOK,65,3234.0,4357.0,0.0,4365.0,1123.0
230,KM.TATAMAILAU,AGATS,1,4369.0,4371.0,0.0,4373.0,983.0
222,KM.DOBONSOLO,TANJUNGPRIOK,65,3171.0,4365.0,0.0,4379.0,1194.0
245,KM.CIREMAI,SURABAYA,62,4375.98,4375.98,0.0,4378.98,820.9799999999996
247,KM.LAMBELU,NUNUKAN,49,4367.0,4367.0,0.0,4370.0,767.0
243,KFC.JETLINER,KENDARI,30,4425.0,4425.0,0.0,4431.0,934.0
231,KM.EGON,BIMA,14,4172.0,4559.0,0.0,4562.0,1266.0
226,KM.BUKITRAYA,BLINYU,16,4393.0,4393.0,0.0,4394.0,1123.0
234,KM.WILIS,WAINGAPU,73,4549.0,4549.0,0.0,4553.0,1077.0
247,KM.LAMBELU,PANTOLOAN,50,4391.0,4391.0,0.0,4393.0,767.0
231,KM.EGON,LEMBAR,36,4579.0,4582.0,0.0,4585.0,1269.0
250,KM.NGGAPULU,AMBON,2,4425.939999999999,4425.939999999999,0.0,4429.939999999999,744.9399999999987
223,KM.DOROLONDA,NAMLEA,46,4441.939999999999,4441.939999999999,0.0,4443.939999999999,1145.9399999999987
232,KM.BUKITSIGUNTANG,KUPANG,33,4390.0,4390.0,-4.369837824924616e-13,4395.98,1011.9999999999995
242,KM.DOBONSOLO,SURABAYA,62,4346.98,4370.939999999999,0.0,4373.939999999999,887.9399999999987
242,KM.DOBONSOLO,MAKASSAR,40,4402.939999999999,4412.0,6.0,4421.0,903.0
224,KM.TILONGKABILA,BIMA,14,4584.0,4584.0,0.0,4588.0,1333.0
228,KM.AWU,BIMA,14,4585.0,4588.0,0.0,4590.0,1245.0
245,KM.CIREMAI,MAKASSAR,40,4408.98,4421.0,0.0,4424.0,833.0
239,KM.TIDAR,BAUBAU,10,4420.939999999999,4420.939999999999,0.0,4422.939999999999,873.9399999999987
220,KM.KELIMUTU,PONTIANAK,52,4388.0,4389.0,2.0,4393.0,1206.0
248,KM.TILONGKABILA,MAKASSAR,40,4584.0,4584.0,0.0,4589.0,966.0
247,KM.LAMBELU,BALIKPAPAN,5,4406.0,4406.0,0.0,4408.0,767.0
234,KM.WILIS,ENDE,21,4564.0,4564.0,0.0,4566.0,1077.0
253,KM.KELUD,BATAM,8,4389.0,4389.0,0.0,4394.0,760.0
227,KM.KELUD,BATAM,8,4404.98,4405.0,0.0,4410.0,1112.0
226,KM.BUKITRAYA,KIJANG,31,4409.0,4409.0,0.0,4412.0,1123.0
233,KM.LABOBAR,BAUBAU,10,4374.0,4419.0,0.0,4421.0,992.0
246,KM.KELIMUTU,PONTIANAK,52,4386.0,4395.0,15.0,4412.0,840.0
228,KM.AWU,WAINGAPU,73,4604.0,4604.0,0.0,4607.0,1245.0
252,KM.BUKITRAYA,LETUNG,37,4372.0,4372.0,0.0,4373.0,736.0
232,KM.BUKITSIGUNTANG,LEWOLEBA,38,4403.0,4403.0,0.0,4405.0,1012.0
236,KM.PANGRANGO,AMBON,2,4427.0,4427.0,0.0,4441.0,941.0
225,KM.NGGAPULU,BAUBAU,10,4393.939999999999,4421.0,-4.3653969328261155e-13,4422.98,1110.9999999999995
226,KM.BUKITRAYA,LETUNG,37,4425.0,4425.0,0.0,4426.0,1123.0
232,KM.BUKITSIGUNTANG,MAUMERE,42,4411.0,4411.0,0.0,4413.0,1012.0
252,KM.BUKITRAYA,TAREMPA,67,4377.0,4377.0,0.0,4379.0,736.0
220,KM.KELIMUTU,SEMARANG,58,4435.0,4442.0,0.0,4457.0,1213.0
243,KFC.JETLINER,WANCI,74,4444.0,4444.0,0.0,4446.0,934.0
236,KM.PANGRANGO,NAMROLE,47,4451.0,4451.0,0.0,4453.0,941.0
238,KM.KELUD,TANJUNGBALAIKARIMUN,63,4324.0,4324.0,0.0,4325.0,855.0
223,KM.DOROLONDA,AMBON,2,4448.939999999999,4448.939999999999,0.0,4451.939999999999,1145.9399999999987
231,KM.EGON,SURABAYA,62,4608.0,4608.0,0.0,4613.0,1269.0
226,KM.BUKITRAYA,TAREMPA,67,4430.0,4430.0,0.0,4432.0,1123.0
239,KM.TIDAR,MAUMERE,42,4436.939999999999,4436.939999999999,0.0,4438.939999999999,873.9399999999987
245,KM.CIREMAI,BAUBAU,10,4440.0,4440.0,0.0,4442.0,833.0
241,KM.LEUSER,MAKASSAR,40,4558.0,4558.0,0.0,4563.0,1013.0
223,KM.DOROLONDA,SORONG,61,4471.939999999999,4471.939999999999,0.0,4474.939999999999,1145.9399999999987
228,KM.AWU,ENDE,21,4616.0,4616.0,0.0,4618.0,1245.0
220,KM.KELIMUTU,KUMAI,32,4481.0,4481.0,6.0,4489.0,1219.0
251,KM.AWU,WAINGAPU,73,4573.0,4607.0,0.0,4610.0,912.0
239,KM.TIDAR,LARANTUKA,35,4444.939999999999,4444.939999999999,0.0,4445.939999999999,873.9399999999987
239,KM.TIDAR,LEWOLEBA,38,4447.939999999999,4447.939999999999,0.0,4448.939999999999,873.9399999999987
240,KM.LAWIT,KUMAI,32,4467.0,4491.0,0.0,4493.0,911.0
247,KM.LAMBELU,PAREPARE,51,4424.0,4424.0,0.0,4427.0,767.0
251,KM.AWU,ENDE,21,4619.0,4619.0,0.0,4621.0,912.0
250,KM.NGGAPULU,TERNATE,68,4450.939999999999,4450.939999999999,0.0,4452.939999999999,744.9399999999987
233,KM.LABOBAR,AMBON,2,4446.0,4446.0,0.0,4449.0,992.0
243,KFC.JETLINER,KENDARI,30,4459.0,4459.0,0.0,4461.0,934.0
226,KM.BUKITRAYA,NATUNA,48,4443.0,4443.0,0.0,4446.0,1123.0
233,KM.LABOBAR,BANDA,6,4457.0,4457.0,0.0,4459.0,992.0
246,KM.KELIMUTU,SEMARANG,58,4454.0,4457.0,0.0,4471.0,843.0
231,KM.EGON,BATULICIN,9,4640.0,4640.0,0.0,4643.0,1269.0
226,KM.BUKITRAYA,MIDAI,44,4450.0,4450.0,0.0,4452.0,1123.0
242,KM.DOBONSOLO,BAUBAU,10,4436.0,4436.0,0.0,4438.0,903.0
239,KM.TIDAR,KUPANG,33,4456.939999999999,4456.939999999999,0.0,4460.939999999999,873.9399999999987
232,KM.BUKITSIGUNTANG,MAKASSAR,40,4431.0,4563.0,0.0,4569.0,1144.0
233,KM.LABOBAR,TUAL,71,4472.0,4472.0,0.0,4475.0,992.0
250,KM.NGGAPULU,JAILOLO,25,4454.939999999999,4454.939999999999,0.0,4456.939999999999,744.9399999999987
247,KM.LAMBELU,MAKASSAR,40,4432.0,4569.0,0.0,4572.0,904.0
232,KM.BUKITSIGUNTANG,PAREPARE,51,4574.0,4574.0,0.0,4578.0,1144.0
245,KM.CIREMAI,AMBON,2,4468.0,4468.0,0.0,4471.0,833.0
242,KM.DOBONSOLO,SORONG,61,4479.0,4479.0,0.0,4482.0,903.0
247,KM.LAMBELU,BAUBAU,10,4587.0,4587.0,0.0,4589.0,904.0
234,KM.WILIS,KUPANG,33,4582.0,4582.0,0.0,4590.0,1077.0
220,KM.KELIMUTU,SURABAYA,62,4515.0,4515.0,0.0,4518.0,1219.0
233,KM.LABOBAR,DOBO,20,4482.0,4482.0,0.0,4485.0,992.0
226,KM.BUKITRAYA,SERASAN,59,4460.0,4460.0,0.0,4462.0,1123.0
243,KFC.JETLINER,RAHA,53,4469.0,4469.0,0.0,4470.0,934.0
234,KM.WILIS,KALABAHI,28,4607.0,4607.0,0.0,4619.0,1077.0
251,KM.AWU,KUPANG,33,4634.0,4634.0,0.0,4639.0,912.0
222,KM.DOBONSOLO,SURABAYA,62,4405.0,4518.0,0.0,4521.0,1307.0
250,KM.NGGAPULU,BITUNG,15,4467.939999999999,4467.939999999999,0.0,4477.939999999999,744.9399999999987
241,KM.LEUSER,BAUBAU,10,4586.0,4586.0,0.0,4590.0,1013.0
234,KM.WILIS,KUPANG,33,4635.0,4635.0,0.0,4643.0,1077.0
250,KM.NGGAPULU,JAILOLO,25,4487.939999999999,4487.939999999999,0.0,4489.939999999999,744.9399999999987
224,KM.TILONGKABILA,LABUANBAJO,34,4595.0,4595.0,-4.3653969328261155e-13,4596.98,1332.9999999999995
220,KM.KELIMUTU,BATULICIN,9,4547.0,4643.0,0.0,4646.0,1315.0
223,KM.DOROLONDA,MANOKWARI,41,4487.939999999999,4487.939999999999,0.0,4489.939999999999,1145.9399999999987
241,KM.LEUSER,WANCI,74,4598.0,4598.0,0.0,4599.0,1013.0
231,KM.EGON,PAREPARE,51,4665.0,4665.0,0.0,4667.0,1269.0
225,KM.NGGAPULU,NAMLEA,46,4448.0,4448.0,0.0,4450.0,1111.0
243,KFC.JETLINER,KENDARI,30,4478.0,4478.0,0.0,4480.0,934.0
238,KM.KELUD,BELAWAN,11,4348.0,4348.0,0.0,4372.0,855.0
228,KM.AWU,KUPANG,33,4631.0,4639.0,0.0,4643.0,1253.0
242,KM.DOBONSOLO,MANOKWARI,41,4497.0,4497.0,0.0,4500.0,903.0
241,KM.LEUSER,NAMROLE,47,4620.0,4620.0,0.0,4622.0,1013.0
239,KM.TIDAR,LEWOLEBA,38,4468.939999999999,4468.939999999999,0.0,4469.939999999999,873.9399999999987
236,KM.PANGRANGO,AMBON,2,4463.0,4463.0,-4.369837824924616e-13,4468.98,940.9999999999995
222,KM.DOBONSOLO,MAKASSAR,40,4550.0,4572.0,11.0,4586.0,1340.0
231,KM.EGON,BONTANG,17,4691.0,4691.0,5.0,4699.0,1274.0
220,KM.KELIMUTU,SURABAYA,62,4677.0,4677.0,0.0,4680.0,1315.0
252,KM.BUKITRAYA,NATUNA,48,4390.0,4446.0,0.0,4449.0,792.0
225,KM.NGGAPULU,AMBON,2,4456.0,4468.98,0.0,4472.98,1123.9799999999996
239,KM.TIDAR,LARANTUKA,35,4472.939999999999,4472.939999999999,0.0,4474.939999999999,873.9399999999987
227,KM.KELUD,TANJUNGBALAIKARIMUN,63,4413.0,4413.0,0.0,4414.0,1112.0
247,KM.LAMBELU,MAUMERE,42,4602.0,4602.0,0.0,4604.0,904.0
240,KM.LAWIT,SEMARANG,58,4518.0,4518.0,0.0,4520.0,911.0
224,KM.TILONGKABILA,MAKASSAR,40,4615.0,4615.0,0.0,4620.0,1333.0
245,KM.CIREMAI,SORONG,61,4493.0,4493.0,0.0,4495.0,833.0
245,KM.CIREMAI,SERUI,60,4519.0,4519.0,0.0,4521.0,833.0
248,KM.TILONGKABILA,BAUBAU,10,4610.0,4610.0,0.0,4612.0,966.0
241,KM.LEUSER,AMBON,2,4632.0,4632.0,0.0,4636.0,1013.0
248,KM.TILONGKABILA,RAHA,53,4616.0,4616.0,0.0,4618.0,966.0
236,KM.PANGRANGO,BANDA,6,4483.0,4483.0,0.0,4485.0,941.0
231,KM.EGON,PAREPARE,51,4724.0,4724.0,0.0,4728.0,1274.0
253,KM.KELUD,TANJUNGBALAIKARIMUN,63,4397.0,4414.0,0.0,4415.0,777.0
236,KM.PANGRANGO,SAUMLAKI,57,4512.0,4512.0,-4.369837824924616e-13,4516.98,940.9999999999995
228,KM.AWU,KALABAHI,28,4656.0,4656.0,0.0,4666.0,1253.0
248,KM.TILONGKABILA,KENDARI,30,4624.0,4624.0,0.0,4628.0,966.0
252,KM.BUKITRAYA,MIDAI,44,4453.0,4453.0,0.0,4455.0,792.0
239,KM.TIDAR,MAUMERE,42,4480.939999999999,4604.0,0.0,4606.0,997.0
234,KM.WILIS,ENDE,21,4659.0,4659.0,0.0,4661.0,1077.0
222,KM.DOBONSOLO,BAUBAU,10,4600.0,4600.0,0.0,4602.0,1340.0
227,KM.KELUD,BELAWAN,11,4437.0,4437.0,0.0,4461.0,1112.0
251,KM.AWU,KALABAHI,28,4652.0,4666.0,0.0,4669.0,926.0
240,KM.LAWIT,KARIMUNJAWA,29,4527.0,4527.0,0.0,4552.0,911.0
253,KM.KELUD,BELAWAN,11,4438.0,4461.0,0.0,4485.0,800.0
239,KM.TIDAR,BAUBAU,10,4619.0,4619.0,-4.3653969328261155e-13,4620.98,996.9999999999995
225,KM.NGGAPULU,TERNATE,68,4493.98,4493.98,0.0,4495.98,1123.9799999999996
241,KM.LEUSER,SAUMLAKI,57,4667.0,4667.0,0.0,4669.0,1013.0
224,KM.TILONGKABILA,BAUBAU,10,4641.0,4641.0,0.0,4643.0,1333.0
245,KM.CIREMAI,JAYAPURA,26,4542.0,4542.0,0.019999999999999574,4553.0,833.02
235,KM.GUNUNGDEMPO,JAYAPURA,26,4446.959999999999,4553.0,0.0,4559.0,1015.0
246,KM.KELIMUTU,KUMAI,32,4495.0,4495.0,0.0,4497.0,843.0
249,KM.DOROLONDA,AMBON,2,4426.939999999999,4472.98,0.0,4475.98,822.9799999999996
222,KM.DOBONSOLO,SORONG,61,4640.0,4640.0,0.0,4642.0,1340.0
223,KM.DOROLONDA,NABIRE,45,4500.939999999999,4500.939999999999,0.0,4502.939999999999,1145.9399999999987
252,KM.BUKITRAYA,SERASAN,59,4463.0,4463.0,0.0,4466.0,792.0
228,KM.AWU,KUPANG,33,4679.0,4679.0,0.0,4683.0,1253.0
234,KM.WILIS,WAINGAPU,73,4672.0,4672.0,0.0,4674.0,1077.0
230,KM.TATAMAILAU,MERAUKE,43,4414.0,4423.0,13.0,4458.0,1005.0
231,KM.EGON,BONTANG,17,4752.0,4760.0,0.0,4764.0,1282.0
236,KM.PANGRANGO,BANDA,6,4546.0,4546.0,0.0,4548.0,941.0
251,KM.AWU,KUPANG,33,4682.0,4682.0,0.0,4687.0,926.0
241,KM.LEUSER,AMBON,2,4701.0,4701.0,0.0,4704.0,1013.0
249,KM.DOROLONDA,SORONG,61,4495.98,4495.98,0.0,4498.98,822.9799999999996
231,KM.EGON,PAREPARE,51,4790.0,4790.0,0.0,4793.0,1282.0
246,KM.KELIMUTU,SURABAYA,62,4523.0,4613.0,0.0,4617.0,933.0
248,KM.TILONGKABILA,LUWUK,39,4645.0,4645.0,0.0,4648.0,966.0
252,KM.BUKITRAYA,PONTIANAK,52,4485.0,4485.0,14.0,4501.0,806.0
226,KM.BUKITRAYA,PONTIANAK,52,4481.0,4503.0,0.020000000000000018,4505.0,1145.02
242,KM.DOBONSOLO,BIAK,13,4510.0,4510.0,0.0,4513.0,903.0
247,KM.LAMBELU,LARANTUKA,35,4609.0,4609.0,0.0,4611.0,904.0
234,KM.WILIS,WAIKELO,72,4683.0,4683.0,0.0,4684.0,1077.0
224,KM.TILONGKABILA,RAHA,53,4647.0,4647.0,0.0,4649.0,1333.0
250,KM.NGGAPULU,TERNATE,68,4491.939999999999,4495.98,0.0,4497.98,748.9799999999996
251,KM.AWU,ENDE,21,4700.0,4700.0,0.0,4702.0,926.0
233,KM.LABOBAR,KAIMANA,27,4494.0,4494.0,-4.3653969328261155e-13,4495.98,991.9999999999995
246,KM.KELIMUTU,BATULICIN,9,4647.0,4647.0,0.0,4651.0,933.0
248,KM.TILONGKABILA,GORONTALO,24,4659.0,4659.0,0.0,4661.0,966.0
252,KM.BUKITRAYA,SURABAYA,62,4547.0,4617.0,0.0,4621.0,876.0
242,KM.DOBONSOLO,JAYAPURA,26,4534.0,4559.0,0.0,4565.0,928.0
220,KM.KELIMUTU,KUMAI,32,4708.0,4710.0,0.0,4712.0,1317.0
249,KM.DOROLONDA,MANOKWARI,41,4511.98,4511.98,0.0,4513.98,822.9799999999996
233,KM.LABOBAR,FAKFAK,22,4506.0,4506.0,0.0,4509.0,992.0
242,KM.DOBONSOLO,BIAK,13,4585.0,4585.0,0.0,4587.0,928.0
223,KM.DOROLONDA,WAREN,75,4508.939999999999,4508.939999999999,0.0,4510.939999999999,1145.9399999999987
251,KM.AWU,WAINGAPU,73,4711.0,4711.0,0.0,4714.0,926.0
245,KM.CIREMAI,SERUI,60,4572.02,4572.02,0.0,4574.02,833.0200000000004
231,KM.EGON,BATULICIN,9,4815.0,4823.0,0.0,4826.0,1290.0
249,KM.DOROLONDA,NABIRE,45,4523.98,4523.98,0.0,4525.98,822.9799999999996
233,KM.LABOBAR,KAIMANA,27,4519.0,4519.0,0.0,4521.0,992.0
252,KM.BUKITRAYA,PONTIANAK,52,4669.0,4675.0,0.0,4676.0,882.0
233,KM.LABOBAR,DOBO,20,4530.0,4530.0,0.0,4532.0,992.0
226,KM.BUKITRAYA,SURABAYA,62,4551.02,4621.0,0.0,4625.0,1215.0
250,KM.NGGAPULU,AMBON,2,4518.98,4636.0,0.0,4639.0,866.0
233,KM.LABOBAR,TUAL,71,4539.0,4539.0,0.0,4541.0,992.0
223,KM.DOROLONDA,JAYAPURA,26,4530.939999999999,4565.0,0.0,4570.0,1180.0
250,KM.NGGAPULU,NAMLEA,46,4644.0,4644.0,0.0,4646.0,866.0
252,KM.BUKITRAYA,SERASAN,59,4690.0,4690.0,0.0,4692.0,882.0
224,KM.TILONGKABILA,KENDARI,30,4655.0,4655.0,0.0,4659.0,1333.0
233,KM.LABOBAR,BANDA,6,4553.0,4553.0,0.0,4554.0,992.0
226,KM.BUKITRAYA,PONTIANAK,52,4673.0,4676.0,0.0,4677.0,1218.0
247,KM.LAMBELU,BAUBAU,10,4623.0,4623.0,0.0,4625.0,904.0
223,KM.DOROLONDA,WAREN,75,4589.0,4589.0,0.0,4591.0,1180.0
233,KM.LABOBAR,AMBON,2,4562.0,4639.0,0.0,4641.0,1069.0
227,KM.KELUD,TANJUNGBALAIKARIMUN,63,4484.0,4484.0,0.0,4485.0,1112.0
223,KM.DOROLONDA,NABIRE,45,4597.0,4597.0,0.0,4599.0,1180.0
225,KM.NGGAPULU,JAILOLO,25,4497.98,4497.98,0.0,4499.98,1123.9799999999996
230,KM.TATAMAILAU,AGATS,1,4493.0,4495.0,0.0,4497.0,1007.0
223,KM.DOROLONDA,MANOKWARI,41,4610.0,4610.0,-4.3653969328261155e-13,4611.98,1179.9999999999995
246,KM.KELIMUTU,SURABAYA,62,4682.0,4682.0,0.0,4685.0,933.0
253,KM.KELUD,TANJUNGBALAIKARIMUN,63,4508.0,4508.0,0.0,4509.0,800.0
231,KM.EGON,SURABAYA,62,4851.0,4851.0,0.0,4856.0,1290.0
234,KM.WILIS,BIMA,14,4695.0,4695.0,0.0,4697.0,1077.0
226,KM.BUKITRAYA,SERASAN,59,4691.0,4692.0,0.0,4694.0,1219.0
235,KM.GUNUNGDEMPO,NABIRE,45,4581.0,4599.0,0.0,4601.0,1033.0
251,KM.AWU,BIMA,14,4728.0,4728.0,0.0,4730.0,926.0
248,KM.TILONGKABILA,BITUNG,15,4676.0,4676.0,0.0,4689.0,966.0
247,KM.LAMBELU,MAKASSAR,40,4640.0,4640.0,0.0,4644.0,904.0
251,KM.AWU,BENOA,12,4751.0,4751.0,0.0,4755.0,926.0
227,KM.KELUD,BATAM,8,4488.0,4490.0,0.0,4494.0,1114.0
224,KM.TILONGKABILA,LUWUK,39,4676.0,4676.0,0.0,4679.0,1333.0
222,KM.DOBONSOLO,MANOKWARI,41,4656.0,4657.0,0.0,4659.0,1341.0
224,KM.TILONGKABILA,GORONTALO,24,4690.0,4690.0,0.0,4692.0,1333.0
247,KM.LAMBELU,PAREPARE,51,4649.0,4793.0,0.0,4798.0,1048.0
252,KM.BUKITRAYA,MIDAI,44,4700.0,4700.0,0.0,4701.0,882.0
243,KFC.JETLINER,WANCI,74,4493.0,4599.0,0.0,4601.0,1040.0
247,KM.LAMBELU,BALIKPAPAN,5,4814.0,4814.0,-4.3653969328261155e-13,4815.98,1047.9999999999995
248,KM.TILONGKABILA,GORONTALO,24,4704.0,4704.0,0.0,4706.0,966.0
246,KM.KELIMUTU,KUMAI,32,4713.0,4713.0,0.0,4715.0,933.0
223,KM.DOROLONDA,SORONG,61,4625.0,4625.0,0.0,4628.0,1180.0
239,KM.TIDAR,MAKASSAR,40,4638.0,4638.0,0.0,4642.0,997.0
238,KM.KELUD,TANJUNGBALAIKARIMUN,63,4395.0,4509.0,0.0,4510.0,969.0
232,KM.BUKITSIGUNTANG,BALIKPAPAN,5,4594.0,4815.98,0.0,4817.98,1365.9799999999996
226,KM.BUKITRAYA,MIDAI,44,4702.0,4702.0,0.0,4703.0,1219.0
235,KM.GUNUNGDEMPO,WASIOR,76,4607.0,4607.0,0.0,4608.0,1033.0
224,KM.TILONGKABILA,BITUNG,15,4707.0,4707.0,0.0,4720.0,1333.0
233,KM.LABOBAR,BAUBAU,10,4664.0,4664.0,0.0,4666.0,1069.0
224,KM.TILONGKABILA,GORONTALO,24,4735.0,4735.0,0.0,4737.0,1333.0
232,KM.BUKITSIGUNTANG,TARAKAN,66,4841.98,4841.98,0.0,4854.98,1365.9799999999996
247,KM.LAMBELU,PANTOLOAN,50,4829.0,4829.0,0.0,4831.0,1048.0
223,KM.DOROLONDA,AMBON,2,4648.0,4648.0,0.0,4651.0,1180.0
248,KM.TILONGKABILA,LUWUK,39,4717.0,4717.0,0.0,4719.0,966.0
225,KM.NGGAPULU,BITUNG,15,4510.98,4720.0,0.0,4735.0,1333.0
232,KM.BUKITSIGUNTANG,NUNUKAN,49,4860.98,4860.98,0.0,4863.98,1365.9799999999996
224,KM.TILONGKABILA,LUWUK,39,4748.0,4748.0,0.0,4750.0,1333.0
224,KM.TILONGKABILA,KENDARI,30,4768.0,4768.0,0.0,4772.0,1333.0
231,KM.EGON,LEMBAR,36,4879.0,4879.0,0.0,4882.0,1290.0
234,KM.WILIS,LABUANBAJO,34,4706.0,4706.0,0.0,4707.0,1077.0
247,KM.LAMBELU,TARAKAN,66,4850.0,4854.98,0.0,4858.98,1052.9799999999996
220,KM.KELIMUTU,SEMARANG,58,4736.0,4736.0,0.0,4744.0,1317.0
232,KM.BUKITSIGUNTANG,BALIKPAPAN,5,4892.98,4892.98,0.0,4896.98,1365.9799999999996
222,KM.DOBONSOLO,SORONG,61,4673.0,4675.0,0.0,4678.0,1343.0
241,KM.LEUSER,NAMROLE,47,4713.0,4713.0,0.0,4715.0,1013.0
235,KM.GUNUNGDEMPO,MANOKWARI,41,4615.0,4659.0,0.0,4661.0,1077.0
228,KM.AWU,ENDE,21,4696.0,4702.0,0.0,4704.0,1259.0
240,KM.LAWIT,SEMARANG,58,4558.0,4744.0,0.0,4749.0,1097.0
225,KM.NGGAPULU,JAILOLO,25,4745.0,4745.0,0.0,4747.0,1333.0
248,KM.TILONGKABILA,KENDARI,30,4737.0,4772.0,0.0,4776.0,1001.0
249,KM.DOROLONDA,WAREN,75,4531.98,4591.0,0.0,4593.0,882.0
249,KM.DOROLONDA,JAYAPURA,26,4612.0,4612.0,0.0,4617.0,882.0
253,KM.KELUD,BATAM,8,4512.0,4518.0,0.0,4522.0,806.0
224,KM.TILONGKABILA,RAHA,53,4779.0,4779.0,0.0,4780.0,1333.0
252,KM.BUKITRAYA,NATUNA,48,4705.0,4705.0,0.0,4707.0,882.0
235,KM.GUNUNGDEMPO,SORONG,61,4673.0,4673.0,0.0,4675.0,1077.0
249,KM.DOROLONDA,WAREN,75,4635.0,4635.0,0.0,4637.0,882.0
225,KM.NGGAPULU,TERNATE,68,4749.0,4749.0,0.0,4751.0,1333.0
249,KM.DOROLONDA,NABIRE,45,4643.0,4643.0,0.0,4645.0,882.0
226,KM.BUKITRAYA,NATUNA,48,4707.0,4707.0,0.0,4709.0,1219.0
246,KM.KELIMUTU,SEMARANG,58,4739.0,4749.0,0.0,4754.0,943.0
233,KM.LABOBAR,MAKASSAR,40,4680.0,4680.0,0.0,4682.0,1069.0
245,KM.CIREMAI,SORONG,61,4598.02,4675.0,0.020000000000000018,4678.0,910.02
241,KM.LEUSER,WANCI,74,4735.0,4735.0,0.0,4736.0,1013.0
236,KM.PANGRANGO,AMBON,2,4562.0,4651.0,0.0,4671.0,1030.0
249,KM.DOROLONDA,MANOKWARI,41,4655.0,4661.0,0.0,4663.0,888.0
250,KM.NGGAPULU,BAUBAU,10,4671.0,4671.0,0.0,4673.0,866.0
248,KM.TILONGKABILA,RAHA,53,4783.0,4783.0,0.0,4784.0,1001.0
223,KM.DOROLONDA,NAMLEA,46,4656.0,4656.0,0.0,4658.0,1180.0
223,KM.DOROLONDA,BAUBAU,10,4681.0,4681.0,0.0,4683.0,1180.0
252,KM.BUKITRAYA,TAREMPA,67,4718.0,4718.0,0.0,4719.0,882.0
239,KM.TIDAR,SURABAYA,62,4673.0,4685.0,0.0,4687.0,1009.0
239,KM.TIDAR,TANJUNGPRIOK,65,4716.0,4716.0,0.0,4718.0,1009.0
249,KM.DOROLONDA,SORONG,61,4675.0,4678.0,0.0,4680.0,891.0
226,KM.BUKITRAYA,TAREMPA,67,4720.0,4720.0,0.0,4721.0,1219.0
245,KM.CIREMAI,AMBON,2,4702.02,4706.0,0.0,4709.0,914.0
249,KM.DOROLONDA,AMBON,2,4700.0,4704.0,0.0,4707.0,895.0
242,KM.DOBONSOLO,MANOKWARI,41,4597.0,4667.0,0.0,4669.0,998.0
250,KM.NGGAPULU,MAKASSAR,40,4688.0,4688.0,0.0,4691.0,866.0
252,KM.BUKITRAYA,LETUNG,37,4723.0,4723.0,0.0,4724.0,882.0
249,KM.DOROLONDA,NAMLEA,46,4712.0,4712.0,0.0,4714.0,895.0
232,KM.BUKITSIGUNTANG,PAREPARE,51,4912.98,4912.98,0.0,4914.98,1365.9799999999996
248,KM.TILONGKABILA,BAUBAU,10,4789.0,4789.0,0.0,4791.0,1001.0
226,KM.BUKITRAYA,LETUNG,37,4725.0,4725.0,0.0,4726.0,1219.0
225,KM.NGGAPULU,AMBON,2,4772.0,4772.0,0.0,4775.0,1333.0
232,KM.BUKITSIGUNTANG,MAKASSAR,40,4919.98,4919.98,0.0,4923.98,1365.9799999999996
232,KM.BUKITSIGUNTANG,SURABAYA,62,4953.98,4953.98,0.0,4956.98,1365.9799999999996
247,KM.LAMBELU,NUNUKAN,49,4864.98,4864.98,0.0,4867.98,1052.9799999999996
241,KM.LEUSER,BAUBAU,10,4745.0,4745.0,0.0,4747.0,1013.0
241,KM.LEUSER,MAKASSAR,40,4768.0,4768.0,0.0,4772.0,1013.0
236,KM.PANGRANGO,BANDA,6,4685.0,4685.0,0.0,4687.0,1030.0
246,KM.KELIMUTU,PONTIANAK,52,4799.0,4814.0,0.0,4816.0,958.0
242,KM.DOBONSOLO,SORONG,61,4684.0,4686.0,0.0,4689.0,1000.0
228,KM.AWU,WAINGAPU,73,4713.0,4714.0,0.0,4717.0,1260.0
226,KM.BUKITRAYA,KIJANG,31,4740.0,4740.0,0.0,4743.0,1219.0
235,KM.GUNUNGDEMPO,MAKASSAR,40,4724.0,4772.0,0.0,4774.0,1125.0
224,KM.TILONGKABILA,BAUBAU,10,4785.0,4785.0,0.0,4787.0,1333.0
246,KM.KELIMUTU,TANJUNGPANDAN,64,4837.0,4837.0,0.0,4838.0,958.0
245,KM.CIREMAI,BAUBAU,10,4734.0,4787.0,0.0,4790.0,967.0
230,KM.TATAMAILAU,TIMIKA,70,4507.0,4507.0,1.0,4518.0,1008.0
222,KM.DOBONSOLO,BAUBAU,10,4715.0,4790.0,0.0,4792.0,1418.0
224,KM.TILONGKABILA,MAKASSAR,40,4809.0,4809.0,0.0,4814.0,1333.0
231,KM.EGON,BIMA,14,4899.0,4899.0,0.0,4901.0,1290.0
228,KM.AWU,BIMA,14,4731.0,4901.0,0.0,4903.0,1430.0
228,KM.AWU,BENOA,12,4924.0,4924.0,0.0,4929.0,1430.0
250,KM.NGGAPULU,SURABAYA,62,4721.0,4856.0,0.0,4859.0,1001.0
236,KM.PANGRANGO,SAUMLAKI,57,4714.0,4714.0,0.0,4718.0,1030.0
224,KM.TILONGKABILA,LABUANBAJO,34,4832.0,4832.0,0.0,4834.0,1333.0
243,KFC.JETLINER,KENDARI,30,4614.0,4776.0,0.0,4795.0,1202.0
241,KM.LEUSER,LABUANBAJO,34,4791.0,4834.0,0.0,4835.0,1056.0
236,KM.PANGRANGO,BANDA,6,4746.0,4746.0,0.0,4748.0,1030.0
243,KFC.JETLINER,WANCI,74,4808.0,4808.0,0.0,4810.0,1202.0
241,KM.LEUSER,BIMA,14,4843.0,4903.0,0.0,4904.0,1116.0
240,KM.LAWIT,SAMPIT,55,4782.0,4878.0,1.0,4899.0,1194.0
220,KM.KELIMUTU,PONTIANAK,52,4789.0,4816.0,0.0,4818.0,1344.0
224,KM.TILONGKABILA,BIMA,14,4841.0,4904.0,0.0,4906.0,1396.0
241,KM.LEUSER,BENOA,12,4927.0,4929.0,0.0,4931.0,1118.0
238,KM.KELUD,BATAM,8,4513.0,4522.0,0.0,4526.0,978.0
248,KM.TILONGKABILA,MAKASSAR,40,4813.0,4814.0,0.0,4819.0,1002.0
230,KM.TATAMAILAU,DOBO,20,4533.0,4533.0,0.0,4535.0,1008.0
225,KM.NGGAPULU,NAMLEA,46,4780.0,4780.0,0.0,4782.0,1333.0
245,KM.CIREMAI,MAKASSAR,40,4806.0,4822.0,0.0,4825.0,983.0
230,KM.TATAMAILAU,TUAL,71,4544.0,4544.0,0.0,4547.0,1008.0
247,KM.LAMBELU,BALIKPAPAN,5,4894.98,4896.98,0.0,4898.98,1054.9799999999996
248,KM.TILONGKABILA,LABUANBAJO,34,4837.0,4837.0,0.0,4839.0,1002.0
252,KM.BUKITRAYA,KIJANG,31,4738.0,4743.0,0.0,4746.0,887.0
224,KM.TILONGKABILA,LEMBAR,36,4924.0,4924.0,0.0,4926.0,1396.0
248,KM.TILONGKABILA,BIMA,14,4846.0,4906.0,0.0,4908.0,1062.0
249,KM.DOROLONDA,BAUBAU,10,4737.0,4791.0,0.0,4793.0,949.0
225,KM.NGGAPULU,BAUBAU,10,4807.0,4807.0,0.0,4809.0,1333.0
220,KM.KELIMUTU,TANJUNGPANDAN,64,4839.0,4839.0,0.0,4840.0,1344.0
242,KM.DOBONSOLO,BAUBAU,10,4730.0,4793.0,0.0,4795.0,1063.0
222,KM.DOBONSOLO,MAKASSAR,40,4807.0,4825.0,0.0,4828.0,1436.0
242,KM.DOBONSOLO,MAKASSAR,40,4810.0,4828.0,0.0,4831.0,1081.0
235,KM.GUNUNGDEMPO,SURABAYA,62,4800.0,4859.0,0.0,4861.0,1184.0
240,KM.LAWIT,SURABAYA,62,4927.0,4927.0,0.0,4929.0,1194.0
233,KM.LABOBAR,SURABAYA,62,4707.0,4929.0,0.0,4932.0,1291.0
245,KM.CIREMAI,SURABAYA,62,4853.0,4932.0,0.0,4934.0,1062.0
247,KM.LAMBELU,PAREPARE,51,4914.98,4914.98,0.0,4916.98,1054.9799999999996
249,KM.DOROLONDA,MAKASSAR,40,4807.0,4831.0,0.0,4834.0,973.0
248,KM.TILONGKABILA,LEMBAR,36,4926.0,4926.0,0.0,4928.0,1062.0
251,KM.AWU,SURABAYA,62,4783.0,4934.0,0.0,4938.0,1077.0
252,KM.BUKITRAYA,BLINYU,16,4762.0,4762.0,0.0,4763.0,887.0
222,KM.DOBONSOLO,SURABAYA,62,4856.0,4938.0,0.0,4940.0,1518.0
225,KM.NGGAPULU,MAKASSAR,40,4824.0,4834.0,0.0,4837.0,1343.0
234,KM.WILIS,MAKASSAR,40,4731.0,4837.0,0.0,4840.0,1183.0
242,KM.DOBONSOLO,SURABAYA,62,4859.0,4940.0,0.0,4942.0,1162.0
225,KM.NGGAPULU,SURABAYA,62,4867.0,4942.0,0.0,4945.0,1418.0
223,KM.DOROLONDA,MAKASSAR,40,4697.0,4840.0,0.0,4843.0,1323.0
230,KM.TATAMAILAU,AMBON,2,4573.0,4709.0,0.0,4711.0,1144.0
228,KM.AWU,SURABAYA,62,4957.0,4957.0,0.0,4961.0,1430.0
230,KM.TATAMAILAU,TERNATE,68,4737.0,4751.0,0.0,4752.0,1158.0
226,KM.BUKITRAYA,BLINYU,16,4759.0,4763.0,0.0,4764.0,1223.0
241,KM.LEUSER,SURABAYA,62,4959.0,4959.0,0.0,4961.0,1118.0
268,KM.LAMBELU,MAKASSAR,40,3867.0,4843.0,0.0,4851.0,976.0
284,KM.PANGRANGO,AMBON,2,4071.0,4711.0,0.0,4737.0,640.0
284,KM.PANGRANGO,BANDA,6,4751.0,4751.0,0.0,4784.0,640.0
260,KM.GUNUNGDEMPO,TANJUNGPRIOK,65,3701.0,4379.0,0.0,4391.0,678.0
257,KM.EGON,WAINGAPU,73,3624.0,4717.0,4.0,4727.0,1097.0
260,KM.GUNUNGDEMPO,SURABAYA,62,4415.0,4961.0,0.0,4965.0,1224.0
279,KM.EGON,WAINGAPU,73,3990.0,4727.0,0.0,4732.0,737.0
285,KM.KELUD,TANJUNGPRIOK,65,4084.0,4391.0,0.0,4408.0,307.0
266,KM.DOBONSOLO,TANJUNGPRIOK,65,3805.0,4408.0,0.0,4435.0,603.0
254,KM.TATAMAILAU,BITUNG,15,3606.0,4735.0,0.0,4746.0,1129.0
277,KFC.JETLINER,KENDARI,30,3957.0,4795.0,0.0,4805.0,838.0
264,KM.LAWIT,KUMAI,32,3763.0,4715.0,13.0,4732.0,965.0
278,KM.TATAMAILAU,BITUNG,15,3980.0,4746.0,0.0,4755.0,766.0
276,KM.KELUD,TANJUNGPRIOK,65,3916.0,4435.0,0.0,4451.0,519.0
259,KM.WILIS,BATULICIN,9,3687.0,4826.0,0.0,4853.0,1139.0
254,KM.TATAMAILAU,TIDORE,69,4759.0,4759.0,0.0,4760.0,1129.0
279,KM.EGON,BIMA,14,4746.0,4908.0,0.0,4910.0,899.0
281,KM.WILIS,BATULICIN,9,4023.0,4853.0,0.0,4882.0,830.0
282,KM.GUNUNGDEMPO,TANJUNGPRIOK,65,4040.0,4451.0,0.0,4461.0,411.0
263,KM.KELUD,TANJUNGPRIOK,65,3748.0,4461.0,0.0,4478.0,713.0
280,KM.LABOBAR,TANJUNGPRIOK,65,4003.0,4478.0,0.0,4496.0,475.0
261,KM.PANGRANGO,AMBON,2,3732.0,4737.0,0.0,4766.0,1005.0
270,KM.NGGAPULU,TANJUNGPRIOK,65,3883.0,4496.0,0.0,4511.0,613.0
268,KM.LAMBELU,PAREPARE,51,4856.0,4916.98,0.0,4919.98,1036.9799999999996
268,KM.LAMBELU,BALIKPAPAN,5,4935.98,4935.98,0.0,4937.98,1036.9799999999996
283,KM.TIDAR,KIJANG,31,4063.0,4746.0,0.0,4756.0,683.0
268,KM.LAMBELU,TARAKAN,66,4963.98,4963.98,0.0,4966.98,1036.9799999999996
259,KM.WILIS,MAKASSAR,40,4883.0,4883.0,0.0,4891.0,1139.0
265,KFC.JETLINER,KENDARI,30,3789.0,4805.0,0.0,4815.0,1016.0
258,KM.LABOBAR,TANJUNGPRIOK,65,3667.0,4511.0,0.0,4529.0,844.0
284,KM.PANGRANGO,AMBON,2,4798.0,4798.0,0.0,4812.0,640.0
272,KM.AWU,KUMAI,32,3891.0,4734.0,8.0,4777.0,851.0
284,KM.PANGRANGO,NAMROLE,47,4823.0,4823.0,0.0,4825.0,640.0
269,KM.TILONGKABILA,BENOA,12,3872.0,4931.0,0.0,4956.0,1059.0
256,KFC.JETLINER,KENDARI,30,3621.0,4815.0,0.0,4825.0,1194.0
278,KM.TATAMAILAU,TERNATE,68,4769.0,4769.0,0.0,4770.0,766.0
282,KM.GUNUNGDEMPO,SURABAYA,62,4485.0,4961.0,0.0,4965.0,887.0
279,KM.EGON,LEMBAR,36,4928.0,4928.0,0.0,4932.0,899.0
282,KM.GUNUNGDEMPO,MAKASSAR,40,4992.0,4992.0,0.0,4996.0,887.0
264,KM.LAWIT,SURABAYA,62,4760.0,4965.0,0.0,4970.0,1170.0
261,KM.PANGRANGO,BANDA,6,4780.0,4784.0,0.0,4817.0,1009.0
265,KFC.JETLINER,WANCI,74,4828.0,4828.0,0.0,4830.0,1016.0
275,KM.BUKITRAYA,TANJUNGPRIOK,65,3904.0,4529.0,-4.369837824924616e-13,4536.98,624.9999999999995
281,KM.WILIS,MAKASSAR,40,4912.0,4923.98,0.0,4929.98,841.9799999999996
259,KM.WILIS,LABUANBAJO,34,4915.0,4915.0,0.0,4916.0,1139.0
274,KM.CIREMAI,TANJUNGPRIOK,65,3899.0,4536.98,0.0,4550.98,637.9799999999996
257,KM.EGON,BIMA,14,4740.0,4910.0,0.0,4914.0,1267.0
274,KM.CIREMAI,SURABAYA,62,4576.98,4965.0,0.0,4969.0,1026.0
258,KM.LABOBAR,SURABAYA,62,4555.0,4969.0,0.0,4973.0,1258.0
282,KM.GUNUNGDEMPO,SORONG,61,5044.0,5044.0,0.0,5048.0,887.0
270,KM.NGGAPULU,SURABAYA,62,4538.0,4970.0,0.0,4974.0,1045.0
264,KM.LAWIT,BENOA,12,4999.0,4999.0,0.0,5003.0,1170.0
277,KFC.JETLINER,WANCI,74,4818.0,4830.0,0.0,4832.0,850.0
272,KM.AWU,SURABAYA,62,4805.0,4973.0,0.0,4980.0,1019.0
263,KM.KELUD,BATAM,8,4510.0,4526.0,0.0,4531.0,729.0
260,KM.GUNUNGDEMPO,MAKASSAR,40,4992.0,4992.0,0.0,4995.0,1224.0
256,KFC.JETLINER,WANCI,74,4838.0,4838.0,0.0,4840.0,1194.0
272,KM.AWU,BENOA,12,5007.0,5007.0,0.0,5013.0,1019.0
259,KM.WILIS,BIMA,14,4925.0,4925.0,0.0,4926.0,1139.0
254,KM.TATAMAILAU,SORONG,61,4785.0,4785.0,0.0,4788.0,1129.0
256,KFC.JETLINER,KENDARI,30,4853.0,4853.0,0.0,4859.0,1194.0
270,KM.NGGAPULU,MAKASSAR,40,5003.0,5003.0,0.0,5007.0,1045.0
278,KM.TATAMAILAU,AMBON,2,4795.0,4795.0,0.0,4797.0,766.0
273,KM.KELIMUTU,TANJUNGPRIOK,65,3898.0,4550.98,0.0,4567.98,652.9799999999996
280,KM.LABOBAR,SURABAYA,62,4522.0,4974.0,0.0,4978.0,927.0
277,KFC.JETLINER,KENDARI,30,4845.0,4859.0,0.0,4865.0,864.0
271,KM.DOROLONDA,SURABAYA,62,3888.0,4978.0,0.0,4991.0,1090.0
284,KM.PANGRANGO,AMBON,2,4836.0,4836.0,-4.3653969328261155e-13,4839.98,640.0
269,KM.TILONGKABILA,LEMBAR,36,4962.0,4962.0,0.0,4964.0,1059.0
262,KM.TIDAR,KIJANG,31,3743.0,4756.0,0.0,4759.0,1013.0
276,KM.KELUD,BATAM,8,4483.0,4531.0,5.0,4542.0,572.0
274,KM.CIREMAI,MAKASSAR,40,4999.0,4999.0,0.0,5002.0,1026.0
269,KM.TILONGKABILA,BIMA,14,4982.0,4982.0,0.0,4986.0,1059.0
280,KM.LABOBAR,MAKASSAR,40,5007.0,5007.0,0.0,5010.0,927.0
274,KM.CIREMAI,BAUBAU,10,5018.0,5018.0,0.0,5020.0,1026.0
272,KM.AWU,BIMA,14,5034.0,5034.0,0.0,5036.0,1019.0
274,KM.CIREMAI,AMBON,2,5046.0,5046.0,0.0,5049.0,1026.0
282,KM.GUNUNGDEMPO,MANOKWARI,41,5061.0,5061.0,-4.3653969328261155e-13,5062.98,887.0
279,KM.EGON,SURABAYA,62,4955.0,4980.0,0.0,4985.0,924.0
271,KM.DOROLONDA,BALIKPAPAN,5,5022.0,5022.0,0.0,5024.0,1090.0
274,KM.CIREMAI,SORONG,61,5071.0,5071.0,0.0,5073.0,1026.0
258,KM.LABOBAR,MAKASSAR,40,5002.0,5007.0,0.0,5010.0,1263.0
280,KM.LABOBAR,BAUBAU,10,5026.0,5026.0,0.0,5028.0,927.0
259,KM.WILIS,WAIKELO,72,4937.0,4937.0,0.0,4938.0,1139.0
268,KM.LAMBELU,NUNUKAN,49,4972.98,4972.98,0.0,4975.98,1036.9799999999996
254,KM.TATAMAILAU,FAKFAK,22,4803.0,4803.0,0.0,4805.0,1129.0
279,KM.EGON,BATULICIN,9,5014.0,5021.0,0.0,5026.0,931.0
269,KM.TILONGKABILA,LABUANBAJO,34,4993.0,4993.0,-4.3653969328261155e-13,4994.98,1058.9999999999995
281,KM.WILIS,LABUANBAJO,34,4953.98,4994.98,0.0,4995.98,882.9799999999996
254,KM.TATAMAILAU,KAIMANA,27,4817.0,4817.0,0.0,4819.0,1129.0
282,KM.GUNUNGDEMPO,WASIOR,76,5070.0,5070.0,0.0,5071.0,887.0
263,KM.KELUD,TANJUNGBALAIKARIMUN,63,4534.0,4534.0,0.0,4535.0,729.0
273,KM.KELIMUTU,TANJUNGPANDAN,64,4585.98,4840.0,0.0,4842.0,907.0
283,KM.TIDAR,TANJUNGPRIOK,65,4790.0,4790.0,0.0,4799.0,683.0
282,KM.GUNUNGDEMPO,NABIRE,45,5078.0,5078.0,0.0,5080.0,887.0
281,KM.WILIS,BIMA,14,5004.98,5036.0,0.0,5037.0,914.0
283,KM.TIDAR,SURABAYA,62,4828.0,4985.0,0.0,4988.0,840.0
261,KM.PANGRANGO,AMBON,2,4831.0,4839.98,0.0,4853.98,1017.9799999999996
257,KM.EGON,LEMBAR,36,4931.0,4967.0,0.0,4971.0,1303.0
254,KM.TATAMAILAU,TUAL,71,4831.0,4831.0,0.0,4834.0,1129.0
259,KM.WILIS,WAINGAPU,73,4947.0,4947.0,0.0,4951.0,1139.0
279,KM.EGON,PAREPARE,51,5050.0,5050.0,0.0,5053.0,931.0
270,KM.NGGAPULU,BAUBAU,10,5021.0,5021.0,0.0,5023.0,1045.0
257,KM.EGON,SURABAYA,62,4994.0,4994.0,-4.369837824924616e-13,4998.98,1302.9999999999995
262,KM.TIDAR,TANJUNGPRIOK,65,4793.0,4793.0,0.0,4799.0,1013.0
261,KM.PANGRANGO,NAMROLE,47,4864.98,4864.98,0.0,4866.98,1017.9799999999996
268,KM.LAMBELU,PANTOLOAN,50,4996.98,4996.98,0.0,4998.98,1036.9799999999996
260,KM.GUNUNGDEMPO,SORONG,61,5043.0,5048.0,0.0,5051.0,1229.0
262,KM.TIDAR,SURABAYA,62,4828.0,4991.0,0.0,4994.0,1176.0
281,KM.WILIS,WAIKELO,72,5048.0,5048.0,0.0,5049.0,914.0
274,KM.CIREMAI,SERUI,60,5097.0,5097.0,0.0,5099.0,1026.0
273,KM.KELIMUTU,PONTIANAK,52,4864.0,4864.0,0.0,4866.0,907.0
260,KM.GUNUNGDEMPO,MANOKWARI,41,5064.0,5064.0,0.0,5066.0,1229.0
257,KM.EGON,BATULICIN,9,5027.0,5027.0,2.0,5034.0,1305.0
283,KM.TIDAR,MAKASSAR,40,5019.0,5019.0,0.0,5022.0,840.0
269,KM.TILONGKABILA,MAKASSAR,40,5013.0,5013.0,0.0,5018.0,1059.0
274,KM.CIREMAI,JAYAPURA,26,5119.0,5126.0,0.0,5131.0,1033.0
261,KM.PANGRANGO,AMBON,2,4877.98,4877.98,-4.3653969328261155e-13,4881.959999999999,1017.9799999999991
277,KFC.JETLINER,WANCI,74,4878.0,4878.0,0.0,4880.0,864.0
268,KM.LAMBELU,BALIKPAPAN,5,5011.98,5024.0,0.0,5026.0,1049.0
282,KM.GUNUNGDEMPO,JAYAPURA,26,5102.0,5131.0,0.0,5137.0,916.0
254,KM.TATAMAILAU,TIMIKA,70,4856.0,4856.0,0.0,4860.0,1129.0
279,KM.EGON,BONTANG,17,5080.0,5083.0,7.0,5096.0,941.0
259,KM.WILIS,ENDE,21,4962.0,4962.0,0.0,4964.0,1139.0
256,KFC.JETLINER,WANCI,74,4872.0,4880.0,0.0,4882.0,1202.0
262,KM.TIDAR,MAKASSAR,40,5025.0,5025.0,0.0,5028.0,1176.0
272,KM.AWU,WAINGAPU,73,5050.0,5050.0,0.0,5053.0,1019.0
258,KM.LABOBAR,BAUBAU,10,5026.0,5026.0,0.0,5028.0,1263.0
279,KM.EGON,PAREPARE,51,5121.0,5121.0,0.0,5124.0,941.0
264,KM.LAWIT,BIMA,14,5025.0,5037.0,0.0,5039.0,1182.0
266,KM.DOBONSOLO,SURABAYA,62,4461.0,4994.0,0.0,4997.0,1136.0
269,KM.TILONGKABILA,BAUBAU,10,5039.0,5039.0,0.0,5041.0,1059.0
272,KM.AWU,ENDE,21,5062.0,5062.0,0.0,5064.0,1019.0
254,KM.TATAMAILAU,AGATS,1,4874.0,4880.0,5.0,4888.0,1140.0
259,KM.WILIS,KUPANG,33,4980.0,4980.0,0.0,4988.0,1139.0
264,KM.LAWIT,WAINGAPU,73,5054.0,5054.0,0.0,5057.0,1182.0
284,KM.PANGRANGO,BANDA,6,4854.0,4854.0,0.0,4856.0,640.0
271,KM.DOROLONDA,PANTOLOAN,50,5036.0,5036.0,0.0,5038.0,1090.0
254,KM.TATAMAILAU,MERAUKE,43,4931.0,4935.0,1.0,4958.0,1145.0
275,KM.BUKITRAYA,BLINYU,16,4565.0,4764.0,0.0,4765.0,824.0
258,KM.LABOBAR,AMBON,2,5053.0,5053.0,0.0,5056.0,1263.0
270,KM.NGGAPULU,NAMLEA,46,5046.0,5046.0,0.0,5048.0,1045.0
281,KM.WILIS,WAINGAPU,73,5058.0,5058.0,0.0,5062.0,914.0
254,KM.TATAMAILAU,AGATS,1,4993.0,4995.0,4.0,5001.0,1151.0
257,KM.EGON,PAREPARE,51,5056.0,5124.0,0.0,5127.0,1373.0
265,KFC.JETLINER,KENDARI,30,4843.0,4865.0,0.0,4871.0,1038.0
269,KM.TILONGKABILA,RAHA,53,5045.0,5045.0,0.0,5047.0,1059.0
284,KM.PANGRANGO,SAUMLAKI,57,4885.0,4885.0,0.0,4889.0,640.0
263,KM.KELUD,BELAWAN,11,4558.0,4558.0,0.0,4582.0,729.0
263,KM.KELUD,TANJUNGBALAIKARIMUN,63,4605.0,4605.0,0.0,4606.0,729.0
259,KM.WILIS,KALABAHI,28,5005.0,5005.0,0.0,5017.0,1139.0
260,KM.GUNUNGDEMPO,WASIOR,76,5073.0,5073.0,0.0,5074.0,1229.0
268,KM.LAMBELU,PAREPARE,51,5042.0,5127.0,0.0,5130.0,1134.0
272,KM.AWU,KUPANG,33,5077.0,5077.0,0.0,5082.0,1019.0
259,KM.WILIS,KUPANG,33,5033.0,5033.0,0.0,5041.0,1139.0
279,KM.EGON,BONTANG,17,5149.0,5158.0,1.0,5161.0,951.0
266,KM.DOBONSOLO,MAKASSAR,40,5027.0,5027.0,4.0,5034.0,1140.0
258,KM.LABOBAR,BANDA,6,5064.0,5064.0,0.0,5066.0,1263.0
276,KM.KELUD,TANJUNGBALAIKARIMUN,63,4545.0,4606.0,0.0,4607.0,633.0
271,KM.DOROLONDA,BITUNG,15,5067.0,5067.0,0.0,5070.0,1090.0
272,KM.AWU,KALABAHI,28,5095.0,5095.0,-4.3653969328261155e-13,5098.98,1018.9999999999995
264,KM.LAWIT,ENDE,21,5067.0,5067.0,0.0,5069.0,1182.0
280,KM.LABOBAR,AMBON,2,5053.0,5053.0,0.0,5056.0,927.0
278,KM.TATAMAILAU,TUAL,71,4823.0,4834.0,0.0,4838.0,777.0
269,KM.TILONGKABILA,KENDARI,30,5053.0,5053.0,0.0,5057.0,1059.0
281,KM.WILIS,ENDE,21,5073.0,5073.0,0.0,5075.0,914.0
269,KM.TILONGKABILA,LUWUK,39,5074.0,5074.0,0.0,5077.0,1059.0
262,KM.TIDAR,BAUBAU,10,5044.0,5044.0,0.0,5046.0,1176.0
271,KM.DOROLONDA,TERNATE,68,5080.0,5080.0,0.0,5082.0,1090.0
281,KM.WILIS,KUPANG,33,5091.0,5091.0,0.0,5099.0,914.0
271,KM.DOROLONDA,SORONG,61,5101.0,5101.0,0.0,5104.0,1090.0
256,KFC.JETLINER,KENDARI,30,4895.0,5057.0,0.0,5059.0,1364.0
258,KM.LABOBAR,TUAL,71,5079.0,5079.0,0.0,5082.0,1263.0
270,KM.NGGAPULU,AMBON,2,5054.0,5056.0,0.0,5060.0,1047.0
260,KM.GUNUNGDEMPO,NABIRE,45,5081.0,5081.0,0.0,5083.0,1229.0
275,KM.BUKITRAYA,KIJANG,31,4780.0,4780.0,0.0,4782.0,824.0
281,KM.WILIS,KALABAHI,28,5116.0,5116.0,0.0,5128.0,914.0
283,KM.TIDAR,BAUBAU,10,5038.0,5041.0,-4.3653969328261155e-13,5042.98,843.0
283,KM.TIDAR,MAUMERE,42,5057.0,5057.0,0.0,5059.0,843.0
264,KM.LAWIT,KALABAHI,28,5088.0,5128.0,0.0,5130.0,1222.0
264,KM.LAWIT,KUPANG,33,5143.0,5143.0,0.0,5147.0,1222.0
277,KFC.JETLINER,KENDARI,30,4893.0,5059.0,0.0,5061.0,1030.0
261,KM.PANGRANGO,BANDA,6,4895.98,5066.0,0.0,5068.0,1188.0
254,KM.TATAMAILAU,TIMIKA,70,5011.0,5011.0,0.0,5022.0,1151.0
283,KM.TIDAR,LARANTUKA,35,5066.0,5066.0,0.0,5068.0,843.0
266,KM.DOBONSOLO,BAUBAU,10,5050.0,5050.0,-4.3653969328261155e-13,5051.98,1139.9999999999995
257,KM.EGON,BONTANG,17,5152.0,5161.0,18.0,5183.0,1400.0
257,KM.EGON,PAREPARE,51,5209.0,5209.0,0.0,5213.0,1400.0
266,KM.DOBONSOLO,SORONG,61,5093.0,5097.0,0.0,5100.0,1144.0
272,KM.AWU,KUPANG,33,5112.0,5112.0,0.0,5117.0,1019.0
271,KM.DOROLONDA,MANOKWARI,41,5117.0,5117.0,0.0,5119.0,1090.0
278,KM.TATAMAILAU,DOBO,20,4847.0,4847.0,0.0,4849.0,777.0
270,KM.NGGAPULU,TERNATE,68,5080.0,5082.0,0.0,5084.0,1049.0
268,KM.LAMBELU,MAKASSAR,40,5135.0,5135.0,0.0,5138.0,1134.0
269,KM.TILONGKABILA,GORONTALO,24,5088.0,5088.0,0.0,5090.0,1059.0
265,KFC.JETLINER,WANCI,74,4884.0,4884.0,0.0,4886.0,1038.0
257,KM.EGON,BONTANG,17,5238.0,5238.0,17.0,5259.0,1417.0
269,KM.TILONGKABILA,BITUNG,15,5105.0,5105.0,0.0,5118.0,1059.0
285,KM.KELUD,BATAM,8,4440.0,4543.0,0.0,4548.0,410.0
268,KM.LAMBELU,BAUBAU,10,5153.0,5153.0,0.0,5155.0,1134.0
275,KM.BUKITRAYA,LETUNG,37,4795.0,4795.0,0.0,4797.0,824.0
258,KM.LABOBAR,DOBO,20,5089.0,5089.0,0.0,5092.0,1263.0
273,KM.KELIMUTU,SEMARANG,58,4906.0,4906.0,0.0,4920.0,907.0
284,KM.PANGRANGO,BANDA,6,4918.0,5068.0,0.0,5070.0,790.0
283,KM.TIDAR,LEWOLEBA,38,5071.0,5071.0,0.0,5073.0,843.0
262,KM.TIDAR,MAUMERE,42,5060.0,5060.0,0.0,5062.0,1176.0
281,KM.WILIS,KUPANG,33,5144.0,5144.0,0.0,5152.0,914.0
272,KM.AWU,ENDE,21,5130.0,5130.0,0.0,5132.0,1019.0
261,KM.PANGRANGO,SAUMLAKI,57,5097.0,5097.0,0.0,5101.0,1188.0
254,KM.TATAMAILAU,TUAL,71,5044.0,5082.0,0.0,5084.0,1189.0
269,KM.TILONGKABILA,GORONTALO,24,5133.0,5133.0,0.0,5135.0,1059.0
260,KM.GUNUNGDEMPO,JAYAPURA,26,5106.0,5137.0,0.0,5143.0,1260.0
265,KFC.JETLINER,KENDARI,30,4899.0,5061.0,0.0,5063.0,1200.0
271,KM.DOROLONDA,NABIRE,45,5129.0,5129.0,0.0,5131.0,1090.0
259,KM.WILIS,ENDE,21,5057.0,5132.0,0.0,5134.0,1214.0
280,KM.LABOBAR,BANDA,6,5064.0,5070.0,0.0,5072.0,933.0
281,KM.WILIS,ENDE,21,5168.0,5168.0,0.0,5170.0,914.0
269,KM.TILONGKABILA,LUWUK,39,5146.0,5146.0,0.0,5148.0,1059.0
280,KM.LABOBAR,TUAL,71,5085.0,5085.0,0.0,5088.0,933.0
274,KM.CIREMAI,SERUI,60,5150.0,5150.0,0.0,5152.0,1033.0
284,KM.PANGRANGO,AMBON,2,5084.0,5084.0,0.0,5103.0,790.0
259,KM.WILIS,WAINGAPU,73,5145.0,5145.0,0.0,5147.0,1214.0
270,KM.NGGAPULU,JAILOLO,25,5086.0,5086.0,0.0,5088.0,1049.0
257,KM.EGON,PAREPARE,51,5285.0,5285.0,0.0,5288.0,1417.0
260,KM.GUNUNGDEMPO,NABIRE,45,5165.0,5165.0,0.0,5167.0,1260.0
261,KM.PANGRANGO,BANDA,6,5130.0,5130.0,0.0,5132.0,1188.0
254,KM.TATAMAILAU,KAIMANA,27,5096.0,5096.0,0.0,5098.0,1189.0
281,KM.WILIS,WAINGAPU,73,5181.0,5181.0,0.0,5183.0,914.0
273,KM.KELIMUTU,KUMAI,32,4944.0,4948.0,0.0,4952.0,911.0
271,KM.DOROLONDA,SERUI,60,5137.0,5152.0,0.0,5154.0,1105.0
277,KFC.JETLINER,RAHA,53,5069.0,5069.0,0.0,5070.0,1030.0
257,KM.EGON,BATULICIN,9,5310.0,5310.0,0.0,5313.0,1417.0
275,KM.BUKITRAYA,TAREMPA,67,4801.0,4801.0,0.0,4803.0,824.0
254,KM.TATAMAILAU,FAKFAK,22,5110.0,5110.0,0.0,5112.0,1189.0
265,KFC.JETLINER,RAHA,53,5071.0,5071.0,0.0,5072.0,1200.0
264,KM.LAWIT,ROTE,54,5152.0,5152.0,0.0,5154.0,1222.0
264,KM.LAWIT,KUPANG,33,5159.0,5159.0,0.0,5163.0,1222.0
270,KM.NGGAPULU,BITUNG,15,5097.0,5118.0,0.0,5129.0,1070.0
271,KM.DOROLONDA,JAYAPURA,26,5173.0,5173.0,0.0,5179.0,1105.0
275,KM.BUKITRAYA,NATUNA,48,4814.0,4814.0,0.0,4816.0,824.0
266,KM.DOBONSOLO,MANOKWARI,41,5115.0,5119.0,0.0,5121.0,1148.0
262,KM.TIDAR,LARANTUKA,35,5068.0,5068.0,0.0,5069.0,1176.0
264,KM.LAWIT,KALABAHI,28,5176.0,5176.0,0.0,5178.0,1222.0
258,KM.LABOBAR,KAIMANA,27,5101.0,5101.0,-4.3653969328261155e-13,5102.98,1262.9999999999995
285,KM.KELUD,TANJUNGBALAIKARIMUN,63,4551.0,4607.0,0.0,4608.0,466.0
268,KM.LAMBELU,MAUMERE,42,5168.0,5168.0,0.0,5170.0,1134.0
272,KM.AWU,WAINGAPU,73,5141.0,5183.0,0.0,5186.0,1061.0
268,KM.LAMBELU,LARANTUKA,35,5175.0,5175.0,0.0,5177.0,1134.0
280,KM.LABOBAR,DOBO,20,5095.0,5095.0,0.0,5098.0,933.0
260,KM.GUNUNGDEMPO,WASIOR,76,5173.0,5173.0,0.0,5174.0,1260.0
260,KM.GUNUNGDEMPO,MANOKWARI,41,5181.0,5181.0,0.0,5183.0,1260.0
260,KM.GUNUNGDEMPO,SORONG,61,5195.0,5195.0,0.0,5197.0,1260.0
257,KM.EGON,SURABAYA,62,5338.0,5338.0,0.0,5343.0,1417.0
265,KFC.JETLINER,KENDARI,30,5080.0,5080.0,0.0,5082.0,1200.0
256,KFC.JETLINER,RAHA,53,5067.0,5072.0,0.0,5073.0,1369.0
280,KM.LABOBAR,KAIMANA,27,5107.0,5107.0,-4.3653969328261155e-13,5108.98,933.0
283,KM.TIDAR,KUPANG,33,5081.0,5152.0,0.0,5157.0,914.0
283,KM.TIDAR,LEWOLEBA,38,5165.0,5165.0,0.0,5166.0,914.0
257,KM.EGON,LEMBAR,36,5366.0,5366.0,4.0,5374.0,1421.0
256,KFC.JETLINER,KENDARI,30,5081.0,5082.0,0.0,5084.0,1370.0
285,KM.KELUD,BELAWAN,11,4631.0,4631.0,0.0,4655.0,466.0
280,KM.LABOBAR,FAKFAK,22,5119.0,5119.0,0.0,5122.0,933.0
265,KFC.JETLINER,WANCI,74,5095.0,5095.0,0.0,5097.0,1200.0
261,KM.PANGRANGO,AMBON,2,5146.0,5146.0,0.0,5165.0,1188.0
258,KM.LABOBAR,FAKFAK,22,5113.0,5122.0,0.0,5125.0,1272.0
285,KM.KELUD,TANJUNGBALAIKARIMUN,63,4678.0,4678.0,0.0,4679.0,466.0
264,KM.LAWIT,ENDE,21,5197.0,5197.0,0.0,5199.0,1222.0
258,KM.LABOBAR,KAIMANA,27,5135.0,5135.0,0.0,5137.0,1272.0
263,KM.KELUD,BATAM,8,4609.0,4610.0,3.0,4617.0,733.0
278,KM.TATAMAILAU,TIMIKA,70,4869.0,5023.0,0.0,5025.0,931.0
264,KM.LAWIT,WAINGAPU,73,5209.0,5209.0,0.0,5212.0,1222.0
266,KM.DOBONSOLO,SORONG,61,5136.0,5137.0,0.0,5140.0,1149.0
270,KM.NGGAPULU,JAILOLO,25,5139.0,5139.0,0.0,5141.0,1070.0
258,KM.LABOBAR,DOBO,20,5146.0,5146.0,0.0,5148.0,1272.0
276,KM.KELUD,BELAWAN,11,4630.0,4655.0,0.0,4679.0,658.0
261,KM.PANGRANGO,BANDA,6,5179.0,5179.0,0.0,5181.0,1188.0
261,KM.PANGRANGO,SAUMLAKI,57,5210.0,5210.0,0.0,5214.0,1188.0
269,KM.TILONGKABILA,KENDARI,30,5166.0,5166.0,0.0,5170.0,1059.0
274,KM.CIREMAI,SORONG,61,5175.0,5175.0,0.0,5177.0,1033.0
281,KM.WILIS,WAIKELO,72,5192.0,5192.0,0.0,5193.0,914.0
268,KM.LAMBELU,BAUBAU,10,5189.0,5189.0,0.0,5191.0,1134.0
268,KM.LAMBELU,MAKASSAR,40,5206.0,5206.0,0.0,5210.0,1134.0
280,KM.LABOBAR,KAIMANA,27,5132.0,5137.0,0.0,5139.0,938.0
283,KM.TIDAR,LARANTUKA,35,5169.0,5177.0,0.0,5179.0,922.0
278,KM.TATAMAILAU,AGATS,1,5036.0,5036.0,3.0,5041.0,934.0
271,KM.DOROLONDA,SERUI,60,5197.0,5197.0,0.0,5199.0,1105.0
270,KM.NGGAPULU,TERNATE,68,5143.0,5143.0,0.0,5145.0,1070.0
279,KM.EGON,PAREPARE,51,5185.0,5288.0,0.0,5290.0,1054.0
269,KM.TILONGKABILA,RAHA,53,5177.0,5177.0,0.0,5178.0,1059.0
281,KM.WILIS,BIMA,14,5204.0,5204.0,0.0,5206.0,914.0
262,KM.TIDAR,LEWOLEBA,38,5071.0,5166.0,0.0,5167.0,1271.0
284,KM.PANGRANGO,BANDA,6,5117.0,5181.0,0.0,5183.0,854.0
283,KM.TIDAR,MAUMERE,42,5185.0,5185.0,0.0,5187.0,922.0
283,KM.TIDAR,BAUBAU,10,5200.0,5200.0,0.0,5202.0,922.0
262,KM.TIDAR,KUPANG,33,5175.0,5175.0,0.0,5179.0,1271.0
273,KM.KELIMUTU,SEMARANG,58,4976.0,4976.0,0.0,4985.0,911.0
262,KM.TIDAR,LEWOLEBA,38,5187.0,5187.0,0.0,5188.0,1271.0
269,KM.TILONGKABILA,BAUBAU,10,5183.0,5191.0,0.0,5193.0,1067.0
264,KM.LAWIT,BIMA,14,5227.0,5227.0,0.0,5229.0,1222.0
256,KFC.JETLINER,WANCI,74,5097.0,5097.0,0.0,5099.0,1370.0
269,KM.TILONGKABILA,MAKASSAR,40,5215.0,5215.0,0.0,5220.0,1067.0
271,KM.DOROLONDA,NABIRE,45,5205.0,5205.0,0.0,5207.0,1105.0
284,KM.PANGRANGO,SAUMLAKI,57,5212.0,5214.0,0.0,5218.0,856.0
278,KM.TATAMAILAU,MERAUKE,43,5084.0,5094.0,0.0,5106.0,944.0
275,KM.BUKITRAYA,MIDAI,44,4820.0,4820.0,0.0,4822.0,824.0
270,KM.NGGAPULU,AMBON,2,5165.0,5165.0,0.0,5168.0,1070.0
265,KFC.JETLINER,KENDARI,30,5110.0,5170.0,0.0,5189.0,1260.0
262,KM.TIDAR,LARANTUKA,35,5191.0,5191.0,0.0,5193.0,1271.0
280,KM.LABOBAR,DOBO,20,5148.0,5148.0,0.0,5150.0,938.0
271,KM.DOROLONDA,MANOKWARI,41,5217.0,5217.0,0.0,5219.0,1105.0
269,KM.TILONGKABILA,LABUANBAJO,34,5238.0,5238.0,0.0,5240.0,1067.0
280,KM.LABOBAR,TUAL,71,5157.0,5157.0,0.0,5159.0,938.0
264,KM.LAWIT,BENOA,12,5251.0,5251.0,-4.3653969328261155e-13,5253.98,1221.9999999999995
266,KM.DOBONSOLO,BAUBAU,10,5181.0,5193.0,0.0,5195.0,1161.0
282,KM.GUNUNGDEMPO,NABIRE,45,5161.0,5207.0,0.0,5209.0,962.0
278,KM.TATAMAILAU,AGATS,1,5141.0,5141.0,0.0,5142.0,944.0
278,KM.TATAMAILAU,TIMIKA,70,5154.0,5154.0,8.0,5164.0,952.0
270,KM.NGGAPULU,NAMLEA,46,5173.0,5173.0,0.0,5175.0,1070.0
262,KM.TIDAR,MAUMERE,42,5199.0,5199.0,0.0,5201.0,1271.0
270,KM.NGGAPULU,BAUBAU,10,5197.0,5197.0,0.0,5199.0,1070.0
277,KFC.JETLINER,KENDARI,30,5078.0,5189.0,0.0,5191.0,1141.0
271,KM.DOROLONDA,SORONG,61,5232.0,5232.0,0.0,5235.0,1105.0
262,KM.TIDAR,BAUBAU,10,5214.0,5214.0,0.0,5216.0,1271.0
271,KM.DOROLONDA,TERNATE,68,5254.0,5254.0,0.0,5256.0,1105.0
282,KM.GUNUNGDEMPO,WASIOR,76,5215.0,5215.0,0.0,5216.0,962.0
268,KM.LAMBELU,PAREPARE,51,5215.0,5290.0,0.0,5295.0,1209.0
280,KM.LABOBAR,BANDA,6,5171.0,5183.0,0.0,5184.0,950.0
273,KM.KELIMUTU,PONTIANAK,52,5030.0,5036.0,21.0,5059.0,938.0
277,KFC.JETLINER,WANCI,74,5204.0,5204.0,0.0,5206.0,1141.0
268,KM.LAMBELU,BALIKPAPAN,5,5311.0,5311.0,-4.3653969328261155e-13,5312.98,1209.0
256,KFC.JETLINER,KENDARI,30,5112.0,5191.0,0.0,5210.0,1449.0
280,KM.LABOBAR,AMBON,2,5192.0,5192.0,0.0,5194.0,950.0
283,KM.TIDAR,MAKASSAR,40,5219.0,5219.0,0.0,5223.0,922.0
264,KM.LAWIT,SURABAYA,62,5284.0,5284.0,0.0,5287.0,1222.0
268,KM.LAMBELU,PANTOLOAN,50,5326.0,5326.0,0.0,5328.0,1209.0
260,KM.GUNUNGDEMPO,MAKASSAR,40,5246.0,5246.0,0.0,5248.0,1260.0
258,KM.LABOBAR,TUAL,71,5155.0,5159.0,0.0,5161.0,1276.0
282,KM.GUNUNGDEMPO,MANOKWARI,41,5223.0,5223.0,0.0,5225.0,962.0
279,KM.EGON,BATULICIN,9,5312.0,5313.0,5.0,5321.0,1060.0
271,KM.DOROLONDA,BITUNG,15,5265.0,5265.0,0.0,5267.0,1105.0
258,KM.LABOBAR,BANDA,6,5173.0,5184.0,0.0,5185.0,1287.0
271,KM.DOROLONDA,PANTOLOAN,50,5295.0,5328.0,0.0,5330.0,1138.0
281,KM.WILIS,LABUANBAJO,34,5215.0,5240.0,0.0,5241.0,939.0
275,KM.BUKITRAYA,SERASAN,59,4830.0,4830.0,-4.3653969328261155e-13,4831.98,823.9999999999995
278,KM.TATAMAILAU,DOBO,20,5179.0,5179.0,0.0,5181.0,952.0
270,KM.NGGAPULU,MAKASSAR,40,5215.0,5223.0,0.0,5226.0,1078.0
254,KM.TATAMAILAU,SORONG,61,5127.0,5197.0,0.0,5200.0,1259.0
282,KM.GUNUNGDEMPO,SORONG,61,5237.0,5237.0,0.0,5239.0,962.0
269,KM.TILONGKABILA,BIMA,14,5247.0,5247.0,0.0,5249.0,1067.0
259,KM.WILIS,WAIKELO,72,5156.0,5193.0,0.0,5194.0,1251.0
280,KM.LABOBAR,BAUBAU,10,5217.0,5217.0,0.0,5219.0,950.0
278,KM.TATAMAILAU,TUAL,71,5190.0,5190.0,0.0,5193.0,952.0
273,KM.KELIMUTU,TANJUNGPANDAN,64,5079.0,5079.0,0.0,5081.0,938.0
272,KM.AWU,BIMA,14,5200.0,5249.0,0.0,5251.0,1110.0
280,KM.LABOBAR,MAKASSAR,40,5233.0,5233.0,0.0,5235.0,950.0
259,KM.WILIS,BIMA,14,5205.0,5251.0,0.0,5253.0,1297.0
266,KM.DOBONSOLO,MAKASSAR,40,5210.0,5235.0,0.0,5238.0,1186.0
270,KM.NGGAPULU,SURABAYA,62,5254.0,5287.0,0.0,5290.0,1111.0
274,KM.CIREMAI,AMBON,2,5199.0,5205.0,0.0,5207.0,1039.0
262,KM.TIDAR,MAKASSAR,40,5233.0,5238.0,0.0,5242.0,1276.0
275,KM.BUKITRAYA,PONTIANAK,52,4853.0,5061.0,0.0,5065.0,1032.0
261,KM.PANGRANGO,BANDA,6,5243.0,5243.0,0.0,5245.0,1188.0
277,KFC.JETLINER,KENDARI,30,5219.0,5219.0,0.0,5238.0,1141.0
277,KFC.JETLINER,WANCI,74,5251.0,5251.0,0.0,5253.0,1141.0
278,KM.TATAMAILAU,AMBON,2,5219.0,5219.0,0.0,5221.0,952.0
278,KM.TATAMAILAU,TERNATE,68,5247.0,5256.0,-4.3653969328261155e-13,5256.98,961.0
282,KM.GUNUNGDEMPO,MAKASSAR,40,5286.0,5286.0,0.0,5288.0,962.0
283,KM.TIDAR,SURABAYA,62,5254.0,5290.0,0.0,5292.0,958.0
258,KM.LABOBAR,AMBON,2,5193.0,5207.0,0.0,5209.0,1301.0
269,KM.TILONGKABILA,LEMBAR,36,5267.0,5374.0,0.0,5376.0,1174.0
265,KFC.JETLINER,WANCI,74,5202.0,5253.0,0.0,5255.0,1311.0
283,KM.TIDAR,TANJUNGPRIOK,65,5321.0,5321.0,0.0,5323.0,958.0
254,KM.TATAMAILAU,TIDORE,69,5224.0,5224.0,0.0,5225.0,1259.0
262,KM.TIDAR,SURABAYA,62,5272.0,5292.0,0.0,5294.0,1296.0
260,KM.GUNUNGDEMPO,SURABAYA,62,5274.0,5294.0,0.0,5296.0,1280.0
276,KM.KELUD,TANJUNGBALAIKARIMUN,63,4702.0,4702.0,0.0,4703.0,658.0
272,KM.AWU,BENOA,12,5272.0,5272.0,0.0,5277.0,1110.0
257,KM.EGON,BIMA,14,5391.0,5391.0,0.0,5394.0,1421.0
274,KM.CIREMAI,BAUBAU,10,5232.0,5232.0,0.0,5235.0,1039.0
274,KM.CIREMAI,MAKASSAR,40,5251.0,5258.0,0.0,5261.0,1046.0
266,KM.DOBONSOLO,SURABAYA,62,5266.0,5296.0,0.0,5298.0,1216.0
268,KM.LAMBELU,TARAKAN,66,5347.0,5347.0,0.0,5351.0,1209.0
272,KM.AWU,SURABAYA,62,5305.0,5305.0,0.0,5309.0,1110.0
256,KFC.JETLINER,WANCI,74,5223.0,5255.0,0.0,5257.0,1481.0
268,KM.LAMBELU,NUNUKAN,49,5357.0,5357.0,0.0,5360.0,1209.0
268,KM.LAMBELU,BALIKPAPAN,5,5387.0,5387.0,0.0,5389.0,1209.0
259,KM.WILIS,LABUANBAJO,34,5262.0,5262.0,0.0,5263.0,1297.0
281,KM.WILIS,MAKASSAR,40,5265.0,5265.0,0.0,5268.0,939.0
274,KM.CIREMAI,SURABAYA,62,5290.0,5309.0,0.0,5311.0,1065.0
268,KM.LAMBELU,PAREPARE,51,5405.0,5405.0,0.0,5407.0,1209.0
280,KM.LABOBAR,SURABAYA,62,5260.0,5311.0,0.0,5314.0,1001.0
258,KM.LABOBAR,BAUBAU,10,5232.0,5232.0,0.0,5234.0,1301.0
258,KM.LABOBAR,MAKASSAR,40,5248.0,5268.0,0.0,5270.0,1321.0
285,KM.KELUD,BATAM,8,4682.0,4682.0,4.0,4690.0,470.0
275,KM.BUKITRAYA,SURABAYA,62,5111.0,5314.0,0.0,5318.0,1235.0
271,KM.DOROLONDA,BALIKPAPAN,5,5342.0,5389.0,0.0,5391.0,1185.0
259,KM.WILIS,MAKASSAR,40,5287.0,5287.0,0.0,5290.0,1297.0
284,KM.PANGRANGO,BANDA,6,5247.0,5247.0,0.0,5249.0,856.0
276,KM.KELUD,BATAM,8,4706.0,4706.0,4.0,4714.0,662.0
282,KM.GUNUNGDEMPO,SURABAYA,62,5313.0,5318.0,0.0,5320.0,967.0
258,KM.LABOBAR,SURABAYA,62,5295.0,5320.0,0.0,5323.0,1346.0
262,KM.TIDAR,TANJUNGPRIOK,65,5323.0,5323.0,0.0,5325.0,1296.0
303,KM.SIRIMAU,SORONG,61,4322.0,5235.0,0.0,5239.0,913.0
317,KM.SINABUNG,SURABAYA,62,4538.0,5323.0,0.0,5337.0,785.0
307,KM.WILIS,BATULICIN,9,4359.0,5321.0,0.0,5350.0,962.0
301,KFC.JETLINER,KENDARI,30,4293.0,5238.0,0.0,5248.0,945.0
302,KM.TATAMAILAU,BITUNG,15,4308.0,5267.0,0.0,5276.0,959.0
291,KM.SINABUNG,SURABAYA,62,4148.0,5337.0,0.0,5355.0,1189.0
304,KM.SANGIANG,BITUNG,15,4329.0,5276.0,0.0,5288.0,947.0
303,KM.SIRIMAU,AMBON,2,5273.0,5273.0,0.0,5276.0,913.0
311,KM.PANGRANGO,AMBON,2,4407.0,5221.0,0.0,5246.0,814.0
290,KM.BINAIYA,LABUANBAJO,34,4127.0,5263.0,0.0,5265.0,1136.0
297,KM.DOROLONDA,SURABAYA,62,4236.0,5343.0,0.0,5351.0,1107.0
289,KFC.JETLINER,KENDARI,30,4125.0,5248.0,0.0,5258.0,1123.0
299,KM.CIREMAI,TANJUNGPRIOK,65,4273.0,5323.0,0.0,5337.0,1050.0
304,KM.SANGIANG,TERNATE,68,5307.0,5307.0,0.0,5310.0,947.0
290,KM.BINAIYA,MAKASSAR,40,5284.0,5288.0,0.0,5293.0,1140.0
296,KM.AWU,KUMAI,32,4227.0,4952.0,9.0,4995.0,734.0
289,KFC.JETLINER,WANCI,74,5271.0,5271.0,0.0,5273.0,1123.0
310,KM.BUKITSIGUNTANG,MAKASSAR,40,4406.0,5290.0,0.0,5306.0,884.0
293,KM.LAMBELU,MAKASSAR,40,4203.0,5293.0,0.0,5301.0,1090.0
317,KM.SINABUNG,MAKASSAR,40,5368.0,5368.0,0.0,5371.0,785.0
296,KM.AWU,SURABAYA,62,5023.0,5351.0,-4.369837824924616e-13,5357.98,1062.0
313,KM.BINAIYA,BENOA,12,4425.0,5277.0,0.0,5282.0,852.0
318,KM.LAMBELU,MAKASSAR,40,4539.0,5306.0,0.0,5314.0,767.0
309,KM.TIDAR,KIJANG,31,4399.0,4782.0,0.0,4785.0,383.0
294,KM.NGGAPULU,TANJUNGPRIOK,65,4205.0,5325.0,0.0,5365.0,1120.0
304,KM.SANGIANG,BACAN,4,5321.0,5321.0,0.0,5323.0,947.0
316,KM.DOBONSOLO,TANJUNGPRIOK,65,4499.0,5337.0,0.0,5347.0,838.0
307,KM.WILIS,MAKASSAR,40,5380.0,5380.0,0.0,5386.0,962.0
287,KM.DOBONSOLO,TANJUNGPRIOK,65,4107.0,5347.0,0.0,5367.0,1240.0
317,KM.SINABUNG,BAUBAU,10,5386.0,5386.0,0.0,5389.0,785.0
293,KM.LAMBELU,PAREPARE,51,5306.0,5407.0,0.0,5410.0,1191.0
314,KM.LAWIT,KUMAI,32,4434.0,4997.0,0.0,5000.0,563.0
305,KM.LABOBAR,TANJUNGPRIOK,65,4339.0,5365.0,0.0,5383.0,1026.0
295,KM.TILONGKABILA,BENOA,12,4208.0,5282.0,0.0,5307.0,1074.0
290,KM.BINAIYA,PAREPARE,51,5300.0,5410.0,0.0,5412.0,1250.0
293,KM.LAMBELU,BALIKPAPAN,5,5426.0,5426.0,0.0,5428.0,1191.0
286,KM.LAWIT,KUMAI,32,4094.0,5000.0,0.0,5002.0,906.0
317,KM.SINABUNG,BANGGAI,7,5406.0,5406.0,0.0,5407.0,785.0
316,KM.DOBONSOLO,SURABAYA,62,5373.0,5373.0,0.0,5376.0,838.0
293,KM.LAMBELU,TARAKAN,66,5454.0,5454.0,0.0,5457.0,1191.0
309,KM.TIDAR,TANJUNGPRIOK,65,4819.0,5367.0,0.0,5372.0,931.0
315,KFC.JETLINER,KENDARI,30,4461.0,5258.0,0.0,5268.0,797.0
287,KM.DOBONSOLO,SURABAYA,62,5393.0,5393.0,0.0,5396.0,1240.0
292,KM.KELIMUTU,TANJUNGPRIOK,65,4161.0,5372.0,0.0,5406.0,1211.0
311,KM.PANGRANGO,BANDA,6,5261.0,5261.0,0.0,5294.0,814.0
317,KM.SINABUNG,BITUNG,15,5422.0,5422.0,0.0,5425.0,785.0
288,KM.BUKITRAYA,TANJUNGPRIOK,65,4116.0,5383.0,0.0,5391.0,1267.0
317,KM.SINABUNG,TERNATE,68,5435.0,5435.0,0.0,5437.0,785.0
305,KM.LABOBAR,SURABAYA,62,5409.0,5409.0,0.0,5413.0,1026.0
297,KM.DOROLONDA,MAKASSAR,40,5379.0,5379.0,0.0,5382.0,1107.0
317,KM.SINABUNG,BACAN,4,5443.0,5443.0,0.0,5444.0,785.0
307,KM.WILIS,LABUANBAJO,34,5410.0,5410.0,0.0,5411.0,962.0
310,KM.BUKITSIGUNTANG,MAUMERE,42,5324.0,5324.0,0.0,5327.0,884.0
291,KM.SINABUNG,MAKASSAR,40,5386.0,5386.0,-4.3653969328261155e-13,5388.98,1189.0
304,KM.SANGIANG,SANANA,56,5345.0,5345.0,0.0,5347.0,947.0
317,KM.SINABUNG,SORONG,61,5460.0,5460.0,0.0,5463.0,785.0
317,KM.SINABUNG,MANOKWARI,41,5477.0,5477.0,0.0,5479.0,785.0
295,KM.TILONGKABILA,LEMBAR,36,5313.0,5376.0,0.0,5378.0,1137.0
299,KM.CIREMAI,SURABAYA,62,5363.0,5396.0,0.0,5400.0,1083.0
303,KM.SIRIMAU,WANCI,74,5305.0,5305.0,0.0,5307.0,913.0
289,KFC.JETLINER,KENDARI,30,5286.0,5286.0,0.0,5292.0,1123.0
304,KM.SANGIANG,NAMLEA,46,5360.0,5360.0,0.0,5362.0,947.0
290,KM.BINAIYA,BONTANG,17,5439.0,5439.0,0.0,5442.0,1250.0
303,KM.SIRIMAU,BAUBAU,10,5316.0,5316.0,0.0,5319.0,913.0
296,KM.AWU,BENOA,12,5385.0,5385.0,0.0,5391.0,1062.0
292,KM.KELIMUTU,TANJUNGPANDAN,64,5424.0,5424.0,0.0,5426.0,1211.0
315,KFC.JETLINER,WANCI,74,5281.0,5307.0,0.0,5309.0,823.0
318,KM.LAMBELU,PAREPARE,51,5319.0,5412.0,0.0,5415.0,860.0
288,KM.BUKITRAYA,BLINYU,16,5419.0,5419.0,0.0,5420.0,1267.0
309,KM.TIDAR,SURABAYA,62,5401.0,5401.0,0.0,5403.0,931.0
314,KM.LAWIT,SURABAYA,62,5028.0,5403.0,0.0,5408.0,938.0
297,KM.DOROLONDA,BAUBAU,10,5396.0,5396.0,0.0,5398.0,1107.0
295,KM.TILONGKABILA,BIMA,14,5396.0,5396.0,0.0,5400.0,1137.0
296,KM.AWU,BIMA,14,5412.0,5412.0,0.0,5414.0,1062.0
312,KM.KELUD,TANJUNGPRIOK,65,4420.0,5391.0,0.0,5408.0,971.0
288,KM.BUKITRAYA,KIJANG,31,5435.0,5435.0,0.0,5438.0,1267.0
287,KM.DOBONSOLO,MAKASSAR,40,5425.0,5428.0,0.0,5432.0,1243.0
293,KM.LAMBELU,NUNUKAN,49,5463.0,5463.0,0.0,5466.0,1191.0
290,KM.BINAIYA,PAREPARE,51,5469.0,5469.0,0.0,5471.0,1250.0
291,KM.SINABUNG,BAUBAU,10,5404.0,5404.0,0.0,5407.0,1189.0
302,KM.TATAMAILAU,TIDORE,69,5289.0,5289.0,0.0,5290.0,959.0
303,KM.SIRIMAU,MAUMERE,42,5339.0,5339.0,0.0,5341.0,913.0
317,KM.SINABUNG,NABIRE,45,5489.0,5489.0,0.0,5491.0,785.0
307,KM.WILIS,BIMA,14,5420.0,5420.0,0.0,5421.0,962.0
302,KM.TATAMAILAU,SORONG,61,5315.0,5315.0,0.0,5317.0,959.0
298,KM.KELUD,TANJUNGPRIOK,65,4252.0,5406.0,0.0,5422.0,1154.0
303,KM.SIRIMAU,LEWOLEBA,38,5351.0,5351.0,-4.3653969328261155e-13,5352.98,913.0
287,KM.DOBONSOLO,BAUBAU,10,5447.0,5447.0,0.0,5450.0,1243.0
286,KM.LAWIT,SURABAYA,62,5030.0,5408.0,0.0,5413.0,1284.0
316,KM.DOBONSOLO,MAKASSAR,40,5406.0,5406.0,0.0,5409.0,838.0
311,KM.PANGRANGO,AMBON,2,5309.0,5309.0,0.0,5322.0,814.0
295,KM.TILONGKABILA,LABUANBAJO,34,5407.0,5411.0,-4.3653969328261155e-13,5412.98,1141.0
305,KM.LABOBAR,MAKASSAR,40,5442.0,5442.0,0.0,5445.0,1026.0
298,KM.KELUD,BATAM,8,5454.0,5454.0,0.0,5460.0,1154.0
316,KM.DOBONSOLO,BAUBAU,10,5425.0,5425.0,0.0,5427.0,838.0
294,KM.NGGAPULU,SURABAYA,62,5392.0,5413.0,0.0,5417.0,1141.0
303,KM.SIRIMAU,KUPANG,33,5365.0,5365.0,0.0,5372.0,913.0
310,KM.BUKITSIGUNTANG,LEWOLEBA,38,5333.0,5352.98,0.0,5355.98,903.9799999999996
292,KM.KELIMUTU,PONTIANAK,52,5452.0,5458.0,0.0,5460.0,1217.0
293,KM.LAMBELU,PANTOLOAN,50,5487.0,5487.0,0.0,5489.0,1191.0
303,KM.SIRIMAU,KALABAHI,28,5386.0,5386.0,0.0,5388.0,913.0
298,KM.KELUD,TANJUNGBALAIKARIMUN,63,5463.0,5463.0,0.0,5464.0,1154.0
289,KFC.JETLINER,WANCI,74,5305.0,5309.0,0.0,5311.0,1127.0
290,KM.BINAIYA,MAKASSAR,40,5478.0,5478.0,0.0,5483.0,1250.0
299,KM.CIREMAI,MAKASSAR,40,5430.0,5445.0,3.0,5452.0,1101.0
291,KM.SINABUNG,BANGGAI,7,5424.0,5424.0,0.0,5425.0,1189.0
313,KM.BINAIYA,BIMA,14,5305.0,5421.0,0.0,5423.0,968.0
311,KM.PANGRANGO,NAMROLE,47,5333.0,5333.0,0.0,5335.0,814.0
305,KM.LABOBAR,BAUBAU,10,5461.0,5461.0,0.0,5463.0,1026.0
318,KM.LAMBELU,BALIKPAPAN,5,5431.0,5431.0,0.0,5433.0,860.0
287,KM.DOBONSOLO,SORONG,61,5491.0,5491.0,0.0,5494.0,1243.0
305,KM.LABOBAR,AMBON,2,5488.0,5488.0,0.0,5491.0,1026.0
315,KFC.JETLINER,KENDARI,30,5322.0,5322.0,0.0,5328.0,823.0
310,KM.BUKITSIGUNTANG,KUPANG,33,5362.98,5362.98,0.0,5366.98,903.9799999999996
291,KM.SINABUNG,BITUNG,15,5440.0,5440.0,0.0,5443.0,1189.0
307,KM.WILIS,WAIKELO,72,5432.0,5432.0,0.0,5433.0,962.0
318,KM.LAMBELU,TARAKAN,66,5459.0,5459.0,0.0,5462.0,860.0
293,KM.LAMBELU,BALIKPAPAN,5,5502.0,5502.0,0.0,5504.0,1191.0
310,KM.BUKITSIGUNTANG,LEWOLEBA,38,5373.98,5373.98,0.0,5375.98,903.9799999999996
307,KM.WILIS,WAINGAPU,73,5442.0,5442.0,0.0,5446.0,962.0
303,KM.SIRIMAU,SAUMLAKI,57,5432.0,5432.0,0.0,5434.0,913.0
295,KM.TILONGKABILA,MAKASSAR,40,5431.0,5452.0,0.0,5457.0,1162.0
314,KM.LAWIT,BENOA,12,5437.0,5437.0,0.0,5441.0,938.0
317,KM.SINABUNG,BIAK,13,5500.0,5500.0,0.0,5502.0,785.0
288,KM.BUKITRAYA,LETUNG,37,5451.0,5451.0,0.0,5452.0,1267.0
302,KM.TATAMAILAU,FAKFAK,22,5332.0,5332.0,0.0,5334.0,959.0
289,KFC.JETLINER,KENDARI,30,5324.0,5328.0,0.0,5330.0,1131.0
310,KM.BUKITSIGUNTANG,MAUMERE,42,5381.98,5381.98,0.0,5383.98,903.9799999999996
299,KM.CIREMAI,BAUBAU,10,5468.0,5468.0,0.0,5470.0,1101.0
310,KM.BUKITSIGUNTANG,BAUBAU,10,5397.98,5463.0,0.0,5465.0,969.0
317,KM.SINABUNG,JAYAPURA,26,5522.0,5522.0,0.0,5527.0,785.0
301,KFC.JETLINER,WANCI,74,5261.0,5311.0,0.0,5313.0,995.0
317,KM.SINABUNG,BIAK,13,5548.0,5548.0,0.0,5550.0,785.0
294,KM.NGGAPULU,MAKASSAR,40,5446.0,5457.0,0.0,5461.0,1152.0
313,KM.BINAIYA,LABUANBAJO,34,5431.0,5431.0,0.0,5433.0,968.0
305,KM.LABOBAR,BANDA,6,5499.0,5499.0,0.0,5501.0,1026.0
287,KM.DOBONSOLO,MANOKWARI,41,5508.0,5508.0,0.0,5511.0,1243.0
309,KM.TIDAR,MAKASSAR,40,5434.0,5461.0,0.0,5464.0,958.0
295,KM.TILONGKABILA,BAUBAU,10,5478.0,5478.0,0.0,5480.0,1162.0
302,KM.TATAMAILAU,KAIMANA,27,5346.0,5346.0,0.0,5348.0,959.0
294,KM.NGGAPULU,BAUBAU,10,5475.0,5475.0,0.0,5477.0,1152.0
297,KM.DOROLONDA,NAMLEA,46,5446.0,5446.0,0.0,5448.0,1107.0
303,KM.SIRIMAU,TUAL,71,5454.0,5454.0,0.0,5459.0,913.0
304,KM.SANGIANG,AMBON,2,5372.0,5372.0,0.0,5375.0,947.0
304,KM.SANGIANG,BANDA,6,5391.0,5501.0,0.0,5503.0,1057.0
303,KM.SIRIMAU,DOBO,20,5470.0,5470.0,0.0,5472.0,913.0
292,KM.KELIMUTU,SEMARANG,58,5500.0,5500.0,0.0,5518.0,1217.0
303,KM.SIRIMAU,TIMIKA,70,5489.0,5489.0,8.0,5499.0,921.0
292,KM.KELIMUTU,KUMAI,32,5542.0,5547.0,0.0,5549.0,1222.0
299,KM.CIREMAI,AMBON,2,5510.0,5515.0,0.0,5517.0,1106.0
294,KM.NGGAPULU,NAMLEA,46,5500.0,5500.0,0.0,5502.0,1152.0
309,KM.TIDAR,BAUBAU,10,5480.0,5480.0,0.0,5482.0,958.0
313,KM.BINAIYA,MAKASSAR,40,5452.0,5464.0,0.0,5470.0,980.0
310,KM.BUKITSIGUNTANG,MAKASSAR,40,5481.0,5481.0,0.0,5486.0,969.0
291,KM.SINABUNG,TERNATE,68,5453.0,5453.0,0.0,5455.0,1189.0
302,KM.TATAMAILAU,TUAL,71,5360.0,5459.0,0.0,5462.0,1058.0
302,KM.TATAMAILAU,TIMIKA,70,5484.0,5501.0,0.0,5503.0,1075.0
287,KM.DOBONSOLO,NABIRE,45,5522.0,5522.0,0.0,5524.0,1243.0
293,KM.LAMBELU,PAREPARE,51,5520.0,5520.0,0.0,5523.0,1191.0
299,KM.CIREMAI,SORONG,61,5540.0,5540.0,0.0,5543.0,1106.0
292,KM.KELIMUTU,SURABAYA,62,5575.0,5575.0,0.0,5579.0,1222.0
318,KM.LAMBELU,NUNUKAN,49,5468.0,5468.0,0.0,5471.0,860.0
287,KM.DOBONSOLO,BIAK,13,5533.0,5550.0,0.0,5553.0,1260.0
314,KM.LAWIT,BIMA,14,5463.0,5463.0,0.0,5465.0,938.0
301,KFC.JETLINER,KENDARI,30,5326.0,5330.0,0.0,5336.0,999.0
304,KM.SANGIANG,GESER,23,5512.0,5512.0,0.0,5514.0,1057.0
310,KM.BUKITSIGUNTANG,PAREPARE,51,5491.0,5523.0,0.0,5527.0,1001.0
309,KM.TIDAR,MAUMERE,42,5496.0,5496.0,0.0,5498.0,958.0
299,KM.CIREMAI,NABIRE,45,5567.0,5567.0,0.0,5569.0,1106.0
318,KM.LAMBELU,PANTOLOAN,50,5492.0,5492.0,0.0,5494.0,860.0
304,KM.SANGIANG,FAKFAK,22,5525.0,5525.0,0.0,5531.0,1057.0
317,KM.SINABUNG,NABIRE,45,5560.0,5569.0,0.0,5571.0,794.0
313,KM.BINAIYA,AWERANGE,3,5476.0,5476.0,0.0,5478.0,980.0
290,KM.BINAIYA,LABUANBAJO,34,5503.0,5503.0,0.0,5505.0,1250.0
287,KM.DOBONSOLO,JAYAPURA,26,5574.0,5574.0,4.02,5584.0,1264.0200000000004
292,KM.KELIMUTU,BATULICIN,9,5610.0,5610.0,-4.3653969328261155e-13,5613.98,1222.0
309,KM.TIDAR,LARANTUKA,35,5504.0,5504.0,0.0,5505.0,958.0
313,KM.BINAIYA,BONTANG,17,5505.0,5505.0,0.0,5508.0,980.0
294,KM.NGGAPULU,AMBON,2,5508.0,5508.0,0.0,5512.0,1152.0
291,KM.SINABUNG,BACAN,4,5461.0,5461.0,0.0,5462.0,1189.0
294,KM.NGGAPULU,TERNATE,68,5532.0,5532.0,0.0,5534.0,1152.0
290,KM.BINAIYA,BIMA,14,5513.0,5513.0,0.0,5514.0,1250.0
304,KM.SANGIANG,GESER,23,5543.0,5543.0,-4.3653969328261155e-13,5544.98,1057.0
304,KM.SANGIANG,BANDA,6,5554.0,5554.0,0.0,5556.0,1057.0
293,KM.LAMBELU,MAKASSAR,40,5528.0,5528.0,0.0,5531.0,1191.0
291,KM.SINABUNG,SORONG,61,5478.0,5494.0,0.0,5497.0,1205.0
312,KM.KELUD,BATAM,8,5440.0,5460.0,0.0,5465.0,991.0
294,KM.NGGAPULU,JAILOLO,25,5536.0,5536.0,0.0,5538.0,1152.0
315,KFC.JETLINER,WANCI,74,5341.0,5341.0,0.0,5343.0,823.0
313,KM.BINAIYA,PAREPARE,51,5535.0,5535.0,0.0,5537.0,980.0
314,KM.LAWIT,WAINGAPU,73,5480.0,5480.0,0.0,5483.0,938.0
305,KM.LABOBAR,TUAL,71,5514.0,5514.0,0.0,5517.0,1026.0
311,KM.PANGRANGO,AMBON,2,5346.0,5512.0,-4.3653969328261155e-13,5515.98,980.0
295,KM.TILONGKABILA,RAHA,53,5484.0,5484.0,0.0,5486.0,1162.0
288,KM.BUKITRAYA,TAREMPA,67,5456.0,5456.0,0.0,5458.0,1267.0
311,KM.PANGRANGO,BANDA,6,5531.0,5556.0,0.0,5558.0,1005.0
288,KM.BUKITRAYA,NATUNA,48,5469.0,5469.0,0.0,5472.0,1267.0
295,KM.TILONGKABILA,KENDARI,30,5492.0,5492.0,0.0,5496.0,1162.0
295,KM.TILONGKABILA,LUWUK,39,5513.0,5513.0,0.0,5516.0,1162.0
316,KM.DOBONSOLO,SORONG,61,5468.0,5497.0,0.0,5500.0,867.0
289,KFC.JETLINER,RAHA,53,5338.0,5486.0,0.0,5487.0,1279.0
295,KM.TILONGKABILA,GORONTALO,24,5527.0,5527.0,0.0,5529.0,1162.0
287,KM.DOBONSOLO,BIAK,13,5604.02,5604.02,0.0,5606.02,1264.0200000000004
301,KFC.JETLINER,WANCI,74,5349.0,5349.0,0.0,5351.0,999.0
317,KM.SINABUNG,MANOKWARI,41,5581.0,5581.0,0.0,5583.0,794.0
313,KM.BINAIYA,BONTANG,17,5564.0,5564.0,0.0,5567.0,980.0
296,KM.AWU,WAINGAPU,73,5428.0,5483.0,0.0,5486.0,1117.0
299,KM.CIREMAI,SERUI,60,5576.0,5576.0,0.0,5578.0,1106.0
295,KM.TILONGKABILA,BITUNG,15,5544.0,5544.0,0.0,5557.0,1162.0
318,KM.LAMBELU,BALIKPAPAN,5,5507.0,5507.0,0.0,5509.0,860.0
309,KM.TIDAR,LEWOLEBA,38,5507.0,5507.0,0.0,5508.0,958.0
290,KM.BINAIYA,BENOA,12,5537.0,5537.0,0.0,5541.0,1250.0
292,KM.KELIMUTU,SURABAYA,62,5645.0,5645.0,0.0,5648.0,1222.0
318,KM.LAMBELU,PAREPARE,51,5525.0,5537.0,0.0,5540.0,872.0
303,KM.SIRIMAU,AGATS,1,5516.0,5516.0,3.0,5523.0,924.0
312,KM.KELUD,TANJUNGBALAIKARIMUN,63,5468.0,5468.0,0.0,5469.0,991.0
312,KM.KELUD,BELAWAN,11,5492.0,5492.0,0.0,5516.0,991.0
302,KM.TATAMAILAU,AGATS,1,5517.0,5525.0,0.0,5527.0,1083.0
293,KM.LAMBELU,BAUBAU,10,5546.0,5546.0,0.0,5548.0,1191.0
288,KM.BUKITRAYA,MIDAI,44,5476.0,5476.0,0.0,5478.0,1267.0
297,KM.DOROLONDA,AMBON,2,5453.0,5515.98,0.0,5518.98,1169.9799999999996
315,KFC.JETLINER,KENDARI,30,5356.0,5496.0,0.0,5498.0,963.0
318,KM.LAMBELU,MAKASSAR,40,5545.0,5545.0,0.0,5548.0,872.0
291,KM.SINABUNG,MANOKWARI,41,5511.0,5583.0,0.0,5585.0,1277.0
305,KM.LABOBAR,DOBO,20,5524.0,5524.0,0.0,5527.0,1026.0
287,KM.DOBONSOLO,NABIRE,45,5616.02,5616.02,0.0,5618.02,1264.0200000000004
297,KM.DOROLONDA,SORONG,61,5538.98,5538.98,0.0,5541.98,1169.9799999999996
288,KM.BUKITRAYA,SERASAN,59,5486.0,5486.0,0.0,5489.0,1267.0
311,KM.PANGRANGO,SAUMLAKI,57,5589.0,5589.0,0.0,5592.0,1005.0
296,KM.AWU,ENDE,21,5495.0,5495.0,0.0,5497.0,1117.0
305,KM.LABOBAR,KAIMANA,27,5536.0,5536.0,-4.3653969328261155e-13,5537.98,1026.0
314,KM.LAWIT,ENDE,21,5493.0,5497.0,0.0,5499.0,942.0
290,KM.BINAIYA,BIMA,14,5564.0,5564.0,0.0,5567.0,1250.0
297,KM.DOROLONDA,MANOKWARI,41,5553.98,5585.0,0.0,5587.0,1201.0
317,KM.SINABUNG,SORONG,61,5597.0,5597.0,0.0,5599.0,794.0
307,KM.WILIS,ENDE,21,5457.0,5499.0,0.0,5501.0,1004.0
299,KM.CIREMAI,JAYAPURA,26,5598.0,5598.0,5.0,5609.0,1111.0
295,KM.TILONGKABILA,GORONTALO,24,5572.0,5572.0,0.0,5574.0,1162.0
314,KM.LAWIT,KALABAHI,28,5518.0,5518.0,0.0,5520.0,942.0
304,KM.SANGIANG,AMBON,2,5573.0,5573.0,0.0,5576.0,1057.0
294,KM.NGGAPULU,BITUNG,15,5547.0,5557.0,0.0,5566.0,1162.0
301,KFC.JETLINER,KENDARI,30,5364.0,5498.0,0.0,5500.0,1133.0
313,KM.BINAIYA,AWERANGE,3,5594.0,5594.0,0.0,5596.0,980.0
314,KM.LAWIT,KUPANG,33,5533.0,5533.0,0.0,5537.0,942.0
318,KM.LAMBELU,BAUBAU,10,5563.0,5563.0,0.0,5565.0,872.0
293,KM.LAMBELU,MAUMERE,42,5561.0,5561.0,0.0,5563.0,1191.0
297,KM.DOROLONDA,NABIRE,45,5598.0,5618.02,0.0,5620.02,1221.0200000000004
318,KM.LAMBELU,MAUMERE,42,5578.0,5578.0,0.0,5580.0,872.0
287,KM.DOBONSOLO,MANOKWARI,41,5629.02,5630.0,0.0,5632.0,1265.0
310,KM.BUKITSIGUNTANG,BALIKPAPAN,5,5543.0,5543.0,0.0,5545.0,1001.0
292,KM.KELIMUTU,KUMAI,32,5674.0,5674.0,0.0,5676.0,1222.0
297,KM.DOROLONDA,WAREN,75,5626.02,5626.02,0.0,5628.02,1221.0200000000004
296,KM.AWU,KUPANG,33,5510.0,5510.0,0.0,5515.0,1117.0
305,KM.LABOBAR,FAKFAK,22,5548.0,5548.0,0.0,5551.0,1026.0
317,KM.SINABUNG,BACAN,4,5615.0,5615.0,0.0,5616.0,794.0
296,KM.AWU,KALABAHI,28,5528.0,5528.0,0.0,5531.0,1117.0
286,KM.LAWIT,SAMPIT,55,5442.0,5549.0,2.0,5570.0,1393.0
318,KM.LAMBELU,LARANTUKA,35,5585.0,5585.0,0.0,5587.0,872.0
305,KM.LABOBAR,KAIMANA,27,5561.0,5561.0,0.0,5564.0,1026.0
289,KFC.JETLINER,KENDARI,30,5495.0,5500.0,0.0,5502.0,1284.0
303,KM.SIRIMAU,MERAUKE,43,5572.0,5582.0,15.02,5605.0,949.0200000000004
307,KM.WILIS,KUPANG,33,5517.0,5517.0,0.0,5525.0,1004.0
309,KM.TIDAR,KUPANG,33,5516.0,5525.0,0.0,5529.0,967.0
318,KM.LAMBELU,BAUBAU,10,5599.0,5599.0,0.0,5601.0,872.0
316,KM.DOBONSOLO,MANOKWARI,41,5514.0,5632.0,4.0,5638.0,989.0
307,KM.WILIS,KALABAHI,28,5542.0,5542.0,0.0,5554.0,1004.0
303,KM.SIRIMAU,AGATS,1,5643.02,5649.0,0.0,5651.0,955.0
301,KFC.JETLINER,RAHA,53,5508.0,5508.0,0.0,5509.0,1133.0
296,KM.AWU,KUPANG,33,5544.0,5544.0,0.0,5549.0,1117.0
287,KM.DOBONSOLO,SORONG,61,5645.0,5645.0,0.0,5648.0,1265.0
291,KM.SINABUNG,NABIRE,45,5595.0,5620.02,-4.3653969328261155e-13,5622.0,1302.0200000000004
299,KM.CIREMAI,SERUI,60,5629.0,5629.0,0.0,5631.0,1111.0
296,KM.AWU,ENDE,21,5562.0,5562.0,0.0,5564.0,1117.0
312,KM.KELUD,TANJUNGBALAIKARIMUN,63,5539.0,5539.0,0.0,5540.0,991.0
315,KFC.JETLINER,RAHA,53,5506.0,5509.0,0.0,5510.0,966.0
293,KM.LAMBELU,LARANTUKA,35,5568.0,5587.0,0.0,5589.0,1210.0
290,KM.BINAIYA,WAINGAPU,73,5581.0,5581.0,0.0,5583.0,1250.0
297,KM.DOROLONDA,JAYAPURA,26,5647.02,5647.02,0.0,5652.02,1221.0200000000004
298,KM.KELUD,BELAWAN,11,5487.0,5516.0,0.0,5540.0,1183.0
309,KM.TIDAR,LEWOLEBA,38,5537.0,5537.0,0.0,5538.0,967.0
313,KM.BINAIYA,MAKASSAR,40,5602.0,5602.0,0.0,5606.0,980.0
307,KM.WILIS,KUPANG,33,5570.0,5570.0,0.0,5578.0,1004.0
302,KM.TATAMAILAU,MERAUKE,43,5568.0,5607.0,1.0,5629.0,1123.0
294,KM.NGGAPULU,JAILOLO,25,5576.0,5576.0,-4.3653969328261155e-13,5577.98,1162.0
292,KM.KELIMUTU,SEMARANG,58,5699.0,5699.0,0.0,5704.0,1222.0
302,KM.TATAMAILAU,AGATS,1,5667.0,5667.0,2.0,5671.0,1125.0
288,KM.BUKITRAYA,PONTIANAK,52,5508.0,5508.0,0.0,5510.0,1267.0
293,KM.LAMBELU,BAUBAU,10,5601.0,5601.0,0.0,5603.0,1210.0
307,KM.WILIS,ENDE,21,5594.0,5594.0,0.0,5596.0,1004.0
297,KM.DOROLONDA,WAREN,75,5671.02,5671.02,0.0,5673.02,1221.0200000000004
315,KFC.JETLINER,KENDARI,30,5518.0,5518.0,0.0,5520.0,966.0
290,KM.BINAIYA,ENDE,21,5592.0,5596.0,-4.3653969328261155e-13,5597.98,1254.0
309,KM.TIDAR,LARANTUKA,35,5541.0,5589.0,0.0,5591.0,1015.0
288,KM.BUKITRAYA,SERASAN,59,5526.0,5526.0,0.0,5528.0,1267.0
288,KM.BUKITRAYA,MIDAI,44,5536.0,5536.0,0.0,5537.0,1267.0
309,KM.TIDAR,MAUMERE,42,5597.0,5597.0,-4.3653969328261155e-13,5598.98,1015.0
301,KFC.JETLINER,KENDARI,30,5517.0,5520.0,0.0,5522.0,1136.0
303,KM.SIRIMAU,TIMIKA,70,5665.0,5669.0,0.0,5671.0,959.0
304,KM.SANGIANG,NAMLEA,46,5587.0,5587.0,0.0,5589.0,1057.0
314,KM.LAWIT,ROTE,54,5542.0,5542.0,0.0,5543.0,942.0
287,KM.DOBONSOLO,BAUBAU,10,5689.0,5689.0,0.0,5691.0,1265.0
286,KM.LAWIT,SEMARANG,58,5602.0,5704.0,0.0,5706.0,1495.0
295,KM.TILONGKABILA,LUWUK,39,5585.0,5585.0,0.0,5587.0,1162.0
309,KM.TIDAR,BAUBAU,10,5612.0,5612.0,0.0,5614.0,1015.0
293,KM.LAMBELU,MAKASSAR,40,5618.0,5618.0,0.0,5622.0,1210.0
305,KM.LABOBAR,DOBO,20,5573.0,5573.0,0.0,5576.0,1026.0
316,KM.DOBONSOLO,SORONG,61,5652.0,5657.0,0.0,5660.0,994.0
292,KM.KELIMUTU,PONTIANAK,52,5750.0,5757.0,7.0,5766.0,1236.0
314,KM.LAWIT,KUPANG,33,5548.0,5549.0,0.0,5553.0,943.0
291,KM.SINABUNG,BIAK,13,5631.02,5631.02,0.0,5633.02,1302.0200000000004
302,KM.TATAMAILAU,TIMIKA,70,5681.0,5681.0,0.0,5691.0,1125.0
305,KM.LABOBAR,TUAL,71,5583.0,5583.0,-4.3653969328261155e-13,5585.98,1026.0
305,KM.LABOBAR,BANDA,6,5598.0,5598.0,0.0,5601.0,1026.0
318,KM.LAMBELU,MAKASSAR,40,5616.0,5616.0,0.0,5620.0,872.0
288,KM.BUKITRAYA,NATUNA,48,5541.0,5541.0,0.0,5543.0,1267.0
307,KM.WILIS,WAINGAPU,73,5607.0,5607.0,0.0,5609.0,1004.0
310,KM.BUKITSIGUNTANG,TARAKAN,66,5569.0,5569.0,0.0,5573.0,1001.0
296,KM.AWU,WAINGAPU,73,5573.0,5609.0,0.0,5612.0,1153.0
317,KM.SINABUNG,TERNATE,68,5623.0,5623.0,0.0,5625.0,794.0
303,KM.SIRIMAU,DOBO,20,5688.0,5688.0,0.0,5690.0,959.0
293,KM.LAMBELU,PAREPARE,51,5627.0,5627.0,0.0,5632.0,1210.0
317,KM.SINABUNG,BITUNG,15,5648.0,5648.0,0.0,5651.0,794.0
310,KM.BUKITSIGUNTANG,NUNUKAN,49,5579.0,5579.0,0.0,5581.0,1001.0
302,KM.TATAMAILAU,TUAL,71,5713.0,5713.0,0.0,5715.0,1125.0
307,KM.WILIS,WAIKELO,72,5618.0,5618.0,0.0,5619.0,1004.0
294,KM.NGGAPULU,TERNATE,68,5580.0,5625.0,0.0,5627.0,1207.0
299,KM.CIREMAI,NABIRE,45,5638.0,5638.0,0.0,5640.0,1111.0
307,KM.WILIS,BIMA,14,5630.0,5630.0,0.0,5632.0,1004.0
296,KM.AWU,BIMA,14,5626.0,5632.0,0.0,5634.0,1159.0
296,KM.AWU,BENOA,12,5655.0,5655.0,0.0,5658.0,1159.0
286,KM.LAWIT,KUMAI,32,5731.0,5731.0,0.0,5733.0,1495.0
313,KM.BINAIYA,LABUANBAJO,34,5625.0,5625.0,0.0,5627.0,980.0
318,KM.LAMBELU,PAREPARE,51,5625.0,5632.0,0.0,5637.0,879.0
314,KM.LAWIT,KALABAHI,28,5566.0,5566.0,0.0,5568.0,943.0
311,KM.PANGRANGO,BANDA,6,5620.0,5620.0,0.0,5622.0,1005.0
305,KM.LABOBAR,AMBON,2,5609.0,5609.0,0.0,5612.0,1026.0
295,KM.TILONGKABILA,KENDARI,30,5605.0,5605.0,0.0,5609.0,1162.0
304,KM.SANGIANG,SANANA,56,5602.0,5602.0,0.0,5604.0,1057.0
318,KM.LAMBELU,BALIKPAPAN,5,5653.0,5653.0,-4.3653969328261155e-13,5654.98,879.0
303,KM.SIRIMAU,TUAL,71,5700.0,5715.0,0.0,5720.0,974.0
309,KM.TIDAR,MAKASSAR,40,5631.0,5631.0,0.0,5635.0,1015.0
286,KM.LAWIT,SEMARANG,58,5758.0,5758.0,0.0,5764.0,1495.0
293,KM.LAMBELU,BALIKPAPAN,5,5648.0,5654.98,-4.3653969328261155e-13,5656.959999999999,1216.9799999999996
293,KM.LAMBELU,PANTOLOAN,50,5669.98,5669.98,0.0,5671.98,1216.9799999999996
299,KM.CIREMAI,SORONG,61,5664.0,5668.0,0.0,5670.0,1115.0
294,KM.NGGAPULU,AMBON,2,5647.0,5647.0,0.0,5650.0,1207.0
297,KM.DOROLONDA,NABIRE,45,5679.02,5679.02,0.0,5681.02,1221.0200000000004
297,KM.DOROLONDA,MANOKWARI,41,5692.02,5692.02,0.0,5694.02,1221.0200000000004
295,KM.TILONGKABILA,RAHA,53,5616.0,5616.0,0.0,5617.0,1162.0
290,KM.BINAIYA,KUPANG,33,5611.0,5611.0,0.0,5615.0,1254.0
295,KM.TILONGKABILA,BAUBAU,10,5622.0,5622.0,0.0,5624.0,1162.0
297,KM.DOROLONDA,SORONG,61,5707.02,5707.02,0.0,5710.02,1221.0200000000004
318,KM.LAMBELU,PANTOLOAN,50,5668.0,5671.98,0.0,5673.98,882.9799999999996
291,KM.SINABUNG,JAYAPURA,26,5653.02,5653.02,0.0,5659.02,1302.0200000000004
318,KM.LAMBELU,TARAKAN,66,5692.98,5692.98,0.0,5696.98,882.9799999999996
287,KM.DOBONSOLO,MAKASSAR,40,5706.0,5706.0,7.0,5716.0,1272.0
302,KM.TATAMAILAU,KAIMANA,27,5727.0,5727.0,0.0,5729.0,1125.0
303,KM.SIRIMAU,SAUMLAKI,57,5739.0,5739.0,0.0,5741.0,974.0
291,KM.SINABUNG,BIAK,13,5680.02,5680.02,0.0,5682.02,1302.0200000000004
303,KM.SIRIMAU,KALABAHI,28,5783.0,5783.0,0.0,5785.0,974.0
297,KM.DOROLONDA,AMBON,2,5730.02,5730.02,-4.3653969328261155e-13,5733.0,1221.0200000000004
317,KM.SINABUNG,BANGGAI,7,5675.0,5675.0,0.0,5676.0,794.0
294,KM.NGGAPULU,NAMLEA,46,5655.0,5655.0,0.0,5657.0,1207.0
305,KM.LABOBAR,BAUBAU,10,5635.0,5635.0,0.0,5638.0,1026.0
288,KM.BUKITRAYA,TAREMPA,67,5554.0,5554.0,0.0,5555.0,1267.0
291,KM.SINABUNG,NABIRE,45,5692.02,5692.02,-4.3653969328261155e-13,5694.0,1302.0200000000004
304,KM.SANGIANG,BACAN,4,5622.0,5622.0,0.0,5624.0,1057.0
286,KM.LAWIT,KARIMUNJAWA,29,5771.0,5771.0,0.0,5808.0,1495.0
302,KM.TATAMAILAU,FAKFAK,22,5741.0,5741.0,0.0,5743.0,1125.0
309,KM.TIDAR,SURABAYA,62,5666.0,5666.0,0.0,5668.0,1015.0
313,KM.BINAIYA,BIMA,14,5635.0,5635.0,-4.3653969328261155e-13,5635.98,980.0
297,KM.DOROLONDA,NAMLEA,46,5738.02,5738.02,0.0,5740.02,1221.0200000000004
291,KM.SINABUNG,MANOKWARI,41,5704.02,5704.02,0.0,5706.02,1302.0200000000004
299,KM.CIREMAI,AMBON,2,5692.0,5692.0,0.0,5695.0,1115.0
296,KM.AWU,SURABAYA,62,5686.0,5686.0,0.0,5693.0,1159.0
318,KM.LAMBELU,NUNUKAN,49,5702.98,5702.98,0.0,5705.98,882.9799999999996
316,KM.DOBONSOLO,BAUBAU,10,5700.0,5700.0,0.0,5702.0,994.0
305,KM.LABOBAR,MAKASSAR,40,5652.0,5652.0,0.0,5655.0,1026.0
303,KM.SIRIMAU,KUPANG,33,5798.0,5798.0,0.0,5804.0,974.0
314,KM.LAWIT,ENDE,21,5587.0,5597.98,0.0,5599.98,953.9799999999996
314,KM.LAWIT,WAINGAPU,73,5609.98,5612.0,0.0,5615.0,956.0
307,KM.WILIS,LABUANBAJO,34,5641.0,5641.0,0.0,5642.0,1004.0
287,KM.DOBONSOLO,SURABAYA,62,5744.0,5744.0,0.0,5746.0,1272.0
295,KM.TILONGKABILA,MAKASSAR,40,5646.0,5655.0,0.0,5660.0,1171.0
309,KM.TIDAR,TANJUNGPRIOK,65,5697.0,5697.0,0.0,5699.0,1015.0
317,KM.SINABUNG,BAUBAU,10,5707.0,5707.0,0.0,5710.0,794.0
293,KM.LAMBELU,TARAKAN,66,5690.98,5696.98,0.0,5700.98,1222.9799999999996
299,KM.CIREMAI,BAUBAU,10,5719.0,5719.0,0.0,5721.0,1115.0
302,KM.TATAMAILAU,SORONG,61,5758.0,5758.0,0.0,5761.0,1125.0
312,KM.KELUD,BATAM,8,5543.0,5549.0,0.0,5553.0,997.0
307,KM.WILIS,MAKASSAR,40,5666.0,5666.0,0.0,5669.0,1004.0
290,KM.BINAIYA,ENDE,21,5628.0,5628.0,0.0,5630.0,1254.0
310,KM.BUKITSIGUNTANG,BALIKPAPAN,5,5608.0,5656.959999999999,0.0,5658.959999999999,1049.9599999999991
315,KFC.JETLINER,WANCI,74,5533.0,5533.0,0.0,5535.0,966.0
313,KM.BINAIYA,BENOA,12,5659.0,5659.0,0.0,5667.0,980.0
303,KM.SIRIMAU,LEWOLEBA,38,5815.0,5815.0,0.0,5817.0,974.0
293,KM.LAMBELU,NUNUKAN,49,5706.98,5706.98,0.0,5709.98,1222.9799999999996
289,KFC.JETLINER,WANCI,74,5515.0,5535.0,0.0,5537.0,1304.0
294,KM.NGGAPULU,BAUBAU,10,5679.0,5710.0,0.0,5712.0,1238.0
303,KM.SIRIMAU,MAUMERE,42,5827.0,5827.0,0.0,5829.0,974.0
295,KM.TILONGKABILA,LABUANBAJO,34,5678.0,5678.0,0.0,5680.0,1171.0
301,KFC.JETLINER,WANCI,74,5535.0,5537.0,0.0,5539.0,1138.0
310,KM.BUKITSIGUNTANG,PAREPARE,51,5674.959999999999,5674.959999999999,0.0,5678.959999999999,1049.9599999999991
286,KM.LAWIT,SEMARANG,58,5814.0,5814.0,0.0,5818.0,1495.0
316,KM.DOBONSOLO,MAKASSAR,40,5717.0,5717.0,0.0,5720.0,994.0
293,KM.LAMBELU,BALIKPAPAN,5,5736.98,5736.98,0.0,5738.98,1222.9799999999996
291,KM.SINABUNG,SORONG,61,5720.02,5720.02,0.0,5722.02,1302.0200000000004
311,KM.PANGRANGO,AMBON,2,5637.0,5695.0,0.0,5712.0,1063.0
289,KFC.JETLINER,KENDARI,30,5550.0,5609.0,0.0,5628.0,1363.0
311,KM.PANGRANGO,BANDA,6,5727.0,5727.0,0.0,5729.0,1063.0
318,KM.LAMBELU,BALIKPAPAN,5,5732.98,5738.98,0.0,5740.98,888.9799999999996
297,KM.DOROLONDA,BAUBAU,10,5763.02,5763.02,0.0,5765.02,1221.0200000000004
313,KM.BINAIYA,LABUANBAJO,34,5694.0,5694.0,0.0,5697.0,980.0
288,KM.BUKITRAYA,LETUNG,37,5559.0,5559.0,0.0,5560.0,1267.0
317,KM.SINABUNG,MAKASSAR,40,5739.0,5739.0,0.0,5741.0,794.0
299,KM.CIREMAI,MAKASSAR,40,5737.0,5741.0,0.0,5743.0,1119.0
311,KM.PANGRANGO,SAUMLAKI,57,5760.0,5760.0,0.0,5763.0,1063.0
290,KM.BINAIYA,WAINGAPU,73,5639.0,5639.0,0.0,5641.0,1254.0
301,KFC.JETLINER,KENDARI,30,5552.0,5628.0,0.0,5647.0,1214.0
295,KM.TILONGKABILA,BIMA,14,5687.0,5687.0,0.0,5689.0,1171.0
291,KM.SINABUNG,BACAN,4,5738.02,5738.02,0.0,5739.02,1302.0200000000004
291,KM.SINABUNG,TERNATE,68,5746.02,5746.02,0.0,5748.02,1302.0200000000004
291,KM.SINABUNG,BITUNG,15,5758.02,5758.02,0.0,5760.02,1302.0200000000004
290,KM.BINAIYA,BIMA,14,5655.0,5689.0,0.0,5690.0,1288.0
298,KM.KELUD,TANJUNGBALAIKARIMUN,63,5563.0,5563.0,0.0,5564.0,1183.0
314,KM.LAWIT,BIMA,14,5630.0,5690.0,0.0,5692.0,1016.0
292,KM.KELIMUTU,TANJUNGPANDAN,64,5786.0,5786.0,0.0,5787.0,1236.0
288,KM.BUKITRAYA,KIJANG,31,5574.0,5574.0,0.0,5577.0,1267.0
315,KFC.JETLINER,KENDARI,30,5548.0,5647.0,0.0,5666.0,1065.0
294,KM.NGGAPULU,MAKASSAR,40,5728.0,5741.0,0.0,5744.0,1251.0
316,KM.DOBONSOLO,SURABAYA,62,5747.0,5747.0,0.0,5749.0,994.0
303,KM.SIRIMAU,BAUBAU,10,5848.0,5848.0,0.0,5851.0,974.0
314,KM.LAWIT,BENOA,12,5714.0,5714.0,0.0,5717.0,1016.0
314,KM.LAWIT,SURABAYA,62,5747.0,5747.0,0.0,5750.0,1016.0
295,KM.TILONGKABILA,LEMBAR,36,5707.0,5707.0,0.0,5709.0,1171.0
304,KM.SANGIANG,TERNATE,68,5634.0,5748.02,0.0,5750.02,1171.0200000000004
298,KM.KELUD,BATAM,8,5567.0,5567.0,3.0,5574.0,1186.0
303,KM.SIRIMAU,WANCI,74,5859.0,5859.0,0.0,5861.0,974.0
294,KM.NGGAPULU,SURABAYA,62,5772.0,5772.0,0.0,5775.0,1251.0
289,KFC.JETLINER,WANCI,74,5641.0,5861.0,0.0,5863.0,1583.0
291,KM.SINABUNG,BANGGAI,7,5775.02,5775.02,0.0,5777.02,1302.0200000000004
299,KM.CIREMAI,SURABAYA,62,5771.0,5771.0,0.0,5773.0,1119.0
302,KM.TATAMAILAU,TIDORE,69,5785.0,5785.0,0.0,5786.0,1125.0
301,KFC.JETLINER,WANCI,74,5660.0,5863.0,0.0,5865.0,1417.0
315,KFC.JETLINER,WANCI,74,5679.0,5865.0,0.0,5867.0,1251.0
311,KM.PANGRANGO,BANDA,6,5791.0,5791.0,0.0,5793.0,1063.0
318,KM.LAMBELU,PAREPARE,51,5756.98,5756.98,0.0,5758.98,888.9799999999996
297,KM.DOROLONDA,MAKASSAR,40,5779.02,5779.02,0.0,5782.02,1221.0200000000004
291,KM.SINABUNG,BAUBAU,10,5793.02,5793.02,0.0,5795.02,1302.0200000000004
305,KM.LABOBAR,SURABAYA,62,5680.0,5773.0,0.0,5776.0,1119.0
286,KM.LAWIT,SAMPIT,55,5852.0,5885.0,1.0,5905.0,1529.0
288,KM.BUKITRAYA,BLINYU,16,5593.0,5593.0,0.0,5594.0,1267.0
293,KM.LAMBELU,PAREPARE,51,5754.98,5758.98,0.0,5760.98,1226.9799999999996
303,KM.SIRIMAU,AMBON,2,5889.0,5889.0,0.0,5892.0,974.0
286,KM.LAWIT,SURABAYA,62,5933.0,5933.0,0.0,5935.0,1529.0
291,KM.SINABUNG,MAKASSAR,40,5810.02,5810.02,0.0,5812.02,1302.0200000000004
333,KM.BINAIYA,BENOA,12,4744.0,5717.0,0.0,5732.0,973.0
325,KM.SANGIANG,BITUNG,15,4596.0,5760.02,0.0,5767.02,1164.0200000000004
339,KM.KELIMUTU,TANJUNGPRIOK,65,4836.0,5422.0,0.0,5455.0,586.0
331,KM.WILIS,BATULICIN,9,4695.0,5613.98,0.0,5642.98,918.9799999999996
335,KM.KELUD,TANJUNGPRIOK,65,4756.0,5455.0,0.0,5472.0,699.0
326,KFC.JETLINER,KENDARI,30,4629.0,5666.0,0.0,5676.0,1037.0
331,KM.WILIS,MAKASSAR,40,5672.98,5782.02,0.0,5788.02,1028.0200000000004
342,KM.NGGAPULU,TANJUNGPRIOK,65,4876.0,5472.0,0.0,5501.0,596.0
319,KM.TILONGKABILA,BENOA,12,4544.0,5732.0,0.0,5757.0,1188.0
326,KFC.JETLINER,WANCI,74,5689.0,5867.0,0.0,5869.0,1215.0
342,KM.NGGAPULU,SURABAYA,62,5528.0,5776.0,0.0,5780.0,844.0
328,KM.TATAMAILAU,BITUNG,15,4673.0,5767.02,0.0,5776.02,1094.0200000000004
328,KM.TATAMAILAU,TERNATE,68,5790.02,5790.02,0.0,5791.02,1094.0200000000004
338,KFC.JETLINER,KENDARI,30,4797.0,5676.0,0.0,5686.0,879.0
339,KM.KELIMUTU,TANJUNGPANDAN,64,5473.0,5787.0,0.0,5789.0,900.0
325,KM.SANGIANG,TERNATE,68,5787.02,5791.02,0.0,5794.02,1168.0200000000004
346,KM.KELUD,TANJUNGPRIOK,65,4924.0,5501.0,0.0,5523.0,577.0
341,KM.LAMBELU,MAKASSAR,40,4875.0,5788.02,0.0,5796.02,913.0200000000004
337,KM.DOBONSOLO,TANJUNGPRIOK,65,4781.0,5523.0,0.0,5534.0,742.0
328,KM.TATAMAILAU,AMBON,2,5816.02,5816.02,0.0,5818.02,1094.0200000000004
319,KM.TILONGKABILA,LEMBAR,36,5763.0,5763.0,0.0,5765.0,1188.0
345,KM.LABOBAR,AMBON,2,4924.0,5818.02,0.0,5822.02,894.0200000000004
323,KM.DOROLONDA,SURABAYA,62,4588.0,5780.0,0.0,5796.0,1192.0
325,KM.SANGIANG,BACAN,4,5807.02,5807.02,0.0,5809.02,1168.0200000000004
328,KM.TATAMAILAU,TUAL,71,5844.02,5844.02,0.0,5848.02,1094.0200000000004
345,KM.LABOBAR,BANDA,6,5830.02,5830.02,0.0,5832.02,894.0200000000004
334,KM.PANGRANGO,AMBON,2,4750.0,5822.02,0.0,5838.02,1072.0200000000004
328,KM.TATAMAILAU,DOBO,20,5857.02,5857.02,0.0,5859.02,1094.0200000000004
340,KM.SANGIANG,BITUNG,15,4840.0,5776.02,0.0,5820.02,936.0200000000004
328,KM.TATAMAILAU,TIMIKA,70,5879.02,5886.0,0.0,5888.0,1101.0
329,KM.CIREMAI,TANJUNGPRIOK,65,4680.0,5534.0,0.0,5546.0,854.0
336,KM.LAWIT,KUMAI,32,4763.0,5733.0,1.0,5737.0,971.0
331,KM.WILIS,LABUANBAJO,34,5812.02,5812.02,0.0,5813.02,1028.0200000000004
330,KM.LABOBAR,TANJUNGPRIOK,65,4684.0,5546.0,0.0,5561.0,862.0
320,KM.NGGAPULU,TANJUNGPRIOK,65,4550.0,5561.0,0.0,5580.0,1011.0
319,KM.TILONGKABILA,BIMA,14,5783.0,5783.0,0.0,5787.0,1188.0
322,KM.KELIMUTU,TANJUNGPRIOK,65,4570.0,5580.0,-4.369837824924616e-13,5593.98,1010.0
344,KM.AWU,KUMAI,32,4899.0,5739.0,0.0,5773.0,840.0
343,KM.TILONGKABILA,BENOA,12,4880.0,5757.0,0.0,5782.0,877.0
341,KM.LAMBELU,PAREPARE,51,5801.02,5801.02,0.0,5804.02,913.0200000000004
348,KM.BUKITSIGUNTANG,MAKASSAR,40,4957.0,5796.02,0.0,5806.02,839.0200000000004
324,KM.KELUD,TANJUNGPRIOK,65,4588.0,5593.98,0.0,5615.98,1005.9799999999996
337,KM.DOBONSOLO,SURABAYA,62,5560.0,5796.0,0.0,5799.0,978.0
333,KM.BINAIYA,BIMA,14,5755.0,5787.0,0.0,5789.0,1005.0
341,KM.LAMBELU,BALIKPAPAN,5,5820.02,5820.02,0.0,5822.02,913.0200000000004
348,KM.BUKITSIGUNTANG,PAREPARE,51,5811.02,5811.02,0.0,5815.02,839.0200000000004
345,KM.LABOBAR,TUAL,71,5845.02,5848.02,0.0,5851.02,897.0200000000004
330,KM.LABOBAR,SURABAYA,62,5587.0,5799.0,0.0,5803.0,1074.0
321,KM.AWU,KUMAI,32,4563.0,5773.0,2.0,5809.0,1212.0
347,KM.SIRIMAU,SORONG,61,4950.0,5722.02,0.0,5726.02,772.0200000000004
347,KM.SIRIMAU,AMBON,2,5760.02,5838.02,0.0,5841.02,850.0200000000004
344,KM.AWU,SURABAYA,62,5801.0,5803.0,-4.369837824924616e-13,5809.98,842.0
341,KM.LAMBELU,TARAKAN,66,5848.02,5848.02,0.0,5851.02,913.0200000000004
327,KM.BUKITSIGUNTANG,MAKASSAR,40,4634.0,5806.02,0.0,5816.02,1172.0200000000004
332,KM.TIDAR,KIJANG,31,4718.0,5577.0,0.0,5580.0,859.0
320,KM.NGGAPULU,SURABAYA,62,5607.0,5809.98,0.0,5813.98,1213.9799999999996
332,KM.TIDAR,TANJUNGPRIOK,65,5614.0,5615.98,0.0,5621.98,860.9799999999996
320,KM.NGGAPULU,MAKASSAR,40,5842.98,5842.98,0.0,5846.98,1213.9799999999996
327,KM.BUKITSIGUNTANG,PAREPARE,51,5821.02,5821.02,0.0,5824.02,1172.0200000000004
335,KM.KELUD,BATAM,8,5504.0,5575.0,0.0,5580.0,770.0
345,KM.LABOBAR,DOBO,20,5858.02,5859.02,0.0,5862.02,898.0200000000004
323,KM.DOROLONDA,BALIKPAPAN,5,5827.0,5827.0,0.0,5830.0,1192.0
337,KM.DOBONSOLO,MAKASSAR,40,5828.0,5828.0,1.0,5833.0,979.0
323,KM.DOROLONDA,PANTOLOAN,50,5842.0,5842.0,0.0,5844.0,1192.0
323,KM.DOROLONDA,BITUNG,15,5874.0,5874.0,0.0,5879.0,1192.0
334,KM.PANGRANGO,BANDA,6,5855.02,5855.02,0.0,5888.02,1072.0200000000004
348,KM.BUKITSIGUNTANG,BALIKPAPAN,5,5830.02,5830.02,0.0,5832.02,839.0200000000004
340,KM.SANGIANG,TERNATE,68,5840.02,5840.02,0.0,5843.02,936.0200000000004
342,KM.NGGAPULU,MAKASSAR,40,5809.0,5833.0,0.0,5837.0,868.0
331,KM.WILIS,BIMA,14,5822.02,5822.02,0.0,5823.02,1028.0200000000004
320,KM.NGGAPULU,BAUBAU,10,5860.98,5860.98,0.0,5862.98,1213.9799999999996
337,KM.DOBONSOLO,BAUBAU,10,5848.0,5851.0,0.0,5853.0,982.0
329,KM.CIREMAI,SURABAYA,62,5573.0,5813.98,0.0,5816.98,1094.9799999999996
325,KM.SANGIANG,SANANA,56,5832.02,5832.02,0.0,5834.02,1168.0200000000004
344,KM.AWU,BENOA,12,5837.0,5837.0,0.0,5843.0,842.0
325,KM.SANGIANG,NAMLEA,46,5848.02,5848.02,0.0,5849.02,1168.0200000000004
319,KM.TILONGKABILA,LABUANBAJO,34,5794.0,5813.02,-4.3653969328261155e-13,5815.0,1207.0200000000004
329,KM.CIREMAI,MAKASSAR,40,5847.98,5852.0,0.0,5855.0,1099.0
347,KM.SIRIMAU,WANCI,74,5870.02,5870.02,0.0,5872.02,850.0200000000004
342,KM.NGGAPULU,BAUBAU,10,5851.0,5853.0,0.0,5855.0,870.0
319,KM.TILONGKABILA,MAKASSAR,40,5833.02,5846.98,0.0,5851.98,1220.9799999999996
333,KM.BINAIYA,LABUANBAJO,34,5797.0,5815.0,0.0,5817.0,1023.0
347,KM.SIRIMAU,BAUBAU,10,5880.02,5880.02,0.0,5883.02,850.0200000000004
343,KM.TILONGKABILA,LEMBAR,36,5788.0,5788.0,0.0,5790.0,877.0
337,KM.DOBONSOLO,SORONG,61,5894.0,5894.0,0.0,5897.0,982.0
331,KM.WILIS,WAIKELO,72,5834.02,5834.02,0.0,5835.02,1028.0200000000004
347,KM.SIRIMAU,MAUMERE,42,5903.02,5903.02,0.0,5905.02,850.0200000000004
323,KM.DOROLONDA,TERNATE,68,5889.0,5889.0,0.0,5891.0,1192.0
319,KM.TILONGKABILA,BAUBAU,10,5872.98,5872.98,0.0,5874.98,1220.9799999999996
341,KM.LAMBELU,NUNUKAN,49,5857.02,5857.02,0.0,5860.02,913.0200000000004
348,KM.BUKITSIGUNTANG,TARAKAN,66,5857.02,5857.02,0.0,5861.02,839.0200000000004
325,KM.SANGIANG,AMBON,2,5859.02,5859.02,0.0,5863.02,1168.0200000000004
348,KM.BUKITSIGUNTANG,NUNUKAN,49,5867.02,5867.02,0.0,5870.02,839.0200000000004
332,KM.TIDAR,SURABAYA,62,5650.98,5816.98,0.0,5819.98,1026.9799999999996
328,KM.TATAMAILAU,AGATS,1,5899.0,5899.0,7.02,5908.0,1108.0200000000004
321,KM.AWU,SURABAYA,62,5837.0,5837.0,-4.369837824924616e-13,5843.98,1212.0
338,KFC.JETLINER,WANCI,74,5699.0,5872.02,0.0,5874.02,1052.0200000000004
320,KM.NGGAPULU,NAMLEA,46,5885.98,5885.98,0.0,5887.98,1213.9799999999996
327,KM.BUKITSIGUNTANG,BALIKPAPAN,5,5839.02,5839.02,0.0,5841.02,1172.0200000000004
337,KM.DOBONSOLO,MANOKWARI,41,5911.0,5911.0,0.0,5913.0,982.0
324,KM.KELUD,BATAM,8,5647.98,5649.0,0.0,5653.0,1007.0
319,KM.TILONGKABILA,RAHA,53,5878.98,5878.98,0.0,5880.98,1220.9799999999996
320,KM.NGGAPULU,AMBON,2,5893.98,5893.98,0.0,5897.98,1213.9799999999996
347,KM.SIRIMAU,LEWOLEBA,38,5915.02,5915.02,0.0,5917.02,850.0200000000004
319,KM.TILONGKABILA,KENDARI,30,5886.98,5886.98,0.0,5890.98,1220.9799999999996
328,KM.TATAMAILAU,MERAUKE,43,5952.02,5967.0,0.0,5989.0,1123.0
340,KM.SANGIANG,AMBON,2,5876.02,5892.0,0.0,5895.0,952.0
323,KM.DOROLONDA,SORONG,61,5910.0,5910.0,0.0,5913.0,1192.0
325,KM.SANGIANG,BANDA,6,5879.02,5888.02,0.0,5890.02,1177.0200000000004
328,KM.TATAMAILAU,AGATS,1,6028.0,6028.0,0.0,6029.0,1123.0
320,KM.NGGAPULU,TERNATE,68,5917.98,5917.98,0.0,5919.98,1213.9799999999996
332,KM.TIDAR,MAKASSAR,40,5850.98,5851.98,0.0,5854.98,1027.9799999999996
340,KM.SANGIANG,FAKFAK,22,5930.0,5930.0,0.0,5932.0,952.0
330,KM.LABOBAR,MAKASSAR,40,5832.0,5854.98,0.0,5857.98,1096.9799999999996
331,KM.WILIS,WAINGAPU,73,5844.02,5844.02,0.0,5848.02,1028.0200000000004
337,KM.DOBONSOLO,NABIRE,45,5924.0,5924.0,-4.3653969328261155e-13,5925.98,982.0
320,KM.NGGAPULU,JAILOLO,25,5921.98,5921.98,0.0,5923.98,1213.9799999999996
333,KM.BINAIYA,MAKASSAR,40,5836.0,5855.0,0.0,5860.0,1042.0
330,KM.LABOBAR,BAUBAU,10,5873.98,5874.98,0.0,5876.98,1097.9799999999996
331,KM.WILIS,ENDE,21,5859.02,5859.02,0.0,5861.02,1028.0200000000004
341,KM.LAMBELU,PANTOLOAN,50,5881.02,5881.02,0.0,5883.02,913.0200000000004
329,KM.CIREMAI,BAUBAU,10,5871.0,5876.98,0.0,5878.98,1104.9799999999996
329,KM.CIREMAI,AMBON,2,5905.98,5906.0,0.0,5909.0,1105.0
321,KM.AWU,BENOA,12,5871.0,5871.0,0.0,5877.0,1212.0
347,KM.SIRIMAU,KUPANG,33,5929.02,5929.02,0.0,5936.02,850.0200000000004
333,KM.BINAIYA,PAREPARE,51,5867.0,5867.0,0.0,5869.0,1042.0
343,KM.TILONGKABILA,BIMA,14,5808.0,5823.02,0.0,5827.02,892.0200000000004
348,KM.BUKITSIGUNTANG,BALIKPAPAN,5,5897.02,5897.02,0.0,5899.02,839.0200000000004
331,KM.WILIS,KUPANG,33,5877.02,5877.02,0.0,5885.02,1028.0200000000004
322,KM.KELIMUTU,TANJUNGPANDAN,64,5612.0,5789.0,0.0,5791.0,1187.0
329,KM.CIREMAI,SORONG,61,5931.0,5931.0,0.0,5933.0,1105.0
326,KFC.JETLINER,KENDARI,30,5882.0,5890.98,0.0,5896.98,1223.9799999999996
335,KM.KELUD,TANJUNGBALAIKARIMUN,63,5583.0,5583.0,0.0,5584.0,770.0
342,KM.NGGAPULU,NAMLEA,46,5878.0,5887.98,0.0,5889.98,879.9799999999996
348,KM.BUKITSIGUNTANG,PAREPARE,51,5914.02,5914.02,0.0,5918.02,839.0200000000004
334,KM.PANGRANGO,AMBON,2,5903.02,5903.02,0.0,5916.02,1072.0200000000004
335,KM.KELUD,BELAWAN,11,5607.0,5607.0,0.0,5631.0,770.0
328,KM.TATAMAILAU,TIMIKA,70,6040.0,6040.0,0.0,6050.0,1123.0
319,KM.TILONGKABILA,LUWUK,39,5907.98,5907.98,0.0,5910.98,1220.9799999999996
345,KM.LABOBAR,KAIMANA,27,5871.02,5871.02,0.0,5873.02,898.0200000000004
324,KM.KELUD,TANJUNGBALAIKARIMUN,63,5656.0,5656.0,0.0,5657.0,1007.0
347,KM.SIRIMAU,KALABAHI,28,5950.02,5950.02,0.0,5952.02,850.0200000000004
348,KM.BUKITSIGUNTANG,MAKASSAR,40,5923.02,5923.02,0.0,5928.02,839.0200000000004
346,KM.KELUD,BATAM,8,5555.0,5653.0,0.0,5657.0,675.0
319,KM.TILONGKABILA,GORONTALO,24,5921.98,5921.98,0.0,5923.98,1220.9799999999996
344,KM.AWU,BIMA,14,5864.0,5864.0,0.0,5866.0,842.0
323,KM.DOROLONDA,MANOKWARI,41,5925.0,5925.0,0.0,5927.0,1192.0
342,KM.NGGAPULU,AMBON,2,5895.98,5909.0,0.0,5913.0,893.0
341,KM.LAMBELU,BALIKPAPAN,5,5896.02,5899.02,0.0,5901.02,916.0200000000004
327,KM.BUKITSIGUNTANG,TARAKAN,66,5866.02,5866.02,0.0,5870.02,1172.0200000000004
339,KM.KELIMUTU,PONTIANAK,52,5812.0,5818.0,0.0,5821.0,906.0
319,KM.TILONGKABILA,BITUNG,15,5938.98,5938.98,0.0,5951.98,1220.9799999999996
347,KM.SIRIMAU,SAUMLAKI,57,5996.02,5996.02,0.0,5998.02,850.0200000000004
327,KM.BUKITSIGUNTANG,NUNUKAN,49,5876.02,5876.02,0.0,5878.02,1172.0200000000004
321,KM.AWU,BIMA,14,5898.0,5898.0,0.0,5900.0,1212.0
321,KM.AWU,WAINGAPU,73,5914.0,5914.0,0.0,5917.0,1212.0
319,KM.TILONGKABILA,GORONTALO,24,5966.98,5966.98,0.0,5968.98,1220.9799999999996
341,KM.LAMBELU,PAREPARE,51,5917.02,5918.02,0.0,5921.02,917.0200000000004
334,KM.PANGRANGO,NAMROLE,47,5927.02,5927.02,0.0,5929.02,1072.0200000000004
323,KM.DOROLONDA,NABIRE,45,5937.0,5937.0,0.0,5939.0,1192.0
334,KM.PANGRANGO,AMBON,2,5940.02,5940.02,-4.3653969328261155e-13,5944.0,1072.0200000000004
347,KM.SIRIMAU,TUAL,71,6018.02,6018.02,0.0,6023.02,850.0200000000004
332,KM.TIDAR,BAUBAU,10,5870.98,5878.98,0.0,5881.98,1035.9799999999996
332,KM.TIDAR,MAUMERE,42,5895.98,5905.02,0.0,5907.02,1045.0200000000004
327,KM.BUKITSIGUNTANG,BALIKPAPAN,5,5905.02,5905.02,0.0,5907.02,1172.0200000000004
341,KM.LAMBELU,MAKASSAR,40,5926.02,5926.02,0.0,5929.02,917.0200000000004
335,KM.KELUD,TANJUNGBALAIKARIMUN,63,5654.0,5657.0,0.0,5658.0,773.0
346,KM.KELUD,TANJUNGBALAIKARIMUN,63,5660.0,5660.0,0.0,5661.0,675.0
326,KFC.JETLINER,WANCI,74,5909.98,5909.98,0.0,5911.98,1223.9799999999996
336,KM.LAWIT,SURABAYA,62,5765.0,5843.98,0.0,5848.98,1049.9799999999996
342,KM.NGGAPULU,TERNATE,68,5933.0,5933.0,0.0,5935.0,893.0
332,KM.TIDAR,LARANTUKA,35,5913.02,5913.02,0.0,5915.02,1045.0200000000004
331,KM.WILIS,KALABAHI,28,5902.02,5952.02,0.0,5964.02,1078.0200000000004
323,KM.DOROLONDA,SERUI,60,5945.0,5945.0,0.0,5947.0,1192.0
330,KM.LABOBAR,AMBON,2,5901.98,5916.02,0.0,5919.02,1112.0200000000004
329,KM.CIREMAI,NABIRE,45,5964.0,5964.0,0.0,5966.0,1105.0
330,KM.LABOBAR,BANDA,6,5927.02,5927.02,0.0,5929.02,1112.0200000000004
319,KM.TILONGKABILA,LUWUK,39,5979.98,5979.98,0.0,5981.98,1220.9799999999996
333,KM.BINAIYA,BONTANG,17,5896.0,5896.0,0.0,5899.0,1042.0
339,KM.KELIMUTU,SEMARANG,58,5861.0,5861.0,0.0,5879.0,906.0
347,KM.SIRIMAU,DOBO,20,6043.02,6043.02,0.0,6045.02,850.0200000000004
338,KFC.JETLINER,KENDARI,30,5887.02,5896.98,0.0,5902.98,1061.9799999999996
333,KM.BINAIYA,PAREPARE,51,5926.0,5926.0,0.0,5928.0,1042.0
348,KM.BUKITSIGUNTANG,MAUMERE,42,5946.02,5946.02,0.0,5948.02,839.0200000000004
341,KM.LAMBELU,BAUBAU,10,5944.02,5944.02,0.0,5946.02,917.0200000000004
345,KM.LABOBAR,FAKFAK,22,5883.02,5932.0,0.0,5935.0,947.0
342,KM.NGGAPULU,JAILOLO,25,5937.0,5937.0,0.0,5939.0,893.0
341,KM.LAMBELU,MAUMERE,42,5959.02,5959.02,0.0,5961.02,917.0200000000004
346,KM.KELUD,BELAWAN,11,5684.0,5684.0,0.0,5704.0,675.0
332,KM.TIDAR,LEWOLEBA,38,5918.02,5918.02,0.0,5920.02,1045.0200000000004
321,KM.AWU,ENDE,21,5926.0,5926.0,0.0,5928.0,1212.0
339,KM.KELIMUTU,KUMAI,32,5903.0,5907.0,0.0,5910.0,910.0
340,KM.SANGIANG,AMBON,2,5964.0,5964.0,-4.3653969328261155e-13,5967.98,952.0
344,KM.AWU,WAINGAPU,73,5880.0,5917.0,0.0,5920.0,879.0
327,KM.BUKITSIGUNTANG,PAREPARE,51,5922.02,5928.0,0.0,5931.0,1178.0
333,KM.BINAIYA,MAKASSAR,40,5935.0,5935.0,0.0,5940.0,1042.0
338,KFC.JETLINER,WANCI,74,5915.98,5915.98,0.0,5917.98,1061.9799999999996
329,KM.CIREMAI,SERUI,60,5973.0,5973.0,0.0,5975.0,1105.0
347,KM.SIRIMAU,TIMIKA,70,6065.02,6066.0,0.0,6068.0,851.0
327,KM.BUKITSIGUNTANG,MAKASSAR,40,5936.0,5936.0,0.0,5941.0,1178.0
347,KM.SIRIMAU,AGATS,1,6080.0,6080.0,0.0,6088.0,851.0
322,KM.KELIMUTU,PONTIANAK,52,5814.0,5821.0,0.0,5824.0,1194.0
328,KM.TATAMAILAU,DOBO,20,6065.0,6065.0,-4.3653969328261155e-13,6066.98,1123.0
327,KM.BUKITSIGUNTANG,MAUMERE,42,5959.0,5961.02,0.0,5963.02,1180.0200000000004
347,KM.SIRIMAU,MERAUKE,43,6130.0,6175.0,8.0,6198.0,904.0
342,KM.NGGAPULU,BITUNG,15,5948.0,5951.98,0.0,5958.98,896.9799999999996
325,KM.SANGIANG,GESER,23,5900.02,5900.02,0.0,5902.02,1177.0200000000004
348,KM.BUKITSIGUNTANG,LEWOLEBA,38,5954.02,5954.02,0.0,5956.02,839.0200000000004
343,KM.TILONGKABILA,LABUANBAJO,34,5834.02,5834.02,-4.3653969328261155e-13,5836.0,892.0200000000004
341,KM.LAMBELU,LARANTUKA,35,5966.02,5966.02,0.0,5968.02,917.0200000000004
337,KM.DOBONSOLO,BIAK,13,5935.0,5935.0,0.0,5937.0,982.0
332,KM.TIDAR,KUPANG,33,5928.02,5928.02,0.0,5932.02,1045.0200000000004
341,KM.LAMBELU,BAUBAU,10,5980.02,5980.02,0.0,5982.02,917.0200000000004
334,KM.PANGRANGO,BANDA,6,5961.02,5961.02,0.0,5963.02,1072.0200000000004
337,KM.DOBONSOLO,JAYAPURA,26,5957.0,5957.0,5.0,5968.0,987.0
323,KM.DOROLONDA,JAYAPURA,26,5966.0,5968.0,0.0,5973.0,1194.0
320,KM.NGGAPULU,BITUNG,15,5932.98,5958.98,0.0,5969.98,1239.9799999999996
341,KM.LAMBELU,MAKASSAR,40,5997.02,5997.02,0.0,6001.02,917.0200000000004
337,KM.DOBONSOLO,BIAK,13,5987.0,5987.0,0.0,5989.0,987.0
324,KM.KELUD,BELAWAN,11,5680.0,5704.0,0.0,5724.0,1031.0
323,KM.DOROLONDA,SERUI,60,5992.0,5992.0,-4.3653969328261155e-13,5993.98,1194.0
348,KM.BUKITSIGUNTANG,KUPANG,33,5963.02,5963.02,0.0,5968.02,839.0200000000004
342,KM.NGGAPULU,JAILOLO,25,5968.98,5968.98,0.0,5970.98,896.9799999999996
330,KM.LABOBAR,TUAL,71,5942.02,6023.02,0.0,6026.02,1193.0200000000004
330,KM.LABOBAR,DOBO,20,6033.02,6066.98,0.0,6069.98,1226.9799999999996
337,KM.DOBONSOLO,NABIRE,45,5999.0,5999.0,0.0,6001.0,987.0
339,KM.KELIMUTU,SURABAYA,62,5936.0,5936.0,0.0,5940.0,910.0
344,KM.AWU,ENDE,21,5929.0,5929.0,0.0,5931.0,879.0
337,KM.DOBONSOLO,MANOKWARI,41,6012.0,6012.0,0.0,6014.0,987.0
345,KM.LABOBAR,KAIMANA,27,5945.0,5945.0,0.0,5948.0,947.0
339,KM.KELIMUTU,BATULICIN,9,5971.0,5971.0,0.0,5973.0,910.0
344,KM.AWU,KUPANG,33,5944.0,5944.0,0.0,5949.0,879.0
338,KFC.JETLINER,KENDARI,30,5930.98,5930.98,0.0,5932.98,1061.9799999999996
339,KM.KELIMUTU,SURABAYA,62,6004.0,6004.0,0.0,6007.0,910.0
345,KM.LABOBAR,DOBO,20,5957.0,6069.98,0.0,6072.98,1059.9799999999996
333,KM.BINAIYA,LABUANBAJO,34,5960.0,5960.0,-4.3653969328261155e-13,5961.98,1042.0
325,KM.SANGIANG,FAKFAK,22,5914.02,5935.0,0.0,5942.0,1198.0
333,KM.BINAIYA,BIMA,14,5970.0,5970.0,0.0,5971.0,1042.0
323,KM.DOROLONDA,NABIRE,45,6000.0,6001.0,0.0,6003.0,1195.0
326,KFC.JETLINER,KENDARI,30,5924.98,5932.98,0.0,5934.98,1231.9799999999996
331,KM.WILIS,KUPANG,33,5980.02,5980.02,0.0,5988.02,1078.0200000000004
347,KM.SIRIMAU,AGATS,1,6239.0,6245.0,0.0,6249.0,910.0
322,KM.KELIMUTU,SEMARANG,58,5864.0,5879.0,0.0,5895.0,1209.0
333,KM.BINAIYA,BENOA,12,5994.0,5994.0,0.0,5998.0,1042.0
347,KM.SIRIMAU,TIMIKA,70,6263.0,6270.0,0.0,6272.0,917.0
336,KM.LAWIT,SAMPIT,55,5877.98,5909.0,1.0199999999999996,5930.0,1082.0200000000004
337,KM.DOBONSOLO,SORONG,61,6027.0,6028.0,0.0,6031.0,988.0
323,KM.DOROLONDA,MANOKWARI,41,6013.0,6014.0,0.0,6016.0,1196.0
333,KM.BINAIYA,BIMA,14,6021.0,6021.0,0.0,6024.0,1042.0
338,KFC.JETLINER,RAHA,53,5940.98,5940.98,0.0,5941.98,1061.9799999999996
344,KM.AWU,KALABAHI,28,5962.0,5964.02,0.0,5967.02,881.0200000000004
348,KM.BUKITSIGUNTANG,LEWOLEBA,38,5975.02,5975.02,0.0,5977.02,839.0200000000004
326,KFC.JETLINER,RAHA,53,5942.98,5942.98,0.0,5943.98,1231.9799999999996
327,KM.BUKITSIGUNTANG,LEWOLEBA,38,5969.02,5977.02,0.0,5979.02,1188.0200000000004
337,KM.DOBONSOLO,BAUBAU,10,6069.0,6069.0,0.0,6071.0,988.0
341,KM.LAMBELU,PAREPARE,51,6006.02,6006.02,0.0,6011.02,917.0200000000004
345,KM.LABOBAR,TUAL,71,6079.98,6079.98,0.0,6081.98,1059.9799999999996
327,KM.BUKITSIGUNTANG,KUPANG,33,5986.02,5986.02,0.0,5990.02,1188.0200000000004
328,KM.TATAMAILAU,TUAL,71,6076.0,6081.98,0.0,6084.98,1128.9799999999996
319,KM.TILONGKABILA,KENDARI,30,5999.98,5999.98,0.0,6003.98,1220.9799999999996
332,KM.TIDAR,LEWOLEBA,38,5940.02,5979.02,0.0,5981.02,1084.0200000000004
321,KM.AWU,KUPANG,33,5941.0,5988.02,0.0,5993.02,1259.0200000000004
329,KM.CIREMAI,JAYAPURA,26,5996.0,5996.0,3.0199999999999996,6004.0,1108.0200000000004
320,KM.NGGAPULU,JAILOLO,25,5979.98,5979.98,0.0,5981.98,1239.9799999999996
347,KM.SIRIMAU,DOBO,20,6290.0,6290.0,0.0,6292.0,917.0
344,KM.AWU,KUPANG,33,5980.02,5990.02,0.0,5995.02,891.0200000000004
348,KM.BUKITSIGUNTANG,MAUMERE,42,5983.02,5983.02,0.0,5985.02,839.0200000000004
346,KM.KELUD,TANJUNGBALAIKARIMUN,63,5727.0,5727.0,0.0,5728.0,675.0
336,KM.LAWIT,SEMARANG,58,5962.02,5962.02,0.0,5964.02,1082.0200000000004
320,KM.NGGAPULU,TERNATE,68,5983.98,5983.98,0.0,5985.98,1239.9799999999996
327,KM.BUKITSIGUNTANG,LEWOLEBA,38,5997.02,5997.02,0.0,5999.02,1188.0200000000004
336,KM.LAWIT,KUMAI,32,5989.02,5990.0,0.0,5992.0,1083.0
321,KM.AWU,KALABAHI,28,6006.02,6006.02,0.0,6009.02,1259.0200000000004
342,KM.NGGAPULU,TERNATE,68,5972.98,5985.98,0.0,5987.98,909.9799999999996
331,KM.WILIS,ENDE,21,6004.02,6004.02,0.0,6006.02,1078.0200000000004
338,KFC.JETLINER,KENDARI,30,5949.98,6003.98,0.0,6005.98,1115.9799999999996
336,KM.LAWIT,SEMARANG,58,6017.0,6017.0,0.0,6025.0,1083.0
342,KM.NGGAPULU,AMBON,2,6007.98,6007.98,0.0,6010.98,909.9799999999996
344,KM.AWU,ENDE,21,6008.02,6008.02,0.0,6010.02,891.0200000000004
341,KM.LAMBELU,BALIKPAPAN,5,6027.02,6027.02,-4.3653969328261155e-13,6029.0,917.0200000000004
339,KM.KELIMUTU,KUMAI,32,6033.0,6033.0,0.0,6035.0,910.0
345,KM.LABOBAR,BANDA,6,6094.98,6094.98,0.0,6096.98,1059.9799999999996
344,KM.AWU,WAINGAPU,73,6019.02,6019.02,0.0,6022.02,891.0200000000004
345,KM.LABOBAR,AMBON,2,6104.98,6104.98,0.0,6106.98,1059.9799999999996
323,KM.DOROLONDA,SORONG,61,6032.0,6032.0,0.0,6036.0,1196.0
333,KM.BINAIYA,WAINGAPU,73,6038.0,6038.0,0.0,6040.0,1042.0
330,KM.LABOBAR,KAIMANA,27,6078.98,6078.98,0.0,6080.98,1226.9799999999996
342,KM.NGGAPULU,NAMLEA,46,6015.98,6015.98,0.0,6017.98,909.9799999999996
347,KM.SIRIMAU,TUAL,71,6302.0,6302.0,0.0,6307.0,917.0
341,KM.LAMBELU,PANTOLOAN,50,6042.02,6042.02,0.0,6044.02,917.0200000000004
331,KM.WILIS,WAINGAPU,73,6017.02,6040.0,0.0,6042.0,1101.0
320,KM.NGGAPULU,AMBON,2,6005.98,6010.98,0.0,6013.98,1244.9799999999996
348,KM.BUKITSIGUNTANG,MAKASSAR,40,6003.02,6003.02,0.0,6008.02,839.0200000000004
348,KM.BUKITSIGUNTANG,PAREPARE,51,6013.02,6013.02,0.0,6016.02,839.0200000000004
332,KM.TIDAR,LARANTUKA,35,5984.02,5984.02,0.0,5986.02,1084.0200000000004
330,KM.LABOBAR,FAKFAK,22,6090.98,6090.98,0.0,6093.98,1226.9799999999996
321,KM.AWU,KUPANG,33,6022.02,6022.02,0.0,6027.02,1259.0200000000004
330,KM.LABOBAR,KAIMANA,27,6103.98,6103.98,0.0,6106.98,1226.9799999999996
327,KM.BUKITSIGUNTANG,MAUMERE,42,6005.02,6005.02,0.0,6007.02,1188.0200000000004
339,KM.KELIMUTU,SEMARANG,58,6058.0,6058.0,0.0,6063.0,910.0
329,KM.CIREMAI,SERUI,60,6024.02,6024.02,0.0,6026.02,1108.0200000000004
327,KM.BUKITSIGUNTANG,MAKASSAR,40,6025.02,6025.02,0.0,6030.02,1188.0200000000004
319,KM.TILONGKABILA,RAHA,53,6010.98,6010.98,0.0,6011.98,1220.9799999999996
331,KM.WILIS,WAIKELO,72,6051.0,6051.0,0.0,6052.0,1101.0
325,KM.SANGIANG,AMBON,2,5974.0,6013.98,0.0,6022.98,1237.9799999999996
330,KM.LABOBAR,DOBO,20,6115.98,6292.0,0.0,6295.0,1403.0
327,KM.BUKITSIGUNTANG,PAREPARE,51,6035.02,6035.02,0.0,6038.02,1188.0200000000004
345,KM.LABOBAR,BAUBAU,10,6129.98,6129.98,0.0,6131.98,1059.9799999999996
330,KM.LABOBAR,TUAL,71,6302.0,6307.0,0.0,6310.0,1408.0
338,KFC.JETLINER,WANCI,74,6018.98,6018.98,0.0,6020.98,1115.9799999999996
348,KM.BUKITSIGUNTANG,BALIKPAPAN,5,6032.02,6032.02,0.0,6034.02,839.0200000000004
347,KM.SIRIMAU,SAUMLAKI,57,6326.0,6326.0,0.0,6328.0,917.0
329,KM.CIREMAI,NABIRE,45,6032.02,6032.02,0.0,6034.02,1108.0200000000004
320,KM.NGGAPULU,NAMLEA,46,6018.98,6018.98,-4.3653969328261155e-13,6020.959999999999,1244.9799999999996
322,KM.KELIMUTU,KUMAI,32,5919.0,6035.0,0.0,6039.0,1325.0
328,KM.TATAMAILAU,AMBON,2,6110.98,6110.98,0.0,6112.98,1128.9799999999996
338,KFC.JETLINER,KENDARI,30,6033.98,6033.98,0.0,6052.98,1115.9799999999996
319,KM.TILONGKABILA,BAUBAU,10,6016.98,6071.0,0.0,6073.0,1275.0
334,KM.PANGRANGO,SAUMLAKI,57,5996.02,6328.0,0.0,6332.0,1404.0
335,KM.KELUD,BATAM,8,5661.0,5661.0,0.0,5665.0,773.0
347,KM.SIRIMAU,KALABAHI,28,6373.0,6373.0,0.0,6375.0,917.0
329,KM.CIREMAI,SORONG,61,6058.02,6059.0,4.0,6065.0,1113.0
338,KFC.JETLINER,WANCI,74,6065.98,6065.98,0.0,6067.98,1115.9799999999996
347,KM.SIRIMAU,KUPANG,33,6388.0,6388.0,0.0,6392.0,917.0
327,KM.BUKITSIGUNTANG,BALIKPAPAN,5,6054.02,6054.02,0.0,6056.02,1188.0200000000004
327,KM.BUKITSIGUNTANG,TARAKAN,66,6080.02,6080.02,-4.3653969328261155e-13,6084.0,1188.0200000000004
326,KFC.JETLINER,KENDARI,30,5951.98,6052.98,0.0,6054.98,1332.9799999999996
348,KM.BUKITSIGUNTANG,TARAKAN,66,6058.02,6084.0,0.0,6088.0,865.0
348,KM.BUKITSIGUNTANG,NUNUKAN,49,6094.0,6094.0,0.0,6096.0,865.0
332,KM.TIDAR,MAUMERE,42,5992.02,6007.02,0.0,6009.02,1099.0200000000004
319,KM.TILONGKABILA,MAKASSAR,40,6095.0,6095.0,0.0,6100.0,1275.0
323,KM.DOROLONDA,TERNATE,68,6055.0,6055.0,0.0,6057.0,1196.0
341,KM.LAMBELU,TARAKAN,66,6063.02,6088.0,0.0,6092.0,942.0
348,KM.BUKITSIGUNTANG,BALIKPAPAN,5,6123.0,6123.0,0.0,6125.0,865.0
334,KM.PANGRANGO,BANDA,6,6360.0,6360.0,0.0,6362.0,1404.0
331,KM.WILIS,BIMA,14,6063.0,6063.0,0.0,6065.0,1101.0
334,KM.PANGRANGO,AMBON,2,6377.0,6377.0,0.0,6389.0,1404.0
323,KM.DOROLONDA,BITUNG,15,6067.0,6067.0,0.0,6070.0,1196.0
326,KFC.JETLINER,WANCI,74,6067.98,6067.98,0.0,6069.98,1332.9799999999996
343,KM.TILONGKABILA,MAKASSAR,40,5854.02,6030.02,0.0,6035.02,1068.0200000000004
329,KM.CIREMAI,AMBON,2,6087.0,6113.0,0.0,6115.0,1139.0
334,KM.PANGRANGO,BANDA,6,6406.0,6406.0,0.0,6408.0,1404.0
348,KM.BUKITSIGUNTANG,PAREPARE,51,6141.0,6141.0,0.0,6144.0,865.0
319,KM.TILONGKABILA,LABUANBAJO,34,6118.0,6118.0,0.0,6120.0,1275.0
332,KM.TIDAR,BAUBAU,10,6022.02,6073.0,0.0,6076.0,1150.0
327,KM.BUKITSIGUNTANG,NUNUKAN,49,6090.02,6096.0,0.0,6098.0,1194.0
333,KM.BINAIYA,ENDE,21,6049.0,6049.0,0.0,6051.0,1042.0
323,KM.DOROLONDA,PANTOLOAN,50,6099.0,6099.0,0.0,6101.0,1196.0
334,KM.PANGRANGO,SAUMLAKI,57,6441.0,6441.0,0.0,6445.0,1404.0
322,KM.KELIMUTU,SEMARANG,58,6063.0,6063.0,0.0,6070.0,1325.0
321,KM.AWU,ENDE,21,6040.02,6051.0,0.0,6053.0,1270.0
346,KM.KELUD,BATAM,8,5731.0,5733.0,0.0,5737.0,677.0
343,KM.TILONGKABILA,BAUBAU,10,6056.02,6076.0,0.0,6191.0,1088.0
329,KM.CIREMAI,BAUBAU,10,6139.0,6139.0,0.0,6141.0,1139.0
336,KM.LAWIT,KARIMUNJAWA,29,6032.0,6032.0,0.0,6066.0,1083.0
332,KM.TIDAR,MAKASSAR,40,6093.0,6093.0,0.0,6097.0,1150.0
339,KM.KELIMUTU,PONTIANAK,52,6109.0,6128.0,0.0,6131.0,929.0
337,KM.DOBONSOLO,MAKASSAR,40,6086.0,6100.0,0.0,6103.0,1002.0
347,KM.SIRIMAU,LEWOLEBA,38,6403.0,6403.0,0.0,6404.0,917.0
341,KM.LAMBELU,NUNUKAN,49,6098.0,6098.0,0.0,6101.0,942.0
333,KM.BINAIYA,KUPANG,33,6064.0,6064.0,0.0,6068.0,1042.0
320,KM.NGGAPULU,BAUBAU,10,6042.98,6141.0,-4.3653969328261155e-13,6142.98,1343.0
327,KM.BUKITSIGUNTANG,BALIKPAPAN,5,6125.0,6125.0,0.0,6127.0,1194.0
342,KM.NGGAPULU,BAUBAU,10,6039.98,6142.98,0.0,6144.98,1012.9799999999996
344,KM.AWU,BIMA,14,6036.02,6065.0,0.0,6067.0,920.0
336,KM.LAWIT,SEMARANG,58,6073.0,6073.0,0.0,6076.0,1083.0
323,KM.DOROLONDA,BALIKPAPAN,5,6113.0,6127.0,-4.3653969328261155e-13,6129.98,1210.0
326,KFC.JETLINER,KENDARI,30,6082.98,6082.98,0.0,6101.98,1332.9799999999996
319,KM.TILONGKABILA,BIMA,14,6127.0,6127.0,0.0,6129.0,1275.0
336,KM.LAWIT,SAMPIT,55,6110.0,6245.0,0.0,6265.0,1218.0
347,KM.SIRIMAU,MAUMERE,42,6414.0,6414.0,0.0,6416.0,917.0
330,KM.LABOBAR,BANDA,6,6322.0,6408.0,0.0,6410.0,1494.0
331,KM.WILIS,LABUANBAJO,34,6074.0,6120.0,0.0,6121.0,1147.0
331,KM.WILIS,MAKASSAR,40,6145.0,6145.0,0.0,6148.0,1147.0
321,KM.AWU,WAINGAPU,73,6062.0,6062.0,0.0,6065.0,1270.0
322,KM.KELIMUTU,PONTIANAK,52,6117.0,6131.0,16.0,6151.0,1355.0
332,KM.TIDAR,SURABAYA,62,6128.0,6128.0,0.0,6130.0,1150.0
325,KM.SANGIANG,TERNATE,68,6058.98,6058.98,0.0,6060.98,1237.9799999999996
339,KM.KELIMUTU,TANJUNGPANDAN,64,6151.0,6151.0,0.0,6153.0,929.0
336,KM.LAWIT,SURABAYA,62,6293.0,6293.0,0.0,6295.0,1218.0
342,KM.NGGAPULU,MAKASSAR,40,6160.98,6160.98,0.0,6163.98,1012.9799999999996
347,KM.SIRIMAU,BAUBAU,10,6435.0,6435.0,0.0,6438.0,917.0
347,KM.SIRIMAU,WANCI,74,6446.0,6446.0,0.0,6447.0,917.0
342,KM.NGGAPULU,SURABAYA,62,6191.98,6191.98,0.0,6194.98,1012.9799999999996
333,KM.BINAIYA,ENDE,21,6081.0,6081.0,0.0,6083.0,1042.0
327,KM.BUKITSIGUNTANG,PAREPARE,51,6143.0,6144.0,0.0,6147.0,1195.0
341,KM.LAMBELU,BALIKPAPAN,5,6128.0,6129.98,0.0,6131.98,943.9799999999996
320,KM.NGGAPULU,MAKASSAR,40,6159.0,6159.0,0.0,6162.0,1343.0
333,KM.BINAIYA,WAINGAPU,73,6092.0,6092.0,0.0,6094.0,1042.0
329,KM.CIREMAI,MAKASSAR,40,6157.0,6162.0,0.0,6164.0,1144.0
320,KM.NGGAPULU,SURABAYA,62,6190.0,6194.98,0.0,6197.98,1347.9799999999996
347,KM.SIRIMAU,AMBON,2,6475.0,6475.0,0.0,6478.0,917.0
321,KM.AWU,BIMA,14,6079.0,6129.0,0.0,6131.0,1320.0
344,KM.AWU,BENOA,12,6088.0,6088.0,0.0,6094.0,920.0
323,KM.DOROLONDA,SURABAYA,62,6160.0,6197.98,0.0,6200.98,1247.9799999999996
326,KFC.JETLINER,WANCI,74,6114.98,6447.0,0.0,6449.0,1665.0
321,KM.AWU,BENOA,12,6152.0,6152.0,0.0,6158.0,1320.0
340,KM.SANGIANG,TERNATE,68,6004.0,6060.98,0.0,6062.98,1008.9799999999996
324,KM.KELUD,TANJUNGBALAIKARIMUN,63,5747.0,5747.0,0.0,5748.0,1031.0
324,KM.KELUD,BATAM,8,5751.0,5751.0,2.0,5757.0,1033.0
345,KM.LABOBAR,MAKASSAR,40,6145.98,6163.98,-4.3653969328261155e-13,6165.959999999999,1077.9799999999996
332,KM.TIDAR,TANJUNGPRIOK,65,6159.0,6159.0,0.0,6161.0,1150.0
322,KM.KELIMUTU,TANJUNGPANDAN,64,6171.0,6171.0,0.0,6173.0,1355.0
345,KM.LABOBAR,SURABAYA,62,6190.98,6200.98,0.0,6203.98,1087.9799999999996
328,KM.TATAMAILAU,TERNATE,68,6138.98,6138.98,0.0,6139.98,1128.9799999999996
337,KM.DOBONSOLO,SURABAYA,62,6130.0,6203.98,0.0,6205.98,1075.9799999999996
341,KM.LAMBELU,PAREPARE,51,6147.98,6147.98,0.0,6149.98,943.9799999999996
345,KM.LABOBAR,TANJUNGPRIOK,65,6230.98,6230.98,0.0,6234.98,1087.9799999999996
319,KM.TILONGKABILA,LEMBAR,36,6147.0,6147.0,0.0,6149.0,1275.0
334,KM.PANGRANGO,BANDA,6,6473.0,6473.0,0.0,6475.0,1404.0
344,KM.AWU,SURABAYA,62,6122.0,6205.98,0.0,6210.98,1003.9799999999996
321,KM.AWU,SURABAYA,62,6186.0,6210.98,0.0,6215.98,1344.9799999999996
329,KM.CIREMAI,SURABAYA,62,6193.0,6215.98,0.0,6217.98,1166.9799999999996
333,KM.BINAIYA,BIMA,14,6108.0,6131.0,0.0,6132.0,1065.0
357,KM.CIREMAI,TANJUNGPRIOK,65,5086.0,6161.0,0.0,6178.0,1075.0
377,KM.WILIS,BATULICIN,9,5367.0,5973.0,0.0,5978.0,606.0
359,KM.BINAIYA,BENOA,12,5090.0,6158.0,0.0,6164.0,1068.0
352,KM.TATAMAILAU,BITUNG,15,5023.0,6070.0,0.0,6075.0,1047.0
375,KFC.JETLINER,KENDARI,30,5301.0,6101.98,0.0,6111.98,800.9799999999996
374,KM.GUNUNGDEMPO,TANJUNGPRIOK,65,5292.0,6178.0,-4.369837824924616e-13,6189.98,886.0
377,KM.WILIS,MAKASSAR,40,6008.0,6164.0,0.0,6170.0,762.0
355,KM.BUKITRAYA,TANJUNGPRIOK,65,5053.0,6189.98,0.0,6196.98,1136.9799999999996
374,KM.GUNUNGDEMPO,SURABAYA,62,6214.0,6217.98,0.0,6220.98,889.9799999999996
379,KM.TATAMAILAU,BITUNG,15,5381.0,6075.0,0.0,6091.0,694.0
377,KM.WILIS,LABUANBAJO,34,6194.0,6194.0,0.0,6195.0,762.0
354,KM.TIDAR,KIJANG,31,5045.0,5580.0,0.0,5586.0,535.0
373,KM.BUKITSIGUNTANG,MAKASSAR,40,5284.0,6165.959999999999,0.0,6187.959999999999,881.9599999999991
376,KM.LEUSER,SURABAYA,62,5317.0,6220.98,0.0,6257.98,903.9799999999996
379,KM.TATAMAILAU,TERNATE,68,6105.0,6139.98,0.0,6140.98,728.9799999999996
352,KM.TATAMAILAU,TIDORE,69,6088.0,6088.0,0.0,6089.0,1047.0
357,KM.CIREMAI,SURABAYA,62,6205.0,6257.98,0.0,6261.98,1127.9799999999996
375,KFC.JETLINER,WANCI,74,6124.98,6449.0,0.0,6451.0,1125.0
378,KM.TIDAR,KIJANG,31,5381.0,5586.0,0.0,5592.0,205.0
365,KM.NGGAPULU,TANJUNGPRIOK,65,5208.0,6196.98,0.0,6211.98,988.9799999999996
376,KM.LEUSER,BENOA,12,6285.98,6285.98,0.0,6288.98,903.9799999999996
361,KM.LAWIT,KUMAI,32,5105.0,6039.0,0.0,6042.0,934.0
368,KM.AWU,KUMAI,32,5235.0,6042.0,0.0,6076.0,807.0
377,KM.WILIS,BIMA,14,6204.0,6204.0,0.0,6205.0,762.0
374,KM.GUNUNGDEMPO,MAKASSAR,40,6247.98,6247.98,0.0,6251.98,889.9799999999996
362,KFC.JETLINER,KENDARI,30,5133.0,6111.98,0.0,6121.98,978.9799999999996
376,KM.LEUSER,BIMA,14,6310.98,6310.98,0.0,6312.98,903.9799999999996
365,KM.NGGAPULU,SURABAYA,62,6238.98,6261.98,0.0,6265.98,1011.9799999999996
353,KM.WILIS,BATULICIN,9,5031.0,5978.0,0.0,6007.0,947.0
370,KM.KELIMUTU,TANJUNGPRIOK,65,5242.0,6211.98,0.0,6222.98,969.9799999999996
352,KM.TATAMAILAU,SORONG,61,6113.0,6113.0,0.0,6116.0,1047.0
379,KM.TATAMAILAU,AMBON,2,6166.98,6389.0,0.0,6391.0,951.0
373,KM.BUKITSIGUNTANG,PAREPARE,51,6192.959999999999,6192.959999999999,0.0,6196.959999999999,881.9599999999991
372,KM.SANGIANG,BITUNG,15,5278.0,6091.0,0.0,6113.0,813.0
372,KM.SANGIANG,TERNATE,68,6133.0,6140.98,0.0,6145.98,820.9799999999996
379,KM.TATAMAILAU,TUAL,71,6418.0,6418.0,0.0,6422.0,951.0
353,KM.WILIS,MAKASSAR,40,6037.0,6187.959999999999,0.0,6193.959999999999,1097.9599999999991
358,KM.PANGRANGO,AMBON,2,5086.0,6391.0,0.0,6407.0,1305.0
353,KM.WILIS,LABUANBAJO,34,6217.959999999999,6217.959999999999,0.0,6218.959999999999,1097.9599999999991
374,KM.GUNUNGDEMPO,BAUBAU,10,6264.98,6264.98,0.0,6266.98,889.9799999999996
373,KM.BUKITSIGUNTANG,BALIKPAPAN,5,6211.959999999999,6211.959999999999,0.0,6214.959999999999,881.9599999999991
362,KFC.JETLINER,WANCI,74,6134.98,6451.0,0.0,6453.0,1295.0
368,KM.AWU,SURABAYA,62,6104.0,6265.98,-4.369837824924616e-13,6272.959999999999,968.9799999999996
354,KM.TIDAR,TANJUNGPRIOK,65,5621.0,6222.98,0.0,6232.98,1136.9799999999996
353,KM.WILIS,BIMA,14,6227.959999999999,6312.98,0.0,6313.98,1182.9799999999996
355,KM.BUKITRAYA,BLINYU,16,6224.98,6224.98,0.0,6225.98,1136.9799999999996
374,KM.GUNUNGDEMPO,NAMLEA,46,6290.98,6290.98,0.0,6292.98,889.9799999999996
371,KM.KELUD,TANJUNGPRIOK,65,5260.0,6232.98,0.0,6253.98,972.9799999999996
378,KM.TIDAR,TANJUNGPRIOK,65,5627.0,6234.98,0.0,6244.98,812.9799999999996
366,KM.LAMBELU,MAKASSAR,40,5211.0,6193.959999999999,0.0,6201.959999999999,982.9599999999991
359,KM.BINAIYA,BIMA,14,6187.0,6313.98,0.0,6315.98,1194.9799999999996
366,KM.LAMBELU,PAREPARE,51,6206.959999999999,6206.959999999999,0.0,6209.959999999999,982.9599999999991
364,KM.DOBONSOLO,TANJUNGPRIOK,65,5156.0,6244.98,0.0,6256.98,1088.9799999999996
353,KM.WILIS,WAIKELO,72,6324.98,6324.98,0.0,6325.98,1182.9799999999996
371,KM.KELUD,BATAM,8,6285.98,6286.0,4.0,6294.0,977.0
364,KM.DOBONSOLO,SURABAYA,62,6283.98,6283.98,0.0,6287.98,1088.9799999999996
365,KM.NGGAPULU,MAKASSAR,40,6294.98,6294.98,0.0,6297.98,1011.9799999999996
381,KM.BINAIYA,BENOA,12,5417.0,6288.98,0.0,6303.98,871.9799999999996
349,KFC.JETLINER,KENDARI,30,4965.0,6121.98,0.0,6131.98,1156.9799999999996
368,KM.AWU,BENOA,12,6299.98,6303.98,0.0,6309.98,972.9799999999996
373,KM.BUKITSIGUNTANG,TARAKAN,66,6239.959999999999,6239.959999999999,0.0,6243.959999999999,881.9599999999991
359,KM.BINAIYA,LABUANBAJO,34,6323.98,6323.98,0.0,6325.98,1194.9799999999996
352,KM.TATAMAILAU,FAKFAK,22,6131.0,6131.0,0.0,6134.0,1047.0
380,KM.BUKITRAYA,TANJUNGPRIOK,65,5385.0,6253.98,0.0,6262.98,868.9799999999996
380,KM.BUKITRAYA,BLINYU,16,6290.98,6290.98,0.0,6291.98,868.9799999999996
375,KFC.JETLINER,KENDARI,30,6464.0,6464.0,0.0,6470.0,1125.0
359,KM.BINAIYA,MAKASSAR,40,6345.98,6345.98,0.0,6350.98,1194.9799999999996
359,KM.BINAIYA,AWERANGE,3,6356.98,6356.98,0.0,6358.98,1194.9799999999996
358,KM.PANGRANGO,BANDA,6,6424.0,6475.0,0.0,6508.0,1356.0
372,KM.SANGIANG,AMBON,2,6178.98,6407.0,0.0,6414.0,1049.0
356,KM.SANGIANG,BITUNG,15,5071.0,6113.0,0.0,6118.0,1042.0
356,KM.SANGIANG,TERNATE,68,6138.0,6145.98,0.0,6148.98,1049.9799999999996
359,KM.BINAIYA,BONTANG,17,6386.98,6386.98,0.0,6389.98,1194.9799999999996
376,KM.LEUSER,LABUANBAJO,34,6320.98,6325.98,0.0,6327.98,908.9799999999996
372,KM.SANGIANG,FAKFAK,22,6450.0,6450.0,0.0,6466.0,1049.0
373,KM.BUKITSIGUNTANG,NUNUKAN,49,6249.959999999999,6249.959999999999,0.0,6252.959999999999,881.9599999999991
353,KM.WILIS,WAINGAPU,73,6334.98,6334.98,0.0,6338.98,1182.9799999999996
354,KM.TIDAR,SURABAYA,62,6261.98,6287.98,0.0,6290.98,1162.9799999999996
376,KM.LEUSER,MAKASSAR,40,6347.98,6347.98,0.0,6351.98,908.9799999999996
374,KM.GUNUNGDEMPO,AMBON,2,6297.98,6414.0,0.0,6417.0,1006.0
368,KM.AWU,BIMA,14,6330.98,6330.98,0.0,6332.98,972.9799999999996
354,KM.TIDAR,MAKASSAR,40,6322.98,6350.98,0.0,6353.98,1190.9799999999996
382,KM.PANGRANGO,AMBON,2,5422.0,6417.0,0.0,6433.0,995.0
371,KM.KELUD,TANJUNGBALAIKARIMUN,63,6297.0,6297.0,0.0,6298.0,977.0
378,KM.TIDAR,SURABAYA,62,6273.98,6290.98,0.0,6293.98,829.9799999999996
351,KM.SINABUNG,SURABAYA,62,4996.0,6293.98,0.0,6306.98,1297.9799999999996
370,KM.KELIMUTU,TANJUNGPANDAN,64,6241.98,6241.98,0.0,6243.98,969.9799999999996
374,KM.GUNUNGDEMPO,TERNATE,68,6437.0,6437.0,0.0,6439.0,1006.0
349,KFC.JETLINER,WANCI,74,6144.98,6453.0,0.0,6455.0,1465.0
371,KM.KELUD,BELAWAN,11,6321.0,6321.0,0.0,6342.0,977.0
351,KM.SINABUNG,MAKASSAR,40,6375.98,6375.98,0.0,6379.98,1297.9799999999996
368,KM.AWU,WAINGAPU,73,6346.98,6346.98,0.0,6349.98,972.9799999999996
371,KM.KELUD,TANJUNGBALAIKARIMUN,63,6365.0,6365.0,0.0,6366.0,977.0
373,KM.BUKITSIGUNTANG,BALIKPAPAN,5,6279.959999999999,6279.959999999999,0.0,6282.959999999999,881.9599999999991
381,KM.BINAIYA,BIMA,14,6326.98,6332.98,0.0,6334.98,877.9799999999996
377,KM.WILIS,WAIKELO,72,6216.0,6325.98,0.0,6326.98,871.9799999999996
378,KM.TIDAR,MAKASSAR,40,6325.98,6353.98,0.0,6356.98,857.9799999999996
366,KM.LAMBELU,BALIKPAPAN,5,6225.959999999999,6282.959999999999,0.0,6284.959999999999,1039.9599999999991
364,KM.DOBONSOLO,MAKASSAR,40,6319.98,6364.0,0.0,6368.0,1133.0
353,KM.WILIS,ENDE,21,6349.98,6349.98,0.0,6351.98,1182.9799999999996
366,KM.LAMBELU,TARAKAN,66,6310.959999999999,6310.959999999999,0.0,6313.959999999999,1039.9599999999991
376,KM.LEUSER,BAUBAU,10,6373.98,6373.98,0.0,6375.98,908.9799999999996
357,KM.CIREMAI,MAKASSAR,40,6293.98,6368.0,4.0,6376.0,1206.0
362,KFC.JETLINER,KENDARI,30,6466.0,6470.0,0.0,6476.0,1299.0
354,KM.TIDAR,BAUBAU,10,6369.98,6375.98,0.0,6378.98,1196.9799999999996
379,KM.TATAMAILAU,DOBO,20,6432.0,6432.0,0.0,6434.0,951.0
374,KM.GUNUNGDEMPO,BITUNG,15,6447.0,6447.0,0.0,6450.0,1006.0
379,KM.TATAMAILAU,TIMIKA,70,6452.0,6452.0,2.0,6457.0,953.0
380,KM.BUKITRAYA,KIJANG,31,6306.98,6306.98,0.0,6309.98,868.9799999999996
377,KM.WILIS,WAINGAPU,73,6338.98,6349.98,0.0,6353.98,882.9799999999996
365,KM.NGGAPULU,BAUBAU,10,6311.98,6378.98,0.0,6381.98,1078.9799999999996
377,KM.WILIS,ENDE,21,6364.98,6364.98,0.0,6366.98,882.9799999999996
349,KFC.JETLINER,KENDARI,30,6468.0,6476.0,0.0,6482.0,1473.0
351,KM.SINABUNG,BAUBAU,10,6416.98,6416.98,0.0,6419.98,1297.9799999999996
376,KM.LEUSER,WANCI,74,6383.98,6455.0,0.0,6457.0,980.0
353,KM.WILIS,KUPANG,33,6367.98,6367.98,0.0,6375.98,1182.9799999999996
376,KM.LEUSER,NAMROLE,47,6478.0,6478.0,0.0,6479.0,980.0
357,KM.CIREMAI,BAUBAU,10,6392.0,6419.98,0.0,6421.98,1233.9799999999996
361,KM.LAWIT,SEMARANG,58,6067.0,6076.0,0.0,6080.0,943.0
352,KM.TATAMAILAU,KAIMANA,27,6147.0,6147.0,0.0,6149.0,1047.0
380,KM.BUKITRAYA,LETUNG,37,6322.98,6322.98,0.0,6323.98,868.9799999999996
381,KM.BINAIYA,LABUANBAJO,34,6342.98,6342.98,0.0,6344.98,877.9799999999996
370,KM.KELIMUTU,PONTIANAK,52,6266.98,6279.0,0.0,6282.0,982.0
357,KM.CIREMAI,AMBON,2,6448.98,6449.0,0.0,6451.0,1234.0
380,KM.BUKITRAYA,TAREMPA,67,6327.98,6327.98,0.0,6329.98,868.9799999999996
351,KM.SINABUNG,BITUNG,15,6489.98,6489.98,0.0,6493.98,1297.9799999999996
353,KM.WILIS,KALABAHI,28,6392.98,6392.98,0.0,6404.98,1182.9799999999996
365,KM.NGGAPULU,AMBON,2,6406.98,6451.0,0.0,6454.0,1123.0
377,KM.WILIS,KUPANG,33,6382.98,6382.98,0.0,6390.98,882.9799999999996
373,KM.BUKITSIGUNTANG,PAREPARE,51,6297.959999999999,6297.959999999999,0.0,6300.959999999999,881.9599999999991
381,KM.BINAIYA,MAKASSAR,40,6364.98,6376.0,0.0,6381.0,889.0
357,KM.CIREMAI,SORONG,61,6479.0,6479.0,6.0,6488.0,1240.0
370,KM.KELIMUTU,SEMARANG,58,6322.0,6322.0,0.0,6338.0,982.0
378,KM.TIDAR,BAUBAU,10,6372.98,6421.98,0.0,6424.98,906.9799999999996
376,KM.LEUSER,AMBON,2,6489.0,6489.0,0.0,6491.0,980.0
381,KM.BINAIYA,PAREPARE,51,6388.0,6388.0,0.0,6390.0,889.0
353,KM.WILIS,KUPANG,33,6420.98,6420.98,0.0,6428.98,1182.9799999999996
358,KM.PANGRANGO,AMBON,2,6523.0,6523.0,0.0,6536.0,1356.0
373,KM.BUKITSIGUNTANG,MAKASSAR,40,6305.959999999999,6379.98,0.0,6384.98,955.9799999999996
366,KM.LAMBELU,NUNUKAN,49,6319.959999999999,6319.959999999999,0.0,6322.959999999999,1039.9599999999991
381,KM.BINAIYA,BONTANG,17,6417.0,6417.0,0.0,6420.0,889.0
355,KM.BUKITRAYA,KIJANG,31,6240.98,6309.98,0.0,6312.98,1205.9799999999996
374,KM.GUNUNGDEMPO,TERNATE,68,6458.0,6458.0,0.0,6460.0,1006.0
376,KM.LEUSER,SAUMLAKI,57,6522.0,6522.0,-4.3653969328261155e-13,6523.98,980.0
366,KM.LAMBELU,PANTOLOAN,50,6343.959999999999,6343.959999999999,0.0,6345.959999999999,1039.9599999999991
370,KM.KELIMUTU,KUMAI,32,6363.0,6363.0,0.0,6366.0,982.0
354,KM.TIDAR,MAUMERE,42,6392.98,6416.0,0.0,6418.0,1220.0
373,KM.BUKITSIGUNTANG,MAUMERE,42,6402.98,6418.0,0.0,6420.0,971.0
373,KM.BUKITSIGUNTANG,LEWOLEBA,38,6426.0,6426.0,0.0,6428.0,971.0
358,KM.PANGRANGO,NAMROLE,47,6547.0,6547.0,0.0,6549.0,1356.0
382,KM.PANGRANGO,BANDA,6,6450.0,6508.0,0.0,6541.0,1053.0
368,KM.AWU,ENDE,21,6358.98,6366.98,0.0,6368.98,980.9799999999996
364,KM.DOBONSOLO,BAUBAU,10,6384.0,6424.98,0.0,6427.98,1173.9799999999996
380,KM.BUKITRAYA,NATUNA,48,6340.98,6340.98,0.0,6343.98,868.9799999999996
376,KM.LEUSER,TUAL,71,6543.0,6543.0,-4.369837824924616e-13,6547.98,980.0
376,KM.LEUSER,DOBO,20,6559.0,6559.0,0.0,6562.0,980.0
377,KM.WILIS,KALABAHI,28,6407.98,6407.98,0.0,6413.98,882.9799999999996
376,KM.LEUSER,TIMIKA,70,6581.0,6581.0,0.0,6583.0,980.0
357,KM.CIREMAI,SERUI,60,6512.0,6512.0,0.0,6514.0,1240.0
368,KM.AWU,KUPANG,33,6381.98,6392.0,0.0,6397.0,991.0
373,KM.BUKITSIGUNTANG,KUPANG,33,6435.0,6435.0,0.0,6441.0,971.0
379,KM.TATAMAILAU,AGATS,1,6468.0,6468.0,6.0,6481.0,959.0
357,KM.CIREMAI,JAYAPURA,26,6536.0,6540.0,0.0,6544.0,1244.0
352,KM.TATAMAILAU,TUAL,71,6161.0,6547.98,0.0,6552.98,1433.9799999999996
365,KM.NGGAPULU,BANDA,6,6463.0,6541.0,0.0,6543.0,1201.0
372,KM.SANGIANG,GESER,23,6479.0,6479.0,0.0,6481.0,1049.0
357,KM.CIREMAI,SERUI,60,6564.0,6564.0,0.0,6566.0,1244.0
379,KM.TATAMAILAU,MERAUKE,43,6523.0,6569.0,25.0,6684.0,1030.0
351,KM.SINABUNG,TERNATE,68,6515.98,6515.98,0.0,6517.98,1297.9799999999996
352,KM.TATAMAILAU,TIMIKA,70,6575.98,6583.0,0.0,6585.0,1441.0
374,KM.GUNUNGDEMPO,AMBON,2,6480.0,6491.0,0.0,6493.0,1017.0
355,KM.BUKITRAYA,LETUNG,37,6325.98,6325.98,0.0,6326.98,1205.9799999999996
382,KM.PANGRANGO,AMBON,2,6556.0,6556.0,0.0,6569.0,1053.0
354,KM.TIDAR,LARANTUKA,35,6424.0,6424.0,0.0,6426.0,1220.0
352,KM.TATAMAILAU,AGATS,1,6598.0,6598.0,0.0,6602.0,1441.0
372,KM.SANGIANG,BANDA,6,6492.0,6543.0,0.0,6545.0,1100.0
364,KM.DOBONSOLO,SORONG,61,6468.98,6469.0,0.0,6472.0,1174.0
356,KM.SANGIANG,AMBON,2,6181.98,6536.0,0.0,6539.0,1404.0
360,KM.KELUD,TANJUNGPRIOK,65,5092.0,6256.98,0.0,6273.98,1164.9799999999996
357,KM.CIREMAI,SORONG,61,6589.0,6589.0,0.0,6592.0,1244.0
368,KM.AWU,KALABAHI,28,6410.0,6413.98,0.0,6416.98,994.9799999999996
375,KFC.JETLINER,WANCI,74,6483.0,6483.0,0.0,6485.0,1125.0
355,KM.BUKITRAYA,TAREMPA,67,6330.98,6330.98,0.0,6332.98,1205.9799999999996
359,KM.BINAIYA,PAREPARE,51,6416.98,6416.98,0.0,6418.98,1194.9799999999996
358,KM.PANGRANGO,AMBON,2,6560.0,6560.0,-4.3653969328261155e-13,6563.98,1356.0
376,KM.LEUSER,AGATS,1,6597.0,6603.0,0.0,6608.0,986.0
378,KM.TIDAR,MAUMERE,42,6438.98,6438.98,0.0,6440.98,906.9799999999996
365,KM.NGGAPULU,TUAL,71,6555.0,6555.0,0.0,6559.0,1201.0
364,KM.DOBONSOLO,MANOKWARI,41,6486.0,6486.0,0.0,6489.0,1174.0
380,KM.BUKITRAYA,MIDAI,44,6347.98,6347.98,0.0,6349.98,868.9799999999996
378,KM.TIDAR,LARANTUKA,35,6446.98,6446.98,0.0,6448.98,906.9799999999996
373,KM.BUKITSIGUNTANG,LEWOLEBA,38,6448.0,6448.0,0.0,6450.0,971.0
351,KM.SINABUNG,SORONG,61,6562.98,6562.98,0.0,6565.98,1297.9799999999996
359,KM.BINAIYA,BONTANG,17,6445.98,6445.98,0.0,6449.98,1194.9799999999996
355,KM.BUKITRAYA,NATUNA,48,6343.98,6343.98,0.0,6346.98,1205.9799999999996
374,KM.GUNUNGDEMPO,SORONG,61,6514.0,6565.98,0.0,6568.98,1068.9799999999996
359,KM.BINAIYA,AWERANGE,3,6476.98,6476.98,0.0,6478.98,1194.9799999999996
368,KM.AWU,KUPANG,33,6429.98,6429.98,0.0,6434.98,994.9799999999996
380,KM.BUKITRAYA,SERASAN,59,6357.98,6357.98,0.0,6359.98,868.9799999999996
355,KM.BUKITRAYA,MIDAI,44,6350.98,6350.98,0.0,6352.98,1205.9799999999996
360,KM.KELUD,BATAM,8,6305.98,6306.0,2.0,6313.0,1167.0
355,KM.BUKITRAYA,SERASAN,59,6360.98,6360.98,0.0,6362.98,1205.9799999999996
381,KM.BINAIYA,PAREPARE,51,6447.0,6447.0,0.0,6449.0,889.0
378,KM.TIDAR,LEWOLEBA,38,6451.98,6451.98,0.0,6453.98,906.9799999999996
354,KM.TIDAR,LEWOLEBA,38,6429.0,6453.98,0.0,6455.98,1244.9799999999996
356,KM.SANGIANG,FAKFAK,22,6584.0,6584.0,0.0,6585.0,1404.0
358,KM.PANGRANGO,BANDA,6,6581.0,6581.0,0.0,6583.0,1356.0
365,KM.NGGAPULU,DOBO,20,6566.0,6566.0,0.0,6569.0,1201.0
351,KM.SINABUNG,MANOKWARI,41,6593.98,6593.98,0.0,6595.98,1297.9799999999996
370,KM.KELIMUTU,SEMARANG,58,6390.0,6390.0,0.0,6396.0,982.0
351,KM.SINABUNG,BIAK,13,6613.98,6613.98,0.0,6615.98,1297.9799999999996
362,KFC.JETLINER,WANCI,74,6489.0,6489.0,0.0,6491.0,1299.0
374,KM.GUNUNGDEMPO,MANOKWARI,41,6580.98,6595.98,0.0,6597.98,1083.9799999999996
381,KM.BINAIYA,MAKASSAR,40,6456.0,6456.0,0.0,6459.0,889.0
357,KM.CIREMAI,AMBON,2,6614.0,6614.0,3.0,6619.0,1247.0
373,KM.BUKITSIGUNTANG,MAUMERE,42,6456.0,6456.0,0.0,6458.0,971.0
366,KM.LAMBELU,BALIKPAPAN,5,6358.959999999999,6358.959999999999,0.0,6360.959999999999,1039.9599999999991
355,KM.BUKITRAYA,PONTIANAK,52,6379.98,6380.0,6.0,6388.0,1212.0
380,KM.BUKITRAYA,PONTIANAK,52,6376.98,6390.0,9.0,6401.0,891.0
355,KM.BUKITRAYA,SURABAYA,62,6434.0,6434.0,0.0,6438.0,1212.0
370,KM.KELIMUTU,PONTIANAK,52,6439.0,6439.0,0.0,6441.0,982.0
360,KM.KELUD,TANJUNGBALAIKARIMUN,63,6316.0,6366.0,0.0,6367.0,1217.0
381,KM.BINAIYA,LABUANBAJO,34,6478.0,6478.0,0.0,6480.0,889.0
370,KM.KELIMUTU,TANJUNGPANDAN,64,6462.0,6462.0,0.0,6464.0,982.0
360,KM.KELUD,BELAWAN,11,6390.0,6390.0,0.0,6414.0,1217.0
357,KM.CIREMAI,BAUBAU,10,6643.0,6643.0,0.0,6645.0,1247.0
372,KM.SANGIANG,AMBON,2,6562.0,6569.0,-4.369837824924616e-13,6578.98,1107.0
365,KM.NGGAPULU,KAIMANA,27,6579.0,6579.0,0.0,6581.0,1201.0
376,KM.LEUSER,MERAUKE,43,6653.0,6686.0,0.0,6708.0,1019.0
365,KM.NGGAPULU,FAKFAK,22,6594.0,6594.0,0.0,6597.0,1201.0
382,KM.PANGRANGO,NAMROLE,47,6580.0,6580.0,0.0,6582.0,1053.0
378,KM.TIDAR,KUPANG,33,6461.98,6461.98,0.0,6465.98,906.9799999999996
374,KM.GUNUNGDEMPO,WASIOR,76,6604.98,6604.98,0.0,6605.98,1083.9799999999996
351,KM.SINABUNG,JAYAPURA,26,6654.98,6654.98,0.0,6659.98,1297.9799999999996
366,KM.LAMBELU,PAREPARE,51,6376.959999999999,6449.0,0.0,6452.0,1112.0
376,KM.LEUSER,AGATS,1,6749.0,6749.0,0.0,6751.0,1019.0
378,KM.TIDAR,LEWOLEBA,38,6473.98,6473.98,0.0,6475.98,906.9799999999996
382,KM.PANGRANGO,AMBON,2,6593.0,6593.0,-4.3653969328261155e-13,6596.98,1053.0
349,KFC.JETLINER,WANCI,74,6495.0,6495.0,0.0,6497.0,1473.0
366,KM.LAMBELU,MAKASSAR,40,6457.0,6457.0,0.0,6460.0,1112.0
349,KFC.JETLINER,KENDARI,30,6510.0,6510.0,0.0,6512.0,1473.0
355,KM.BUKITRAYA,PONTIANAK,52,6485.0,6488.0,0.0,6490.0,1215.0
359,KM.BINAIYA,MAKASSAR,40,6484.98,6484.98,0.0,6488.98,1194.9799999999996
366,KM.LAMBELU,BAUBAU,10,6475.0,6475.0,0.0,6477.0,1112.0
382,KM.PANGRANGO,BANDA,6,6614.0,6614.0,0.0,6616.0,1053.0
382,KM.PANGRANGO,SAUMLAKI,57,6649.0,6649.0,0.0,6653.0,1053.0
366,KM.LAMBELU,MAUMERE,42,6490.0,6490.0,0.0,6492.0,1112.0
382,KM.PANGRANGO,BANDA,6,6681.0,6681.0,0.0,6683.0,1053.0
359,KM.BINAIYA,LABUANBAJO,34,6507.98,6507.98,0.0,6509.98,1194.9799999999996
374,KM.GUNUNGDEMPO,NABIRE,45,6612.98,6612.98,0.0,6614.98,1083.9799999999996
351,KM.SINABUNG,MANOKWARI,41,6714.98,6714.98,0.0,6716.98,1297.9799999999996
379,KM.TATAMAILAU,AGATS,1,6721.0,6751.0,0.0,6754.0,1060.0
365,KM.NGGAPULU,KAIMANA,27,6609.0,6609.0,0.0,6611.0,1201.0
368,KM.AWU,ENDE,21,6447.98,6447.98,0.0,6449.98,994.9799999999996
381,KM.BINAIYA,BIMA,14,6488.0,6488.0,0.0,6489.0,889.0
349,KFC.JETLINER,RAHA,53,6520.0,6520.0,0.0,6521.0,1473.0
364,KM.DOBONSOLO,SORONG,61,6503.0,6569.0,0.0,6572.0,1240.0
366,KM.LAMBELU,LARANTUKA,35,6497.0,6497.0,0.0,6499.0,1112.0
366,KM.LAMBELU,BAUBAU,10,6511.0,6511.0,0.0,6513.0,1112.0
351,KM.SINABUNG,SORONG,61,6743.98,6743.98,0.0,6747.98,1297.9799999999996
365,KM.NGGAPULU,DOBO,20,6620.0,6620.0,0.0,6622.0,1201.0
376,KM.LEUSER,TIMIKA,70,6764.0,6764.0,3.0,6769.0,1022.0
349,KFC.JETLINER,KENDARI,30,6529.0,6529.0,0.0,6531.0,1473.0
375,KFC.JETLINER,KENDARI,30,6498.0,6531.0,0.0,6533.0,1158.0
366,KM.LAMBELU,MAKASSAR,40,6528.0,6528.0,0.0,6532.0,1112.0
373,KM.BUKITSIGUNTANG,MAKASSAR,40,6476.0,6488.98,0.0,6493.98,983.9799999999996
365,KM.NGGAPULU,TUAL,71,6629.0,6629.0,0.0,6631.0,1201.0
358,KM.PANGRANGO,SAUMLAKI,57,6616.0,6653.0,0.0,6657.0,1393.0
358,KM.PANGRANGO,BANDA,6,6685.0,6685.0,0.0,6687.0,1393.0
366,KM.LAMBELU,PAREPARE,51,6537.0,6537.0,0.0,6542.0,1112.0
374,KM.GUNUNGDEMPO,JAYAPURA,26,6636.98,6659.98,0.0,6664.98,1106.9799999999996
377,KM.WILIS,KUPANG,33,6429.98,6441.0,0.0,6449.0,894.0
376,KM.LEUSER,DOBO,20,6788.0,6788.0,0.0,6790.0,1022.0
362,KFC.JETLINER,KENDARI,30,6504.0,6533.0,0.0,6535.0,1328.0
366,KM.LAMBELU,BALIKPAPAN,5,6558.0,6558.0,-4.3653969328261155e-13,6559.98,1112.0
361,KM.LAWIT,KARIMUNJAWA,29,6087.0,6087.0,0.0,6089.0,943.0
380,KM.BUKITRAYA,SURABAYA,62,6447.0,6447.0,0.0,6452.0,891.0
349,KFC.JETLINER,WANCI,74,6544.0,6544.0,0.0,6546.0,1473.0
366,KM.LAMBELU,PANTOLOAN,50,6573.0,6573.0,0.0,6575.0,1112.0
358,KM.PANGRANGO,AMBON,2,6702.0,6702.0,0.0,6714.0,1393.0
365,KM.NGGAPULU,BANDA,6,6642.0,6687.0,0.0,6689.0,1246.0
376,KM.LEUSER,TUAL,71,6800.0,6800.0,0.0,6804.0,1022.0
359,KM.BINAIYA,BIMA,14,6517.98,6517.98,0.0,6518.98,1194.9799999999996
352,KM.TATAMAILAU,MERAUKE,43,6643.0,6710.0,3.0,6733.0,1511.0
380,KM.BUKITRAYA,PONTIANAK,52,6499.0,6513.0,0.0,6515.0,905.0
364,KM.DOBONSOLO,BAUBAU,10,6612.0,6612.0,0.0,6614.0,1240.0
354,KM.TIDAR,KUPANG,33,6463.98,6463.98,0.0,6467.98,1244.9799999999996
352,KM.TATAMAILAU,AGATS,1,6767.0,6767.0,0.0,6773.0,1511.0
374,KM.GUNUNGDEMPO,NABIRE,45,6687.98,6687.98,0.0,6689.98,1106.9799999999996
355,KM.BUKITRAYA,SERASAN,59,6504.0,6504.0,0.0,6506.0,1215.0
349,KFC.JETLINER,KENDARI,30,6559.0,6559.0,0.0,6578.0,1473.0
380,KM.BUKITRAYA,SERASAN,59,6529.0,6529.0,0.0,6531.0,905.0
351,KM.SINABUNG,BACAN,4,6762.98,6762.98,0.0,6763.98,1297.9799999999996
355,KM.BUKITRAYA,MIDAI,44,6514.0,6514.0,0.0,6515.0,1215.0
378,KM.TIDAR,LARANTUKA,35,6478.98,6499.0,0.0,6501.0,927.0
374,KM.GUNUNGDEMPO,WASIOR,76,6695.98,6695.98,0.0,6696.98,1106.9799999999996
362,KFC.JETLINER,RAHA,53,6543.0,6543.0,0.0,6544.0,1328.0
362,KFC.JETLINER,KENDARI,30,6552.0,6578.0,0.0,6580.0,1354.0
372,KM.SANGIANG,NAMLEA,46,6589.0,6589.0,0.0,6596.0,1107.0
354,KM.TIDAR,LEWOLEBA,38,6475.98,6475.98,0.0,6477.98,1244.9799999999996
375,KFC.JETLINER,RAHA,53,6541.0,6544.0,0.0,6545.0,1161.0
352,KM.TATAMAILAU,TIMIKA,70,6783.0,6787.0,0.0,6789.0,1515.0
360,KM.KELUD,TANJUNGBALAIKARIMUN,63,6437.0,6437.0,0.0,6438.0,1217.0
356,KM.SANGIANG,AMBON,2,6620.0,6620.0,0.0,6626.0,1404.0
362,KFC.JETLINER,WANCI,74,6593.0,6593.0,0.0,6595.0,1354.0
364,KM.DOBONSOLO,MAKASSAR,40,6629.0,6629.0,0.0,6632.0,1240.0
373,KM.BUKITSIGUNTANG,PAREPARE,51,6498.98,6542.0,0.0,6545.0,1027.0
378,KM.TIDAR,MAUMERE,42,6507.0,6507.0,0.0,6509.0,927.0
382,KM.PANGRANGO,AMBON,2,6698.0,6698.0,0.0,6710.0,1053.0
379,KM.TATAMAILAU,TIMIKA,70,6765.0,6789.0,2.0,6793.0,1086.0
353,KM.WILIS,ENDE,21,6444.98,6449.98,0.0,6451.98,1187.9799999999996
379,KM.TATAMAILAU,DOBO,20,6809.0,6809.0,0.0,6811.0,1086.0
376,KM.LEUSER,SAUMLAKI,57,6822.0,6822.0,0.0,6824.0,1022.0
380,KM.BUKITRAYA,MIDAI,44,6539.0,6539.0,0.0,6540.0,905.0
373,KM.BUKITSIGUNTANG,BALIKPAPAN,5,6561.0,6561.0,0.0,6563.0,1027.0
355,KM.BUKITRAYA,NATUNA,48,6519.0,6519.0,0.0,6521.0,1215.0
359,KM.BINAIYA,BENOA,12,6541.98,6541.98,0.0,6554.98,1194.9799999999996
372,KM.SANGIANG,SANANA,56,6609.0,6609.0,0.0,6611.0,1107.0
360,KM.KELUD,BATAM,8,6441.0,6441.0,0.0,6445.0,1217.0
358,KM.PANGRANGO,BANDA,6,6731.0,6731.0,0.0,6733.0,1393.0
353,KM.WILIS,WAINGAPU,73,6462.98,6462.98,0.0,6464.98,1187.9799999999996
352,KM.TATAMAILAU,TUAL,71,6811.0,6811.0,0.0,6813.0,1515.0
372,KM.SANGIANG,BACAN,4,6632.0,6763.98,0.0,6765.98,1238.9799999999996
378,KM.TIDAR,BAUBAU,10,6522.0,6614.0,0.0,6617.0,1019.0
378,KM.TIDAR,MAKASSAR,40,6634.0,6634.0,0.0,6638.0,1019.0
349,KFC.JETLINER,WANCI,74,6591.0,6595.0,0.0,6597.0,1477.0
375,KFC.JETLINER,KENDARI,30,6553.0,6580.0,0.0,6582.0,1188.0
377,KM.WILIS,ENDE,21,6465.0,6465.0,0.0,6468.0,894.0
354,KM.TIDAR,LARANTUKA,35,6480.98,6501.0,0.0,6503.0,1265.0
373,KM.BUKITSIGUNTANG,TARAKAN,66,6587.0,6587.0,0.0,6591.0,1027.0
354,KM.TIDAR,MAUMERE,42,6509.0,6509.0,0.0,6511.0,1265.0
356,KM.SANGIANG,TERNATE,68,6660.0,6660.0,0.0,6662.0,1404.0
366,KM.LAMBELU,TARAKAN,66,6594.0,6594.0,0.0,6598.0,1112.0
355,KM.BUKITRAYA,TAREMPA,67,6532.0,6532.0,0.0,6533.0,1215.0
351,KM.SINABUNG,TERNATE,68,6769.98,6769.98,0.0,6771.98,1297.9799999999996
376,KM.LEUSER,AMBON,2,6856.0,6856.0,0.0,6859.0,1022.0
362,KFC.JETLINER,KENDARI,30,6608.0,6608.0,0.0,6627.0,1354.0
366,KM.LAMBELU,NUNUKAN,49,6604.0,6604.0,0.0,6607.0,1112.0
351,KM.SINABUNG,BITUNG,15,6781.98,6781.98,0.0,6784.98,1297.9799999999996
380,KM.BUKITRAYA,NATUNA,48,6544.0,6544.0,0.0,6546.0,905.0
372,KM.SANGIANG,TERNATE,68,6777.98,6777.98,0.0,6780.98,1238.9799999999996
354,KM.TIDAR,BAUBAU,10,6524.0,6617.0,0.0,6620.0,1358.0
353,KM.WILIS,WAIKELO,72,6473.98,6473.98,0.0,6474.98,1187.9799999999996
352,KM.TATAMAILAU,KAIMANA,27,6825.0,6825.0,0.0,6827.0,1515.0
353,KM.WILIS,BIMA,14,6485.98,6518.98,0.0,6520.98,1220.9799999999996
354,KM.TIDAR,MAKASSAR,40,6637.0,6637.0,0.0,6641.0,1358.0
371,KM.KELUD,BATAM,8,6369.0,6445.0,4.0,6453.0,1057.0
373,KM.BUKITSIGUNTANG,NUNUKAN,49,6597.0,6607.0,0.0,6609.0,1037.0
379,KM.TATAMAILAU,TUAL,71,6820.0,6820.0,0.0,6823.0,1086.0
376,KM.LEUSER,NAMROLE,47,6868.0,6868.0,0.0,6870.0,1022.0
378,KM.TIDAR,SURABAYA,62,6669.0,6669.0,0.0,6671.0,1019.0
381,KM.BINAIYA,BENOA,12,6512.0,6554.98,0.0,6558.98,931.9799999999996
361,KM.LAWIT,SEMARANG,58,6096.0,6396.0,0.0,6398.0,1243.0
382,KM.PANGRANGO,BANDA,6,6727.0,6733.0,0.0,6735.0,1059.0
374,KM.GUNUNGDEMPO,MANOKWARI,41,6703.98,6716.98,0.0,6718.98,1119.9799999999996
352,KM.TATAMAILAU,FAKFAK,22,6839.0,6839.0,0.0,6841.0,1515.0
351,KM.SINABUNG,BANGGAI,7,6799.98,6799.98,0.0,6800.98,1297.9799999999996
380,KM.BUKITRAYA,TAREMPA,67,6557.0,6557.0,0.0,6558.0,905.0
359,KM.BINAIYA,LABUANBAJO,34,6581.98,6581.98,0.0,6584.98,1194.9799999999996
368,KM.AWU,WAINGAPU,73,6458.98,6464.98,0.0,6467.98,1000.9799999999996
355,KM.BUKITRAYA,LETUNG,37,6537.0,6537.0,0.0,6538.0,1215.0
365,KM.NGGAPULU,AMBON,2,6697.0,6714.0,0.0,6716.0,1263.0
375,KFC.JETLINER,WANCI,74,6595.0,6597.0,0.0,6599.0,1190.0
373,KM.BUKITSIGUNTANG,BALIKPAPAN,5,6636.0,6636.0,0.0,6638.0,1037.0
353,KM.WILIS,LABUANBAJO,34,6529.98,6584.98,0.0,6585.98,1275.9799999999996
380,KM.BUKITRAYA,LETUNG,37,6562.0,6562.0,0.0,6563.0,905.0
355,KM.BUKITRAYA,KIJANG,31,6552.0,6552.0,0.0,6555.0,1215.0
381,KM.BINAIYA,BIMA,14,6581.98,6581.98,0.0,6584.98,931.9799999999996
379,KM.TATAMAILAU,AMBON,2,6851.0,6851.0,0.0,6854.0,1086.0
357,KM.CIREMAI,MAKASSAR,40,6660.0,6676.0,0.0,6679.0,1263.0
380,KM.BUKITRAYA,KIJANG,31,6577.0,6577.0,0.0,6580.0,905.0
361,KM.LAWIT,SAMPIT,55,6431.0,6629.0,313.0,6961.0,1754.0
365,KM.NGGAPULU,BAUBAU,10,6741.0,6741.0,0.0,6743.0,1263.0
374,KM.GUNUNGDEMPO,SORONG,61,6730.98,6730.98,0.0,6732.98,1119.9799999999996
381,KM.BINAIYA,WAINGAPU,73,6598.98,6598.98,0.0,6600.98,931.9799999999996
377,KM.WILIS,WAINGAPU,73,6479.0,6600.98,0.0,6603.98,1015.9799999999996
365,KM.NGGAPULU,MAKASSAR,40,6759.0,6759.0,0.0,6761.0,1263.0
351,KM.SINABUNG,BAUBAU,10,6818.98,6818.98,0.0,6820.98,1297.9799999999996
353,KM.WILIS,MAKASSAR,40,6609.98,6679.0,0.0,6682.0,1345.0
381,KM.BINAIYA,ENDE,21,6609.98,6609.98,0.0,6611.98,931.9799999999996
351,KM.SINABUNG,MAKASSAR,40,6836.98,6836.98,0.0,6839.98,1297.9799999999996
362,KFC.JETLINER,WANCI,74,6640.0,6640.0,0.0,6642.0,1354.0
352,KM.TATAMAILAU,SORONG,61,6856.0,6856.0,0.0,6859.0,1515.0
358,KM.PANGRANGO,SAUMLAKI,57,6766.0,6824.0,0.0,6828.0,1451.0
373,KM.BUKITSIGUNTANG,PAREPARE,51,6654.0,6654.0,0.0,6657.0,1037.0
376,KM.LEUSER,WANCI,74,6890.0,6890.0,0.0,6891.0,1022.0
364,KM.DOBONSOLO,SURABAYA,62,6659.0,6659.0,0.0,6661.0,1240.0
357,KM.CIREMAI,SURABAYA,62,6707.0,6707.0,0.0,6710.0,1263.0
379,KM.TATAMAILAU,TERNATE,68,6880.0,6880.0,0.0,6881.0,1086.0
377,KM.WILIS,WAIKELO,72,6613.98,6613.98,0.0,6614.98,1015.9799999999996
378,KM.TIDAR,TANJUNGPRIOK,65,6700.0,6700.0,0.0,6702.0,1019.0
354,KM.TIDAR,SURABAYA,62,6672.0,6672.0,0.0,6674.0,1358.0
376,KM.LEUSER,BAUBAU,10,6900.0,6900.0,-4.3653969328261155e-13,6901.98,1022.0
355,KM.BUKITRAYA,BLINYU,16,6571.0,6571.0,0.0,6572.0,1215.0
377,KM.WILIS,BIMA,14,6625.98,6625.98,0.0,6627.98,1015.9799999999996
366,KM.LAMBELU,BALIKPAPAN,5,6634.0,6638.0,0.0,6640.0,1116.0
377,KM.WILIS,LABUANBAJO,34,6636.98,6636.98,0.0,6637.98,1015.9799999999996
352,KM.TATAMAILAU,TIDORE,69,6883.0,6883.0,0.0,6884.0,1515.0
381,KM.BINAIYA,KUPANG,33,6624.98,6624.98,0.0,6627.98,931.9799999999996
381,KM.BINAIYA,ENDE,21,6640.98,6640.98,0.0,6642.98,931.9799999999996
374,KM.GUNUNGDEMPO,MAKASSAR,40,6780.98,6780.98,0.0,6782.98,1119.9799999999996
358,KM.PANGRANGO,BANDA,6,6856.0,6856.0,0.0,6858.0,1451.0
374,KM.GUNUNGDEMPO,SURABAYA,62,6808.98,6808.98,0.0,6810.98,1119.9799999999996
376,KM.LEUSER,MAKASSAR,40,6923.0,6923.0,0.0,6927.0,1022.0
366,KM.LAMBELU,PAREPARE,51,6656.0,6657.0,0.0,6659.0,1117.0
368,KM.AWU,BIMA,14,6481.98,6627.98,0.0,6629.98,1146.9799999999996
354,KM.TIDAR,TANJUNGPRIOK,65,6703.0,6703.0,0.0,6705.0,1358.0
382,KM.PANGRANGO,SAUMLAKI,57,6768.0,6828.0,0.0,6832.0,1119.0
377,KM.WILIS,MAKASSAR,40,6661.98,6839.98,0.0,6842.98,1193.9799999999996
376,KM.LEUSER,LABUANBAJO,34,6946.0,6946.0,0.0,6947.0,1022.0
365,KM.NGGAPULU,SURABAYA,62,6789.0,6789.0,0.0,6792.0,1263.0
375,KFC.JETLINER,KENDARI,30,6612.0,6627.0,0.0,6646.0,1205.0
382,KM.PANGRANGO,BANDA,6,6860.0,6860.0,0.0,6862.0,1119.0
376,KM.LEUSER,BIMA,14,6955.0,6955.0,0.0,6956.0,1022.0
368,KM.AWU,BENOA,12,6650.98,6650.98,0.0,6656.98,1146.9799999999996
380,KM.BUKITRAYA,BLINYU,16,6596.0,6596.0,0.0,6597.0,905.0
368,KM.AWU,SURABAYA,62,6684.98,6792.0,0.0,6797.0,1254.0
375,KFC.JETLINER,WANCI,74,6659.0,6891.0,0.0,6893.0,1437.0
381,KM.BINAIYA,WAINGAPU,73,6651.98,6651.98,0.0,6653.98,931.9799999999996
381,KM.BINAIYA,BIMA,14,6667.98,6956.0,0.0,6957.0,1220.0
376,KM.LEUSER,BENOA,12,6979.0,6979.0,0.0,6981.0,1022.0
412,KM.KELUD,TANJUNGPRIOK,65,5932.0,6702.0,-4.369837824924616e-13,6721.98,770.0
388,KM.LAMBELU,MAKASSAR,40,5547.0,6842.98,0.0,6848.98,1295.9799999999996
396,KM.BUKITSIGUNTANG,MAKASSAR,40,5625.0,6848.98,0.0,6860.98,1223.9799999999996
395,KM.EGON,WAINGAPU,73,5609.0,6654.0,0.019999999999999574,6661.0,1045.0200000000004
401,KM.BUKITRAYA,TANJUNGPRIOK,65,5720.0,6705.0,0.0,6714.0,985.0
401,KM.BUKITRAYA,BLINYU,16,6742.0,6742.0,0.0,6743.0,985.0
396,KM.BUKITSIGUNTANG,PAREPARE,51,6865.98,6865.98,0.0,6869.98,1223.9799999999996
390,KM.SANGIANG,BITUNG,15,5561.0,6784.98,0.0,6807.98,1223.9799999999996
402,KM.PANGRANGO,AMBON,2,5758.0,6854.0,0.0,6870.0,1096.0
410,KM.KELIMUTU,TANJUNGPRIOK,65,5911.0,6714.0,0.0,6727.0,803.0
400,KM.TIDAR,KIJANG,31,5717.0,6580.0,0.0,6586.0,863.0
399,KM.GUNUNGDEMPO,TANJUNGPRIOK,65,5715.0,6721.98,0.0,6733.98,1006.9799999999996
393,KM.SIRIMAU,SORONG,61,5593.0,6747.98,0.0,6752.98,1154.9799999999996
388,KM.LAMBELU,PAREPARE,51,6853.98,6869.98,0.0,6872.98,1311.9799999999996
397,KFC.JETLINER,KENDARI,30,5637.0,6646.0,0.0,6656.0,1009.0
411,KM.NGGAPULU,TANJUNGPRIOK,65,5926.0,6727.0,0.0,6738.0,801.0
388,KM.LAMBELU,BALIKPAPAN,5,6888.98,6888.98,0.0,6893.98,1311.9799999999996
394,KM.KELUD,TANJUNGPRIOK,65,5596.0,6733.98,0.0,6754.98,1137.9799999999996
393,KM.SIRIMAU,AMBON,2,6786.98,6859.0,0.0,6862.0,1227.0
398,KM.WILIS,BATULICIN,9,5679.0,6007.0,0.0,6012.0,328.0
385,KFC.JETLINER,KENDARI,30,5469.0,6656.0,0.0,6666.0,1187.0
406,KM.DOBONSOLO,TANJUNGPRIOK,65,5863.0,6738.0,0.0,6750.0,875.0
388,KM.LAMBELU,TARAKAN,66,6919.98,6919.98,0.0,6922.98,1311.9799999999996
406,KM.DOBONSOLO,SURABAYA,62,6777.0,6797.0,0.0,6801.0,895.0
393,KM.SIRIMAU,WANCI,74,6891.0,6893.0,0.0,6895.0,1229.0
390,KM.SANGIANG,TERNATE,68,6827.98,6881.0,0.0,6886.0,1277.0
398,KM.WILIS,MAKASSAR,40,6042.0,6860.98,0.0,6866.98,1146.9799999999996
395,KM.EGON,BIMA,14,6674.02,6957.0,0.0,6960.0,1328.0
408,KM.LAMBELU,MAKASSAR,40,5882.0,6866.98,0.0,6873.98,984.9799999999996
401,KM.BUKITRAYA,KIJANG,31,6758.0,6758.0,0.0,6761.0,985.0
384,KM.DOBONSOLO,TANJUNGPRIOK,65,5448.0,6750.0,0.0,6769.0,1302.0
399,KM.GUNUNGDEMPO,SURABAYA,62,6757.98,6801.0,0.0,6805.0,1050.0
411,KM.NGGAPULU,SURABAYA,62,6765.0,6805.0,0.0,6809.0,841.0
390,KM.SANGIANG,BACAN,4,6898.0,6898.0,0.0,6901.0,1277.0
405,KM.TATAMAILAU,BITUNG,15,5808.0,6807.98,0.0,6820.98,999.9799999999996
384,KM.DOBONSOLO,SURABAYA,62,6796.0,6809.0,0.0,6812.0,1315.0
409,KM.AWU,KUMAI,32,5907.0,6366.0,0.0,6400.0,459.0
393,KM.SIRIMAU,BAUBAU,10,6903.0,6903.0,0.0,6906.0,1229.0
404,KM.KELUD,TANJUNGPRIOK,65,5764.0,6754.98,0.0,6771.98,990.9799999999996
388,KM.LAMBELU,NUNUKAN,49,6928.98,6928.98,0.0,6931.98,1311.9799999999996
402,KM.PANGRANGO,BANDA,6,6887.0,6887.0,0.0,6920.0,1096.0
384,KM.DOBONSOLO,MAKASSAR,40,6843.0,6882.0,0.0,6886.0,1354.0
413,KM.BUKITSIGUNTANG,MAKASSAR,40,5955.0,6886.0,0.0,6904.0,931.0
410,KM.KELIMUTU,TANJUNGPANDAN,64,6746.0,6746.0,0.0,6748.0,803.0
384,KM.DOBONSOLO,BAUBAU,10,6902.0,6902.0,0.0,6905.0,1354.0
393,KM.SIRIMAU,MAUMERE,42,6926.0,6926.0,0.0,6928.0,1229.0
394,KM.KELUD,BATAM,8,6786.98,6790.0,0.0,6794.0,1141.0
413,KM.BUKITSIGUNTANG,PAREPARE,51,6909.0,6909.0,0.0,6913.0,931.0
385,KFC.JETLINER,WANCI,74,6679.0,6895.0,0.0,6897.0,1403.0
396,KM.BUKITSIGUNTANG,BALIKPAPAN,5,6884.98,6893.98,0.0,6898.98,1232.9799999999996
391,KM.AWU,KUMAI,32,5571.0,6400.0,0.0,6434.0,829.0
412,KM.KELUD,BATAM,8,6754.0,6794.0,0.0,6799.0,810.0
397,KFC.JETLINER,WANCI,74,6669.0,6897.0,0.0,6899.0,1237.0
408,KM.LAMBELU,PAREPARE,51,6878.98,6913.0,0.0,6916.0,1019.0
385,KFC.JETLINER,KENDARI,30,6910.0,6910.0,0.0,6916.0,1403.0
401,KM.BUKITRAYA,LETUNG,37,6774.0,6774.0,0.0,6775.0,985.0
390,KM.SANGIANG,SANANA,56,6923.0,6923.0,0.0,6925.0,1277.0
407,KM.SANGIANG,BITUNG,15,5873.0,6820.98,0.0,6867.98,947.9799999999996
407,KM.SANGIANG,TERNATE,68,6887.98,6887.98,0.0,6892.98,947.9799999999996
409,KM.AWU,SURABAYA,62,6428.0,6810.98,-4.369837824924616e-13,6817.959999999999,841.9799999999996
398,KM.WILIS,LABUANBAJO,34,6890.98,6947.0,0.0,6948.0,1203.0
392,KM.SINABUNG,SURABAYA,62,5572.0,6812.0,0.0,6825.0,1240.0
391,KM.AWU,SURABAYA,62,6462.0,6817.959999999999,-4.369837824924616e-13,6824.939999999999,1184.9599999999991
387,KM.KELIMUTU,TANJUNGPRIOK,65,5500.0,6769.0,0.0,6808.0,1269.0
413,KM.BUKITSIGUNTANG,BALIKPAPAN,5,6928.0,6928.0,0.0,6933.0,931.0
408,KM.LAMBELU,BALIKPAPAN,5,6932.0,6933.0,0.0,6938.0,1020.0
403,KM.BINAIYA,BENOA,12,5760.0,6981.0,0.0,6989.0,1221.0
392,KM.SINABUNG,MAKASSAR,40,6856.0,6904.0,0.0,6908.0,1288.0
406,KM.DOBONSOLO,MAKASSAR,40,6832.0,6908.0,1.0,6913.0,972.0
389,KM.NGGAPULU,TANJUNGPRIOK,65,5555.0,6771.98,0.0,6793.98,1216.9799999999996
384,KM.DOBONSOLO,AMBON,2,6931.0,6931.0,0.0,6934.0,1354.0
391,KM.AWU,BENOA,12,6851.959999999999,6989.0,0.0,6995.0,1322.0
388,KM.LAMBELU,PANTOLOAN,50,6952.98,6952.98,0.0,6954.98,1311.9799999999996
396,KM.BUKITSIGUNTANG,TARAKAN,66,6923.98,6923.98,0.0,6927.98,1232.9799999999996
404,KM.KELUD,BATAM,8,6803.98,6804.0,5.0,6814.0,996.0
396,KM.BUKITSIGUNTANG,NUNUKAN,49,6933.98,6933.98,0.0,6936.98,1232.9799999999996
403,KM.BINAIYA,BIMA,14,7012.0,7012.0,0.0,7014.0,1221.0
392,KM.SINABUNG,BAUBAU,10,6923.0,6923.0,0.0,6926.0,1288.0
406,KM.DOBONSOLO,BAUBAU,10,6929.0,6929.0,0.0,6932.0,972.0
399,KM.GUNUNGDEMPO,MAKASSAR,40,6832.0,6913.0,0.0,6916.0,1131.0
400,KM.TIDAR,TANJUNGPRIOK,65,6621.0,6793.98,0.0,6803.98,1035.9799999999996
390,KM.SANGIANG,NAMLEA,46,6938.0,6938.0,0.0,6940.0,1277.0
405,KM.TATAMAILAU,TIDORE,69,6833.98,6884.0,0.0,6885.0,1050.0
411,KM.NGGAPULU,MAKASSAR,40,6838.0,6916.0,0.0,6920.0,919.0
403,KM.BINAIYA,LABUANBAJO,34,7022.0,7022.0,0.0,7024.0,1221.0
398,KM.WILIS,BIMA,14,6957.0,7014.0,0.0,7015.0,1260.0
388,KM.LAMBELU,BALIKPAPAN,5,6967.98,6967.98,0.0,6969.98,1311.9799999999996
402,KM.PANGRANGO,AMBON,2,6935.0,6935.0,0.0,6948.0,1096.0
392,KM.SINABUNG,BANGGAI,7,6943.0,6943.0,0.0,6944.0,1288.0
390,KM.SANGIANG,AMBON,2,6950.0,6950.0,0.0,6954.0,1277.0
393,KM.SIRIMAU,LEWOLEBA,38,6938.0,6938.0,0.0,6940.0,1229.0
405,KM.TATAMAILAU,SORONG,61,6909.0,6909.0,0.0,6912.0,1050.0
392,KM.SINABUNG,BITUNG,15,6958.0,6958.0,0.0,6961.0,1288.0
390,KM.SANGIANG,BANDA,6,6970.0,6970.0,0.0,6972.0,1277.0
393,KM.SIRIMAU,KUPANG,33,6952.0,6952.0,0.0,6959.0,1229.0
400,KM.TIDAR,SURABAYA,62,6832.98,6832.98,0.0,6835.98,1035.9799999999996
393,KM.SIRIMAU,KALABAHI,28,6973.0,6973.0,0.0,6975.0,1229.0
404,KM.KELUD,TANJUNGBALAIKARIMUN,63,6817.0,6817.0,0.0,6818.0,996.0
406,KM.DOBONSOLO,AMBON,2,6958.0,6958.0,0.0,6962.0,972.0
393,KM.SIRIMAU,SAUMLAKI,57,7020.0,7020.0,0.0,7022.0,1229.0
384,KM.DOBONSOLO,SORONG,61,6958.0,6961.0,0.0,6966.0,1357.0
387,KM.KELIMUTU,TANJUNGPANDAN,64,6826.0,6826.0,0.0,6828.0,1269.0
409,KM.AWU,BENOA,12,6844.98,6995.0,0.0,7001.0,992.0
388,KM.LAMBELU,PAREPARE,51,6985.98,6985.98,0.0,6987.98,1311.9799999999996
391,KM.AWU,BIMA,14,7016.0,7016.0,0.0,7018.0,1322.0
408,KM.LAMBELU,TARAKAN,66,6964.0,6964.0,0.0,6967.0,1020.0
406,KM.DOBONSOLO,SORONG,61,6986.0,6986.0,0.0,6989.0,972.0
384,KM.DOBONSOLO,MANOKWARI,41,6980.0,6980.0,0.0,6983.0,1357.0
409,KM.AWU,BIMA,14,7022.0,7022.0,0.0,7024.0,992.0
388,KM.LAMBELU,MAKASSAR,40,6992.98,6992.98,0.0,6995.98,1311.9799999999996
400,KM.TIDAR,MAKASSAR,40,6867.98,6927.0,0.0,6930.0,1095.0
388,KM.LAMBELU,BAUBAU,10,7010.98,7010.98,0.0,7012.98,1311.9799999999996
394,KM.KELUD,TANJUNGBALAIKARIMUN,63,6797.0,6818.0,0.0,6819.0,1162.0
396,KM.BUKITSIGUNTANG,BALIKPAPAN,5,6963.98,6969.98,0.0,6971.98,1238.9799999999996
412,KM.KELUD,TANJUNGBALAIKARIMUN,63,6802.0,6819.0,0.0,6820.0,827.0
389,KM.NGGAPULU,SURABAYA,62,6820.98,6825.0,0.0,6829.0,1221.0
411,KM.NGGAPULU,BAUBAU,10,6934.0,6934.0,0.0,6936.0,919.0
411,KM.NGGAPULU,NAMLEA,46,6959.0,6959.0,0.0,6961.0,919.0
399,KM.GUNUNGDEMPO,SORONG,61,6965.0,6966.0,0.0,6969.0,1132.0
407,KM.SANGIANG,BACAN,4,6904.98,6904.98,0.0,6907.98,947.9799999999996
389,KM.NGGAPULU,MAKASSAR,40,6858.0,6930.0,0.0,6934.0,1293.0
384,KM.DOBONSOLO,BIAK,13,6993.0,6993.0,0.0,6996.0,1357.0
405,KM.TATAMAILAU,FAKFAK,22,6932.0,6932.0,0.0,6934.0,1050.0
400,KM.TIDAR,BAUBAU,10,6946.0,6946.0,0.0,6949.0,1095.0
411,KM.NGGAPULU,AMBON,2,6967.0,6967.0,0.0,6971.0,919.0
404,KM.KELUD,BELAWAN,11,6841.0,6841.0,0.0,6865.0,996.0
395,KM.EGON,LEMBAR,36,6977.0,6979.0,0.0,6982.0,1330.0
402,KM.PANGRANGO,NAMROLE,47,6959.0,6959.0,0.0,6961.0,1096.0
411,KM.NGGAPULU,TERNATE,68,6991.0,6991.0,0.0,6993.0,919.0
407,KM.SANGIANG,SANANA,56,6929.98,6929.98,0.0,6931.98,947.9799999999996
398,KM.WILIS,WAIKELO,72,7026.0,7026.0,0.0,7027.0,1260.0
396,KM.BUKITSIGUNTANG,PAREPARE,51,6986.98,6987.98,0.0,6991.98,1239.9799999999996
387,KM.KELIMUTU,PONTIANAK,52,6852.0,6852.0,0.0,6855.0,1269.0
413,KM.BUKITSIGUNTANG,TARAKAN,66,6958.0,6967.0,0.0,6971.0,940.0
402,KM.PANGRANGO,AMBON,2,6972.0,6972.0,-4.3653969328261155e-13,6975.98,1096.0
393,KM.SIRIMAU,TUAL,71,7042.0,7042.0,0.0,7046.0,1229.0
409,KM.AWU,WAINGAPU,73,7038.0,7038.0,0.0,7041.0,992.0
391,KM.AWU,WAINGAPU,73,7032.0,7041.0,0.0,7044.0,1331.0
387,KM.KELIMUTU,SEMARANG,58,6900.0,6900.0,0.0,6913.0,1269.0
400,KM.TIDAR,MAUMERE,42,6963.0,6963.0,0.0,6965.0,1095.0
393,KM.SIRIMAU,DOBO,20,7057.0,7057.0,0.0,7059.0,1229.0
411,KM.NGGAPULU,JAILOLO,25,6995.0,6995.0,0.0,6997.0,919.0
401,KM.BUKITRAYA,TAREMPA,67,6779.0,6779.0,0.0,6780.0,985.0
413,KM.BUKITSIGUNTANG,NUNUKAN,49,6977.0,6977.0,0.0,6980.0,940.0
401,KM.BUKITRAYA,NATUNA,48,6791.0,6791.0,0.0,6794.0,985.0
384,KM.DOBONSOLO,SERUI,60,7003.0,7003.0,0.0,7005.0,1357.0
397,KFC.JETLINER,KENDARI,30,6912.0,6916.0,0.0,6922.0,1241.0
413,KM.BUKITSIGUNTANG,BALIKPAPAN,5,7007.0,7007.0,0.0,7009.0,940.0
392,KM.SINABUNG,TERNATE,68,6971.0,6993.0,0.0,6995.0,1310.0
392,KM.SINABUNG,BACAN,4,7001.0,7001.0,0.0,7002.0,1310.0
390,KM.SANGIANG,GESER,23,6982.0,6982.0,0.0,6984.0,1277.0
388,KM.LAMBELU,MAUMERE,42,7025.98,7025.98,0.0,7027.98,1311.9799999999996
408,KM.LAMBELU,NUNUKAN,49,6973.0,6980.0,0.0,6983.0,1027.0
407,KM.SANGIANG,NAMLEA,46,6944.98,6961.0,0.0,6963.0,964.0
402,KM.PANGRANGO,BANDA,6,6993.0,6993.0,0.0,6995.0,1096.0
413,KM.BUKITSIGUNTANG,PAREPARE,51,7024.0,7024.0,0.0,7028.0,940.0
393,KM.SIRIMAU,TIMIKA,70,7079.0,7079.0,8.0,7096.0,1237.0
398,KM.WILIS,WAINGAPU,73,7039.0,7044.0,0.0,7048.0,1265.0
389,KM.NGGAPULU,BAUBAU,10,6948.0,6949.0,0.0,6951.0,1294.0
400,KM.TIDAR,LARANTUKA,35,6971.0,6971.0,0.0,6973.0,1095.0
392,KM.SINABUNG,SORONG,61,7017.0,7017.0,0.0,7020.0,1310.0
387,KM.KELIMUTU,KUMAI,32,6938.0,6939.0,8.0,6950.0,1278.0
400,KM.TIDAR,LEWOLEBA,38,6976.0,6976.0,0.0,6978.0,1095.0
407,KM.SANGIANG,AMBON,2,6973.0,6973.0,0.0,6977.0,964.0
397,KFC.JETLINER,WANCI,74,6935.0,6935.0,0.0,6937.0,1241.0
396,KM.BUKITSIGUNTANG,MAKASSAR,40,6996.98,6996.98,0.0,7000.98,1239.9799999999996
400,KM.TIDAR,KUPANG,33,6986.0,6986.0,0.0,6990.0,1095.0
391,KM.AWU,ENDE,21,7053.0,7053.0,0.0,7055.0,1331.0
393,KM.SIRIMAU,AGATS,1,7108.0,7108.0,0.0,7110.0,1237.0
400,KM.TIDAR,LEWOLEBA,38,6998.0,6998.0,0.0,7000.0,1095.0
392,KM.SINABUNG,MANOKWARI,41,7034.0,7034.0,0.0,7036.0,1310.0
402,KM.PANGRANGO,SAUMLAKI,57,7028.0,7028.0,0.0,7032.0,1096.0
387,KM.KELIMUTU,SURABAYA,62,6977.0,6977.0,0.0,6981.0,1278.0
408,KM.LAMBELU,PANTOLOAN,50,7004.0,7004.0,0.0,7006.0,1027.0
390,KM.SANGIANG,FAKFAK,22,6997.0,6997.0,0.0,7006.0,1277.0
413,KM.BUKITSIGUNTANG,MAKASSAR,40,7033.0,7033.0,0.0,7037.0,940.0
393,KM.SIRIMAU,MERAUKE,43,7158.0,7158.0,0.0,7179.0,1237.0
401,KM.BUKITRAYA,MIDAI,44,6798.0,6798.0,0.0,6799.0,985.0
408,KM.LAMBELU,BALIKPAPAN,5,7019.0,7019.0,0.0,7021.0,1027.0
396,KM.BUKITSIGUNTANG,MAUMERE,42,7018.98,7027.98,0.0,7029.98,1248.9799999999996
391,KM.AWU,KUPANG,33,7068.0,7068.0,0.0,7073.0,1331.0
389,KM.NGGAPULU,NAMLEA,46,6974.0,6974.0,0.0,6976.0,1294.0
399,KM.GUNUNGDEMPO,MANOKWARI,41,6981.0,7036.0,0.0,7038.0,1187.0
412,KM.KELUD,BELAWAN,11,6843.0,6865.0,0.0,6881.0,849.0
407,KM.SANGIANG,BANDA,6,6993.0,6995.0,0.0,6997.0,966.0
409,KM.AWU,ENDE,21,7050.0,7055.0,0.0,7057.0,997.0
413,KM.BUKITSIGUNTANG,MAUMERE,42,7055.0,7055.0,0.0,7057.0,940.0
409,KM.AWU,KUPANG,33,7070.0,7070.0,0.0,7075.0,997.0
403,KM.BINAIYA,MAKASSAR,40,7044.0,7044.0,0.0,7049.0,1221.0
413,KM.BUKITSIGUNTANG,LEWOLEBA,38,7063.0,7063.0,0.0,7065.0,940.0
383,KM.KELUD,TANJUNGPRIOK,65,5428.0,6803.98,0.0,6820.98,1375.9799999999996
394,KM.KELUD,BELAWAN,11,6842.0,6881.0,0.0,6902.0,1201.0
393,KM.SIRIMAU,AGATS,1,7220.0,7227.0,0.0,7229.0,1244.0
410,KM.KELIMUTU,PONTIANAK,52,6771.0,6855.0,13.0,6871.0,900.0
385,KFC.JETLINER,WANCI,74,6929.0,6937.0,0.0,6939.0,1411.0
388,KM.LAMBELU,LARANTUKA,35,7032.98,7032.98,0.0,7034.98,1311.9799999999996
411,KM.NGGAPULU,BITUNG,15,7006.0,7006.0,0.0,7010.0,919.0
389,KM.NGGAPULU,AMBON,2,6982.0,6982.0,0.0,6986.0,1294.0
397,KFC.JETLINER,KENDARI,30,6950.0,6950.0,0.0,6952.0,1241.0
395,KM.EGON,SURABAYA,62,7005.0,7005.0,0.0,7010.0,1330.0
410,KM.KELIMUTU,SEMARANG,58,6911.0,6913.0,0.0,6929.0,902.0
413,KM.BUKITSIGUNTANG,KUPANG,33,7072.0,7073.0,0.0,7078.0,941.0
405,KM.TATAMAILAU,KAIMANA,27,6947.0,6947.0,0.0,6949.0,1050.0
405,KM.TATAMAILAU,TUAL,71,6961.0,7046.0,0.0,7049.0,1135.0
407,KM.SANGIANG,GESER,23,7007.0,7007.0,0.0,7009.0,966.0
398,KM.WILIS,ENDE,21,7059.0,7059.0,0.0,7061.0,1265.0
400,KM.TIDAR,LARANTUKA,35,7003.0,7034.98,0.0,7036.98,1126.9799999999996
392,KM.SINABUNG,NABIRE,45,7046.0,7046.0,0.0,7048.0,1310.0
400,KM.TIDAR,MAUMERE,42,7042.98,7057.0,0.0,7059.0,1141.0
406,KM.DOBONSOLO,MANOKWARI,41,7003.0,7041.0,0.0,7043.0,1010.0
405,KM.TATAMAILAU,TIMIKA,70,7073.0,7098.0,0.0,7100.0,1160.0
395,KM.EGON,BATULICIN,9,7037.0,7037.0,6.0,7047.0,1336.0
403,KM.BINAIYA,AWERANGE,3,7055.0,7055.0,0.0,7057.0,1221.0
384,KM.DOBONSOLO,JAYAPURA,26,7026.0,7026.0,5.0,7037.0,1362.0
399,KM.GUNUNGDEMPO,WASIOR,76,7045.0,7045.0,0.0,7046.0,1187.0
393,KM.SIRIMAU,TIMIKA,70,7241.0,7252.0,0.0,7254.0,1255.0
389,KM.NGGAPULU,TERNATE,68,7006.0,7006.0,0.0,7008.0,1294.0
412,KM.KELUD,TANJUNGBALAIKARIMUN,63,6904.0,6904.0,0.0,6905.0,849.0
406,KM.DOBONSOLO,BIAK,13,7053.0,7053.0,0.0,7056.0,1010.0
398,KM.WILIS,KUPANG,33,7077.0,7077.0,0.0,7085.0,1265.0
409,KM.AWU,KALABAHI,28,7088.0,7088.0,0.0,7091.0,997.0
392,KM.SINABUNG,BIAK,13,7057.0,7057.0,0.0,7059.0,1310.0
406,KM.DOBONSOLO,SERUI,60,7063.0,7063.0,0.0,7065.0,1010.0
408,KM.LAMBELU,PAREPARE,51,7037.0,7037.0,0.0,7039.0,1027.0
399,KM.GUNUNGDEMPO,NABIRE,45,7053.0,7053.0,0.0,7055.0,1187.0
391,KM.AWU,KALABAHI,28,7086.0,7091.0,0.0,7094.0,1336.0
394,KM.KELUD,TANJUNGBALAIKARIMUN,63,6925.0,6925.0,0.0,6926.0,1201.0
403,KM.BINAIYA,BONTANG,17,7085.0,7085.0,0.0,7088.0,1221.0
410,KM.KELIMUTU,KUMAI,32,6954.0,6954.0,0.0,6957.0,902.0
395,KM.EGON,PAREPARE,51,7069.0,7069.0,0.0,7073.0,1336.0
401,KM.BUKITRAYA,SERASAN,59,6807.0,6807.0,0.0,6808.0,985.0
396,KM.BUKITSIGUNTANG,LEWOLEBA,38,7035.98,7065.0,0.0,7067.0,1278.0
392,KM.SINABUNG,JAYAPURA,26,7080.0,7080.0,0.0,7085.0,1310.0
411,KM.NGGAPULU,JAILOLO,25,7020.0,7020.0,0.0,7022.0,919.0
389,KM.NGGAPULU,JAILOLO,25,7010.0,7022.0,0.0,7024.0,1306.0
393,KM.SIRIMAU,DOBO,20,7272.0,7272.0,0.0,7274.0,1255.0
399,KM.GUNUNGDEMPO,JAYAPURA,26,7078.0,7085.0,0.0,7091.0,1194.0
391,KM.AWU,KUPANG,33,7107.0,7107.0,0.0,7112.0,1336.0
407,KM.SANGIANG,FAKFAK,22,7022.0,7022.0,0.0,7031.0,966.0
403,KM.BINAIYA,PAREPARE,51,7115.0,7115.0,0.0,7117.0,1221.0
408,KM.LAMBELU,MAKASSAR,40,7044.0,7044.0,0.0,7047.0,1027.0
387,KM.KELIMUTU,BATULICIN,9,7012.0,7047.0,-4.3653969328261155e-13,7048.98,1313.0
384,KM.DOBONSOLO,SERUI,60,7056.0,7065.0,0.0,7067.0,1371.0
401,KM.BUKITRAYA,PONTIANAK,52,6827.0,6873.0,0.0,6876.0,1031.0
409,KM.AWU,KUPANG,33,7104.0,7104.0,0.0,7109.0,997.0
413,KM.BUKITSIGUNTANG,LEWOLEBA,38,7085.0,7085.0,0.0,7087.0,941.0
408,KM.LAMBELU,BAUBAU,10,7062.0,7062.0,0.0,7064.0,1027.0
388,KM.LAMBELU,BAUBAU,10,7046.98,7046.98,0.0,7048.98,1311.9799999999996
396,KM.BUKITSIGUNTANG,KUPANG,33,7074.0,7109.0,0.0,7114.0,1313.0
392,KM.SINABUNG,BIAK,13,7106.0,7106.0,0.0,7108.0,1310.0
395,KM.EGON,BONTANG,17,7099.0,7099.0,6.0,7109.0,1342.0
406,KM.DOBONSOLO,JAYAPURA,26,7086.0,7091.0,0.0,7096.0,1015.0
385,KFC.JETLINER,KENDARI,30,6952.0,6952.0,0.0,6954.0,1411.0
408,KM.LAMBELU,MAUMERE,42,7077.0,7077.0,0.0,7079.0,1027.0
406,KM.DOBONSOLO,SERUI,60,7115.0,7115.0,0.0,7117.0,1015.0
413,KM.BUKITSIGUNTANG,MAUMERE,42,7093.0,7093.0,0.0,7095.0,941.0
405,KM.TATAMAILAU,AGATS,1,7111.0,7229.0,0.0,7235.0,1278.0
413,KM.BUKITSIGUNTANG,MAKASSAR,40,7113.0,7113.0,0.0,7117.0,941.0
392,KM.SINABUNG,NABIRE,45,7118.0,7118.0,0.0,7120.0,1310.0
399,KM.GUNUNGDEMPO,NABIRE,45,7113.0,7120.0,0.0,7122.0,1201.0
401,KM.BUKITRAYA,SURABAYA,62,6922.0,6981.0,0.0,6986.0,1090.0
383,KM.KELUD,BATAM,8,6852.98,6853.0,7.0,6865.0,1383.0
408,KM.LAMBELU,LARANTUKA,35,7084.0,7084.0,0.0,7086.0,1027.0
389,KM.NGGAPULU,BITUNG,15,7033.0,7033.0,0.0,7077.0,1306.0
409,KM.AWU,ENDE,21,7122.0,7122.0,0.0,7124.0,997.0
402,KM.PANGRANGO,BANDA,6,7060.0,7060.0,0.0,7062.0,1096.0
401,KM.BUKITRAYA,PONTIANAK,52,7033.0,7038.0,7.0,7047.0,1102.0
404,KM.KELUD,TANJUNGBALAIKARIMUN,63,6888.0,6926.0,0.0,6927.0,1034.0
389,KM.NGGAPULU,JAILOLO,25,7087.0,7087.0,0.0,7089.0,1306.0
402,KM.PANGRANGO,AMBON,2,7112.0,7112.0,0.0,7123.0,1096.0
384,KM.DOBONSOLO,BIAK,13,7074.0,7108.0,0.0,7110.0,1405.0
408,KM.LAMBELU,BAUBAU,10,7098.0,7098.0,0.0,7100.0,1027.0
407,KM.SANGIANG,GESER,23,7044.0,7044.0,0.0,7046.0,966.0
403,KM.BINAIYA,BONTANG,17,7144.0,7144.0,0.0,7148.0,1221.0
399,KM.GUNUNGDEMPO,WASIOR,76,7128.0,7128.0,-4.3653969328261155e-13,7128.98,1201.0
387,KM.KELIMUTU,SURABAYA,62,7078.0,7078.0,0.0,7081.0,1313.0
401,KM.BUKITRAYA,SERASAN,59,7061.0,7061.0,0.0,7063.0,1102.0
400,KM.TIDAR,BAUBAU,10,7072.0,7072.0,0.0,7075.0,1141.0
407,KM.SANGIANG,BANDA,6,7055.0,7062.0,0.0,7064.0,973.0
384,KM.DOBONSOLO,MANOKWARI,41,7119.0,7119.0,4.0,7126.0,1409.0
390,KM.SANGIANG,GESER,23,7019.0,7046.0,0.0,7048.0,1304.0
392,KM.SINABUNG,MANOKWARI,41,7130.0,7130.0,0.0,7133.0,1310.0
405,KM.TATAMAILAU,MERAUKE,43,7279.0,7290.0,12.0,7314.0,1301.0
399,KM.GUNUNGDEMPO,MANOKWARI,41,7136.0,7136.0,0.0,7138.0,1201.0
389,KM.NGGAPULU,TERNATE,68,7091.0,7091.0,0.0,7093.0,1306.0
391,KM.AWU,ENDE,21,7125.0,7125.0,0.0,7127.0,1336.0
389,KM.NGGAPULU,AMBON,2,7114.0,7114.0,0.0,7119.0,1306.0
392,KM.SINABUNG,SORONG,61,7147.0,7147.0,0.0,7150.0,1310.0
395,KM.EGON,PAREPARE,51,7133.0,7133.0,0.0,7136.0,1342.0
391,KM.AWU,WAINGAPU,73,7136.0,7136.0,0.0,7139.0,1336.0
398,KM.WILIS,KALABAHI,28,7102.0,7102.0,0.0,7108.0,1265.0
401,KM.BUKITRAYA,MIDAI,44,7071.0,7071.0,0.0,7072.0,1102.0
399,KM.GUNUNGDEMPO,SORONG,61,7150.0,7150.0,0.0,7152.0,1201.0
389,KM.NGGAPULU,NAMLEA,46,7125.0,7125.0,0.0,7128.0,1306.0
408,KM.LAMBELU,MAKASSAR,40,7115.0,7115.0,0.0,7119.0,1027.0
388,KM.LAMBELU,MAKASSAR,40,7063.98,7117.0,0.0,7121.0,1365.0
385,KFC.JETLINER,RAHA,53,6962.0,6962.0,0.0,6963.0,1411.0
388,KM.LAMBELU,PAREPARE,51,7126.0,7136.0,0.0,7139.0,1375.0
396,KM.BUKITSIGUNTANG,LEWOLEBA,38,7121.0,7121.0,0.0,7123.0,1313.0
385,KFC.JETLINER,KENDARI,30,6971.0,6971.0,0.0,6973.0,1411.0
405,KM.TATAMAILAU,AGATS,1,7349.0,7349.0,0.0,7351.0,1301.0
409,KM.AWU,WAINGAPU,73,7133.0,7139.0,0.0,7142.0,1003.0
405,KM.TATAMAILAU,TIMIKA,70,7363.0,7363.0,0.0,7365.0,1301.0
400,KM.TIDAR,MAKASSAR,40,7092.0,7119.0,0.0,7123.0,1168.0
411,KM.NGGAPULU,TERNATE,68,7024.0,7093.0,0.0,7095.0,988.0
403,KM.BINAIYA,AWERANGE,3,7175.0,7175.0,0.0,7177.0,1221.0
388,KM.LAMBELU,BALIKPAPAN,5,7155.0,7155.0,0.0,7157.0,1375.0
390,KM.SANGIANG,BANDA,6,7057.0,7064.0,0.0,7066.0,1311.0
411,KM.NGGAPULU,AMBON,2,7115.0,7119.0,0.0,7122.0,992.0
390,KM.SANGIANG,AMBON,2,7083.0,7122.0,-4.369837824924616e-13,7133.98,1350.0
406,KM.DOBONSOLO,BIAK,13,7124.0,7124.0,0.0,7126.0,1015.0
393,KM.SIRIMAU,TUAL,71,7285.0,7285.0,0.0,7289.0,1255.0
393,KM.SIRIMAU,SAUMLAKI,57,7308.0,7308.0,0.0,7310.0,1255.0
411,KM.NGGAPULU,NAMLEA,46,7127.0,7128.0,0.0,7130.0,993.0
389,KM.NGGAPULU,BAUBAU,10,7150.0,7150.0,0.0,7153.0,1306.0
408,KM.LAMBELU,PAREPARE,51,7124.0,7139.0,0.0,7142.0,1042.0
392,KM.SINABUNG,BACAN,4,7165.0,7165.0,-4.3653969328261155e-13,7165.98,1310.0
396,KM.BUKITSIGUNTANG,MAUMERE,42,7129.0,7129.0,0.0,7131.0,1313.0
398,KM.WILIS,KUPANG,33,7124.0,7124.0,0.0,7132.0,1265.0
407,KM.SANGIANG,AMBON,2,7081.0,7123.0,-4.369837824924616e-13,7134.98,1015.0
406,KM.DOBONSOLO,MANOKWARI,41,7135.0,7138.0,0.0,7141.0,1018.0
387,KM.KELIMUTU,KUMAI,32,7107.0,7107.0,0.0,7109.0,1313.0
392,KM.SINABUNG,TERNATE,68,7172.0,7172.0,0.0,7174.0,1310.0
398,KM.WILIS,ENDE,21,7148.0,7148.0,0.0,7151.0,1265.0
401,KM.BUKITRAYA,NATUNA,48,7076.0,7076.0,-4.3653969328261155e-13,7077.98,1102.0
413,KM.BUKITSIGUNTANG,PAREPARE,51,7122.0,7142.0,0.0,7145.0,961.0
408,KM.LAMBELU,BALIKPAPAN,5,7158.0,7158.0,0.0,7160.0,1042.0
407,KM.SANGIANG,NAMLEA,46,7145.0,7145.0,0.0,7150.0,1015.0
393,KM.SIRIMAU,KALABAHI,28,7355.0,7355.0,0.0,7357.0,1255.0
404,KM.KELUD,BATAM,8,6930.0,6930.0,5.0,6939.0,1039.0
403,KM.BINAIYA,MAKASSAR,40,7183.0,7183.0,0.0,7187.0,1221.0
390,KM.SANGIANG,NAMLEA,46,7144.0,7150.0,0.0,7157.0,1356.0
393,KM.SIRIMAU,KUPANG,33,7370.0,7370.0,0.0,7376.0,1255.0
384,KM.DOBONSOLO,SORONG,61,7140.0,7150.0,6.0,7159.0,1425.0
391,KM.AWU,BIMA,14,7153.0,7153.0,0.0,7155.0,1336.0
398,KM.WILIS,WAINGAPU,73,7162.0,7162.0,0.0,7165.0,1265.0
406,KM.DOBONSOLO,SORONG,61,7155.0,7159.0,0.0,7162.0,1022.0
413,KM.BUKITSIGUNTANG,BALIKPAPAN,5,7161.0,7161.0,0.0,7163.0,961.0
394,KM.KELUD,BATAM,8,6929.0,6940.0,0.0,6944.0,1212.0
392,KM.SINABUNG,BITUNG,15,7184.0,7184.0,0.0,7187.0,1310.0
405,KM.TATAMAILAU,TUAL,71,7387.0,7387.0,0.0,7389.0,1301.0
398,KM.WILIS,WAIKELO,72,7175.0,7175.0,0.0,7176.0,1265.0
396,KM.BUKITSIGUNTANG,MAKASSAR,40,7149.0,7149.0,0.0,7153.0,1313.0
396,KM.BUKITSIGUNTANG,PAREPARE,51,7158.0,7158.0,0.0,7161.0,1313.0
383,KM.KELUD,TANJUNGBALAIKARIMUN,63,6868.0,6927.0,0.0,6928.0,1442.0
412,KM.KELUD,BATAM,8,6908.0,6944.0,0.0,6947.0,885.0
396,KM.BUKITSIGUNTANG,BALIKPAPAN,5,7177.0,7177.0,0.0,7179.0,1313.0
392,KM.SINABUNG,BANGGAI,7,7202.0,7202.0,0.0,7204.0,1310.0
407,KM.SANGIANG,SANANA,56,7165.0,7165.0,0.0,7167.0,1015.0
408,KM.LAMBELU,PANTOLOAN,50,7173.0,7173.0,0.0,7175.0,1042.0
402,KM.PANGRANGO,BANDA,6,7143.0,7143.0,-4.3653969328261155e-13,7143.98,1096.0
408,KM.LAMBELU,TARAKAN,66,7195.0,7195.0,0.0,7199.0,1042.0
401,KM.BUKITRAYA,TAREMPA,67,7089.0,7089.0,0.0,7090.0,1102.0
392,KM.SINABUNG,BAUBAU,10,7221.0,7221.0,0.0,7223.0,1310.0
407,KM.SANGIANG,BACAN,4,7188.0,7188.0,0.0,7190.0,1015.0
385,KFC.JETLINER,WANCI,74,6986.0,6986.0,0.0,6988.0,1411.0
401,KM.BUKITRAYA,LETUNG,37,7094.0,7094.0,0.0,7095.0,1102.0
396,KM.BUKITSIGUNTANG,TARAKAN,66,7203.0,7203.0,0.0,7207.0,1313.0
388,KM.LAMBELU,PANTOLOAN,50,7170.0,7175.0,0.0,7177.0,1380.0
383,KM.KELUD,BELAWAN,11,6951.0,6951.0,0.0,6975.0,1442.0
397,KFC.JETLINER,SURABAYA,62,7063.0,7063.0,0.0,7152.0,1241.0
388,KM.LAMBELU,TARAKAN,66,7197.0,7207.0,0.0,7211.0,1390.0
387,KM.KELIMUTU,SEMARANG,58,7133.0,7133.0,0.0,7138.0,1313.0
390,KM.SANGIANG,SANANA,56,7170.0,7170.0,0.0,7172.0,1356.0
405,KM.TATAMAILAU,KAIMANA,27,7401.0,7401.0,0.0,7403.0,1301.0
393,KM.SIRIMAU,LEWOLEBA,38,7388.0,7388.0,0.0,7390.0,1255.0
405,KM.TATAMAILAU,FAKFAK,22,7415.0,7415.0,0.0,7417.0,1301.0
411,KM.NGGAPULU,BAUBAU,10,7152.0,7153.0,0.0,7155.0,994.0
398,KM.WILIS,BIMA,14,7187.0,7187.0,0.0,7189.0,1265.0
402,KM.PANGRANGO,SAUMLAKI,57,7181.0,7310.0,0.0,7314.0,1225.0
409,KM.AWU,BIMA,14,7156.0,7189.0,0.0,7191.0,1036.0
413,KM.BUKITSIGUNTANG,TARAKAN,66,7187.0,7211.0,0.0,7215.0,985.0
395,KM.EGON,BONTANG,17,7163.0,7169.0,7.0,7183.0,1355.0
406,KM.DOBONSOLO,AMBON,2,7184.0,7184.0,0.0,7187.0,1022.0
391,KM.AWU,BENOA,12,7176.0,7176.0,0.0,7182.0,1336.0
389,KM.NGGAPULU,MAKASSAR,40,7169.0,7169.0,0.0,7173.0,1306.0
400,KM.TIDAR,SURABAYA,62,7154.0,7154.0,0.0,7156.0,1168.0
396,KM.BUKITSIGUNTANG,NUNUKAN,49,7213.0,7213.0,0.0,7215.0,1313.0
395,KM.EGON,PAREPARE,51,7208.0,7208.0,-4.3653969328261155e-13,7210.98,1355.0
398,KM.WILIS,LABUANBAJO,34,7198.0,7198.0,0.0,7199.0,1265.0
384,KM.DOBONSOLO,AMBON,2,7181.0,7181.0,0.0,7184.0,1425.0
408,KM.LAMBELU,NUNUKAN,49,7205.0,7215.0,0.0,7218.0,1052.0
399,KM.GUNUNGDEMPO,MAKASSAR,40,7200.0,7200.0,0.0,7202.0,1201.0
408,KM.LAMBELU,BALIKPAPAN,5,7245.0,7245.0,0.0,7247.0,1052.0
384,KM.DOBONSOLO,BAUBAU,10,7211.0,7211.0,0.0,7213.0,1425.0
410,KM.KELIMUTU,SEMARANG,58,6981.0,7138.0,0.0,7144.0,1059.0
387,KM.KELIMUTU,PONTIANAK,52,7180.0,7184.0,0.0,7187.0,1317.0
384,KM.DOBONSOLO,MAKASSAR,40,7229.0,7229.0,10.0,7242.0,1435.0
395,KM.EGON,BATULICIN,9,7233.0,7243.0,0.0,7246.0,1365.0
388,KM.LAMBELU,NUNUKAN,49,7217.0,7218.0,0.0,7221.0,1391.0
405,KM.TATAMAILAU,SORONG,61,7432.0,7432.0,0.0,7435.0,1301.0
385,KFC.JETLINER,KENDARI,30,7001.0,7001.0,0.0,7020.0,1411.0
385,KFC.JETLINER,WANCI,74,7033.0,7033.0,0.0,7035.0,1411.0
406,KM.DOBONSOLO,BAUBAU,10,7214.0,7214.0,0.0,7216.0,1022.0
401,KM.BUKITRAYA,KIJANG,31,7109.0,7109.0,0.0,7112.0,1102.0
413,KM.BUKITSIGUNTANG,NUNUKAN,49,7221.0,7221.0,0.0,7223.0,985.0
401,KM.BUKITRAYA,BLINYU,16,7128.0,7128.0,0.0,7129.0,1102.0
391,KM.AWU,SURABAYA,62,7210.0,7210.0,0.0,7215.0,1336.0
392,KM.SINABUNG,MAKASSAR,40,7239.0,7239.0,0.0,7242.0,1310.0
410,KM.KELIMUTU,PONTIANAK,52,7187.0,7187.0,0.0,7189.0,1059.0
387,KM.KELIMUTU,TANJUNGPANDAN,64,7208.0,7208.0,0.0,7210.0,1317.0
388,KM.LAMBELU,BALIKPAPAN,5,7248.0,7248.0,0.0,7250.0,1391.0
406,KM.DOBONSOLO,MAKASSAR,40,7232.0,7242.0,0.0,7245.0,1032.0
411,KM.NGGAPULU,MAKASSAR,40,7171.0,7242.0,0.0,7245.0,1065.0
390,KM.SANGIANG,BACAN,4,7193.0,7193.0,0.0,7195.0,1356.0
383,KM.KELUD,TANJUNGBALAIKARIMUN,63,6998.0,6998.0,0.0,6999.0,1442.0
396,KM.BUKITSIGUNTANG,BALIKPAPAN,5,7242.0,7250.0,0.0,7252.0,1321.0
408,KM.LAMBELU,PAREPARE,51,7263.0,7263.0,0.0,7265.0,1052.0
399,KM.GUNUNGDEMPO,SURABAYA,62,7226.0,7226.0,0.0,7228.0,1201.0
400,KM.TIDAR,TANJUNGPRIOK,65,7185.0,7185.0,0.0,7187.0,1168.0
409,KM.AWU,BENOA,12,7212.0,7212.0,0.0,7218.0,1036.0
398,KM.WILIS,MAKASSAR,40,7223.0,7245.0,0.0,7248.0,1287.0
403,KM.BINAIYA,LABUANBAJO,34,7206.0,7206.0,0.0,7208.0,1221.0
410,KM.KELIMUTU,TANJUNGPANDAN,64,7210.0,7210.0,0.0,7212.0,1059.0
395,KM.EGON,SURABAYA,62,7271.0,7271.0,0.0,7275.0,1365.0
384,KM.DOBONSOLO,SURABAYA,62,7270.0,7270.0,0.0,7272.0,1435.0
389,KM.NGGAPULU,SEMARANG,58,7211.0,7211.0,0.0,7215.0,1306.0
403,KM.BINAIYA,BIMA,14,7216.0,7216.0,0.0,7217.0,1221.0
411,KM.NGGAPULU,SURABAYA,62,7273.0,7273.0,0.0,7275.0,1065.0
393,KM.SIRIMAU,MAUMERE,42,7400.0,7400.0,0.0,7402.0,1255.0
393,KM.SIRIMAU,BAUBAU,10,7421.0,7421.0,0.0,7424.0,1255.0
403,KM.BINAIYA,BENOA,12,7240.0,7240.0,0.0,7253.0,1221.0
383,KM.KELUD,BATAM,8,7002.0,7002.0,0.0,7006.0,1442.0
413,KM.BUKITSIGUNTANG,BALIKPAPAN,5,7250.0,7252.0,0.0,7254.0,987.0
393,KM.SIRIMAU,WANCI,74,7432.0,7432.0,0.0,7434.0,1255.0
390,KM.SANGIANG,TERNATE,68,7207.0,7207.0,0.0,7210.0,1356.0
409,KM.AWU,SURABAYA,62,7246.0,7275.0,0.0,7280.0,1065.0
402,KM.PANGRANGO,BANDA,6,7350.0,7350.0,0.0,7351.0,1225.0
405,KM.TATAMAILAU,TIDORE,69,7459.0,7459.0,0.0,7460.0,1301.0
413,KM.BUKITSIGUNTANG,PAREPARE,51,7270.0,7270.0,0.0,7273.0,987.0
406,KM.DOBONSOLO,SURABAYA,62,7273.0,7275.0,0.0,7277.0,1034.0
393,KM.SIRIMAU,AMBON,2,7462.0,7462.0,0.0,7465.0,1255.0
395,KM.EGON,LEMBAR,36,7298.0,7298.0,0.0,7301.0,1365.0
403,KM.BINAIYA,LABUANBAJO,34,7280.0,7280.0,0.0,7283.0,1221.0
395,KM.EGON,BIMA,14,7318.0,7318.0,0.0,7321.0,1365.0
396,KM.BUKITSIGUNTANG,PAREPARE,51,7268.0,7273.0,0.0,7276.0,1326.0
388,KM.LAMBELU,PAREPARE,51,7266.0,7276.0,0.0,7278.0,1401.0
407,KM.SANGIANG,TERNATE,68,7202.0,7210.0,0.0,7213.0,1023.0
437,KM.TILONGKABILA,BENOA,12,6244.0,7253.0,0.0,7258.0,1009.0
437,KM.TILONGKABILA,LEMBAR,36,7264.0,7301.0,0.0,7303.0,1046.0
431,KM.SANGIANG,BITUNG,15,6209.0,7187.0,0.0,7234.0,978.0
443,KM.GUNUNGDEMPO,TANJUNGPRIOK,65,6386.0,6820.98,0.0,6833.98,434.97999999999956
434,KM.DOROLONDA,SURABAYA,62,6236.0,7277.0,0.0,7294.0,1041.0
432,KM.LAMBELU,MAKASSAR,40,6218.0,7245.0,0.0,7252.0,1027.0
446,KM.BINAIYA,BENOA,12,6432.0,7258.0,0.0,7266.0,826.0
446,KM.BINAIYA,BIMA,14,7289.0,7321.0,0.0,7323.0,858.0
447,KM.LAWIT,KUMAI,32,6443.0,7109.0,6.0,7118.0,672.0
433,KM.NGGAPULU,TANJUNGPRIOK,65,6236.0,6833.98,0.0,6846.98,597.9799999999996
443,KM.GUNUNGDEMPO,SURABAYA,62,6857.98,7280.0,0.0,7284.0,857.0
428,KM.PANGRANGO,AMBON,2,6145.0,7187.0,0.0,7192.0,1042.0
419,KM.LEUSER,SURABAYA,62,5987.0,7284.0,0.0,7311.0,1297.0
444,KM.BUKITRAYA,TANJUNGPRIOK,65,6391.0,6846.98,0.0,6853.98,455.97999999999956
423,KM.BUKITRAYA,TANJUNGPRIOK,65,6055.0,6853.98,0.0,6861.98,798.9799999999996
426,KM.LAWIT,KUMAI,32,6109.0,7120.0,0.0,7124.0,1011.0
418,KM.LABOBAR,TANJUNGPRIOK,65,5976.0,6861.98,0.0,6879.98,885.9799999999996
431,KM.SANGIANG,TERNATE,68,7254.0,7254.0,0.0,7259.0,978.0
446,KM.BINAIYA,LABUANBAJO,34,7331.0,7331.0,0.0,7333.0,858.0
414,KM.SINABUNG,SURABAYA,62,5962.0,7294.0,0.0,7319.0,1332.0
436,KM.AWU,KUMAI,32,6243.0,7124.0,9.0,7167.0,890.0
432,KM.LAMBELU,PAREPARE,51,7257.0,7278.0,0.0,7281.0,1048.0
417,KM.TILONGKABILA,BIMA,14,5970.0,7323.0,0.0,7325.0,1353.0
418,KM.LABOBAR,SEMARANG,58,6894.98,7215.0,0.0,7220.0,1206.0
430,KM.KELIMUTU,TANJUNGPRIOK,65,6171.0,6879.98,0.0,6918.98,708.9799999999996
423,KM.BUKITRAYA,BLINYU,16,6889.98,7129.0,0.0,7130.0,1038.0
438,KM.DOBONSOLO,TANJUNGPRIOK,65,6269.0,6918.98,0.0,6934.98,649.9799999999996
439,KM.BUKITSIGUNTANG,MAKASSAR,40,6291.0,7248.0,0.0,7271.0,957.0
428,KM.PANGRANGO,BANDA,6,7213.0,7351.0,0.0,7352.0,1180.0
424,KM.BINAIYA,BENOA,12,6089.0,7266.0,0.0,7281.0,1177.0
426,KM.LAWIT,SURABAYA,62,7153.0,7311.0,0.0,7317.0,1169.0
418,KM.LABOBAR,SURABAYA,62,7233.0,7317.0,0.0,7320.0,1290.0
431,KM.SANGIANG,BACAN,4,7271.0,7271.0,0.0,7274.0,978.0
438,KM.DOBONSOLO,SURABAYA,62,6961.98,7319.0,0.0,7323.0,1007.0
444,KM.BUKITRAYA,BLINYU,16,6881.98,7130.0,0.0,7131.0,704.0
441,KM.LABOBAR,TANJUNGPRIOK,65,6319.0,6934.98,0.0,6964.98,615.9799999999996
417,KM.TILONGKABILA,LABUANBAJO,34,7332.0,7333.0,0.0,7335.0,1354.0
435,KM.SIRIMAU,SORONG,61,6242.0,7162.0,0.0,7173.0,920.0
447,KM.LAWIT,SURABAYA,62,7146.0,7320.0,0.0,7324.0,846.0
432,KM.LAMBELU,BALIKPAPAN,5,7297.0,7297.0,0.0,7302.0,1048.0
429,KM.TATAMAILAU,BITUNG,15,6171.0,7234.0,0.0,7253.0,1063.0
423,KM.BUKITRAYA,KIJANG,31,7145.0,7145.0,0.0,7148.0,1038.0
439,KM.BUKITSIGUNTANG,PAREPARE,51,7276.0,7281.0,0.0,7285.0,962.0
420,KM.WILIS,BATULICIN,9,5991.0,7246.0,0.0,7251.0,1255.0
424,KM.BINAIYA,BIMA,14,7304.0,7325.0,0.0,7327.0,1198.0
416,KM.EGON,WAINGAPU,73,5969.0,7165.0,1.0199999999999996,7173.0,1197.0200000000004
417,KM.TILONGKABILA,MAKASSAR,40,7353.0,7353.0,0.0,7357.0,1354.0
417,KM.TILONGKABILA,BAUBAU,10,7378.0,7378.0,0.0,7380.0,1354.0
421,KM.GUNUNGDEMPO,TANJUNGPRIOK,65,6050.0,6964.98,0.0,6977.98,914.9799999999996
414,KM.SINABUNG,MAKASSAR,40,7350.0,7350.0,0.0,7354.0,1332.0
432,KM.LAMBELU,TARAKAN,66,7328.0,7328.0,0.0,7331.0,1048.0
429,KM.TATAMAILAU,TERNATE,68,7267.0,7267.0,0.0,7268.0,1063.0
417,KM.TILONGKABILA,RAHA,53,7384.0,7384.0,0.0,7385.0,1354.0
433,KM.NGGAPULU,SURABAYA,62,6873.98,7323.0,0.0,7327.0,1047.0
429,KM.TATAMAILAU,AMBON,2,7294.0,7294.0,0.0,7297.0,1063.0
438,KM.DOBONSOLO,MAKASSAR,40,7355.0,7359.0,0.0,7363.0,1011.0
418,KM.LABOBAR,MAKASSAR,40,7349.0,7357.0,0.0,7361.0,1298.0
435,KM.SIRIMAU,AMBON,2,7207.0,7297.0,0.0,7300.0,1010.0
424,KM.BINAIYA,LABUANBAJO,34,7335.0,7335.0,0.0,7337.0,1198.0
421,KM.GUNUNGDEMPO,SURABAYA,62,7001.98,7324.0,0.0,7328.0,1237.0
428,KM.PANGRANGO,AMBON,2,7371.0,7371.0,0.0,7373.0,1180.0
418,KM.LABOBAR,BAUBAU,10,7377.0,7380.0,0.0,7382.0,1301.0
434,KM.DOROLONDA,BALIKPAPAN,5,7323.0,7323.0,0.0,7325.0,1041.0
420,KM.WILIS,MAKASSAR,40,7281.0,7361.0,0.0,7367.0,1335.0
439,KM.BUKITSIGUNTANG,BALIKPAPAN,5,7300.0,7325.0,0.0,7330.0,987.0
431,KM.SANGIANG,SANANA,56,7296.0,7296.0,0.0,7298.0,978.0
439,KM.BUKITSIGUNTANG,TARAKAN,66,7355.0,7355.0,0.0,7359.0,987.0
437,KM.TILONGKABILA,BIMA,14,7321.0,7327.0,0.0,7331.0,1052.0
446,KM.BINAIYA,MAKASSAR,40,7353.0,7363.0,0.0,7368.0,868.0
429,KM.TATAMAILAU,TUAL,71,7324.0,7389.0,0.0,7393.0,1128.0
428,KM.PANGRANGO,NAMROLE,47,7387.0,7387.0,0.0,7388.0,1180.0
446,KM.BINAIYA,AWERANGE,3,7374.0,7374.0,0.0,7376.0,868.0
442,KM.SINABUNG,SURABAYA,62,6334.0,7327.0,0.0,7335.0,993.0
424,KM.BINAIYA,MAKASSAR,40,7357.0,7367.0,0.0,7372.0,1208.0
414,KM.SINABUNG,BAUBAU,10,7369.0,7382.0,0.0,7385.0,1345.0
441,KM.LABOBAR,SURABAYA,62,6990.98,7328.0,0.0,7332.0,953.0
418,KM.LABOBAR,AMBON,2,7407.0,7407.0,0.0,7410.0,1301.0
440,KM.EGON,WAINGAPU,73,6310.0,7173.0,0.0,7188.0,863.0
419,KM.LEUSER,BENOA,12,7339.0,7339.0,0.0,7343.0,1297.0
419,KM.LEUSER,BIMA,14,7365.0,7365.0,0.0,7367.0,1297.0
443,KM.GUNUNGDEMPO,MAKASSAR,40,7311.0,7368.0,0.0,7371.0,914.0
424,KM.BINAIYA,PAREPARE,51,7379.0,7379.0,0.0,7381.0,1208.0
419,KM.LEUSER,LABUANBAJO,34,7375.0,7375.0,0.0,7377.0,1297.0
434,KM.DOROLONDA,PANTOLOAN,50,7337.0,7337.0,0.0,7339.0,1041.0
435,KM.SIRIMAU,WANCI,74,7329.0,7434.0,0.0,7436.0,1115.0
444,KM.BUKITRAYA,KIJANG,31,7146.0,7148.0,0.0,7151.0,706.0
432,KM.LAMBELU,NUNUKAN,49,7337.0,7337.0,0.0,7340.0,1048.0
432,KM.LAMBELU,PANTOLOAN,50,7361.0,7361.0,0.0,7363.0,1048.0
417,KM.TILONGKABILA,KENDARI,30,7391.0,7391.0,0.0,7393.0,1354.0
431,KM.SANGIANG,NAMLEA,46,7311.0,7311.0,0.0,7313.0,978.0
439,KM.BUKITSIGUNTANG,NUNUKAN,49,7365.0,7365.0,0.0,7368.0,987.0
423,KM.BUKITRAYA,LETUNG,37,7161.0,7161.0,0.0,7162.0,1038.0
435,KM.SIRIMAU,BAUBAU,10,7444.0,7444.0,0.0,7447.0,1115.0
437,KM.TILONGKABILA,LABUANBAJO,34,7338.0,7377.0,-4.3653969328261155e-13,7378.98,1091.0
432,KM.LAMBELU,BALIKPAPAN,5,7376.0,7376.0,0.0,7378.0,1048.0
443,KM.GUNUNGDEMPO,SORONG,61,7420.0,7420.0,0.0,7423.0,914.0
441,KM.LABOBAR,MAKASSAR,40,7361.0,7371.0,0.0,7374.0,963.0
421,KM.GUNUNGDEMPO,MAKASSAR,40,7355.0,7372.0,0.0,7375.0,1254.0
433,KM.NGGAPULU,MAKASSAR,40,7356.0,7374.0,0.0,7378.0,1065.0
435,KM.SIRIMAU,MAUMERE,42,7467.0,7467.0,0.0,7469.0,1115.0
433,KM.NGGAPULU,BAUBAU,10,7392.0,7424.0,0.0,7426.0,1097.0
422,KM.TIDAR,KIJANG,31,6053.0,7151.0,0.0,7157.0,1098.0
443,KM.GUNUNGDEMPO,MANOKWARI,41,7435.0,7435.0,0.0,7437.0,914.0
416,KM.EGON,LEMBAR,36,7202.02,7303.0,0.0,7306.0,1298.0
424,KM.BINAIYA,BONTANG,17,7408.0,7408.0,0.0,7411.0,1208.0
419,KM.LEUSER,MAKASSAR,40,7397.0,7397.0,0.0,7401.0,1297.0
428,KM.PANGRANGO,AMBON,2,7403.0,7410.0,0.0,7414.0,1187.0
423,KM.BUKITRAYA,TAREMPA,67,7166.0,7166.0,0.0,7168.0,1038.0
444,KM.BUKITRAYA,LETUNG,37,7164.0,7164.0,0.0,7165.0,706.0
430,KM.KELIMUTU,TANJUNGPANDAN,64,6936.98,7212.0,0.0,7214.0,984.0
435,KM.SIRIMAU,LEWOLEBA,38,7479.0,7479.0,0.0,7481.0,1115.0
442,KM.SINABUNG,MAKASSAR,40,7366.0,7378.0,0.0,7381.0,1005.0
416,KM.EGON,SURABAYA,62,7328.0,7332.0,0.0,7337.0,1302.0
426,KM.LAWIT,BENOA,12,7347.0,7347.0,0.0,7352.0,1169.0
419,KM.LEUSER,BAUBAU,10,7423.0,7426.0,0.0,7428.0,1300.0
429,KM.TATAMAILAU,DOBO,20,7403.0,7403.0,0.0,7405.0,1128.0
433,KM.NGGAPULU,NAMLEA,46,7449.0,7449.0,0.0,7451.0,1097.0
443,KM.GUNUNGDEMPO,WASIOR,76,7444.0,7444.0,0.0,7445.0,914.0
446,KM.BINAIYA,BONTANG,17,7404.0,7411.0,0.0,7414.0,875.0
434,KM.DOROLONDA,BITUNG,15,7368.0,7368.0,0.0,7371.0,1041.0
416,KM.EGON,BATULICIN,9,7365.0,7371.0,0.0,7374.0,1308.0
443,KM.GUNUNGDEMPO,NABIRE,45,7452.0,7452.0,0.0,7454.0,914.0
441,KM.LABOBAR,BAUBAU,10,7390.0,7428.0,0.0,7430.0,1001.0
436,KM.AWU,SURABAYA,62,7195.0,7335.0,-4.369837824924616e-13,7341.98,1030.0
438,KM.DOBONSOLO,BAUBAU,10,7380.0,7430.0,0.0,7432.0,1061.0
418,KM.LABOBAR,BANDA,6,7418.0,7418.0,0.0,7420.0,1301.0
433,KM.NGGAPULU,AMBON,2,7457.0,7457.0,0.0,7461.0,1097.0
421,KM.GUNUNGDEMPO,SORONG,61,7424.0,7424.0,0.0,7427.0,1254.0
447,KM.LAWIT,SAMPIT,55,7353.0,7462.0,2.0,7482.0,957.0
437,KM.TILONGKABILA,MAKASSAR,40,7397.0,7397.0,0.0,7402.0,1091.0
416,KM.EGON,PAREPARE,51,7397.0,7397.0,0.0,7400.0,1308.0
423,KM.BUKITRAYA,NATUNA,48,7179.0,7179.0,-4.3653969328261155e-13,7181.98,1038.0
441,KM.LABOBAR,AMBON,2,7455.0,7461.0,0.0,7464.0,1007.0
436,KM.AWU,BENOA,12,7369.0,7369.0,0.0,7375.0,1030.0
414,KM.SINABUNG,BANGGAI,7,7402.0,7402.0,0.0,7403.0,1345.0
436,KM.AWU,BIMA,14,7396.0,7396.0,0.0,7398.0,1030.0
433,KM.NGGAPULU,TERNATE,68,7481.0,7481.0,0.0,7483.0,1097.0
426,KM.LAWIT,BIMA,14,7374.0,7398.0,0.0,7401.0,1193.0
426,KM.LAWIT,WAINGAPU,73,7416.0,7416.0,0.0,7419.0,1193.0
419,KM.LEUSER,WANCI,74,7436.0,7436.0,0.0,7438.0,1300.0
431,KM.SANGIANG,AMBON,2,7323.0,7464.0,0.0,7468.0,1119.0
422,KM.TIDAR,TANJUNGPRIOK,65,7192.0,7192.0,0.0,7202.0,1098.0
437,KM.TILONGKABILA,BAUBAU,10,7423.0,7432.0,0.0,7434.0,1100.0
418,KM.LABOBAR,TUAL,71,7433.0,7433.0,0.0,7436.0,1301.0
441,KM.LABOBAR,BANDA,6,7472.0,7472.0,0.0,7474.0,1007.0
442,KM.SINABUNG,BAUBAU,10,7396.0,7434.0,0.0,7437.0,1043.0
439,KM.BUKITSIGUNTANG,BALIKPAPAN,5,7395.0,7395.0,0.0,7397.0,987.0
426,KM.LAWIT,ENDE,21,7429.0,7429.0,0.0,7431.0,1193.0
442,KM.SINABUNG,BANGGAI,7,7454.0,7454.0,0.0,7455.0,1043.0
434,KM.DOROLONDA,TERNATE,68,7380.0,7483.0,0.0,7485.0,1144.0
421,KM.GUNUNGDEMPO,MANOKWARI,41,7439.0,7439.0,0.0,7441.0,1254.0
434,KM.DOROLONDA,SORONG,61,7504.0,7504.0,0.0,7507.0,1144.0
438,KM.DOBONSOLO,SORONG,61,7474.0,7474.0,3.0,7480.0,1064.0
436,KM.AWU,WAINGAPU,73,7412.0,7419.0,0.0,7422.0,1037.0
437,KM.TILONGKABILA,RAHA,53,7438.0,7438.0,0.0,7440.0,1100.0
430,KM.KELIMUTU,PONTIANAK,52,7238.0,7238.0,15.0,7256.0,999.0
414,KM.SINABUNG,BITUNG,15,7417.0,7417.0,0.0,7420.0,1345.0
421,KM.GUNUNGDEMPO,WASIOR,76,7448.0,7448.0,0.0,7449.0,1254.0
426,KM.LAWIT,KALABAHI,28,7450.0,7450.0,0.0,7452.0,1193.0
417,KM.TILONGKABILA,LUWUK,39,7410.0,7410.0,0.0,7412.0,1354.0
441,KM.LABOBAR,TUAL,71,7487.0,7487.0,0.0,7490.0,1007.0
439,KM.BUKITSIGUNTANG,PAREPARE,51,7412.0,7412.0,0.0,7416.0,987.0
419,KM.LEUSER,NAMROLE,47,7464.0,7464.0,0.0,7466.0,1300.0
434,KM.DOROLONDA,MANOKWARI,41,7519.0,7519.0,0.0,7521.0,1144.0
444,KM.BUKITRAYA,TAREMPA,67,7169.0,7169.0,0.0,7171.0,706.0
433,KM.NGGAPULU,JAILOLO,25,7485.0,7485.0,0.0,7487.0,1097.0
444,KM.BUKITRAYA,NATUNA,48,7182.0,7182.0,0.0,7185.0,706.0
414,KM.SINABUNG,TERNATE,68,7430.0,7485.0,0.0,7487.0,1400.0
433,KM.NGGAPULU,BITUNG,15,7496.0,7496.0,0.0,7507.0,1097.0
442,KM.SINABUNG,BITUNG,15,7469.0,7507.0,0.0,7509.0,1081.0
444,KM.BUKITRAYA,MIDAI,44,7189.0,7189.0,0.0,7191.0,706.0
435,KM.SIRIMAU,KUPANG,33,7493.0,7493.0,-4.369837824924616e-13,7498.98,1115.0
422,KM.TIDAR,SURABAYA,62,7231.0,7337.0,0.0,7340.0,1204.0
424,KM.BINAIYA,PAREPARE,51,7438.0,7438.0,0.0,7440.0,1208.0
442,KM.SINABUNG,TERNATE,68,7519.0,7519.0,0.0,7521.0,1081.0
419,KM.LEUSER,AMBON,2,7478.0,7478.0,0.0,7481.0,1300.0
422,KM.TIDAR,MAKASSAR,40,7372.0,7401.0,0.0,7404.0,1233.0
429,KM.TATAMAILAU,TIMIKA,70,7425.0,7425.0,6.0,7434.0,1134.0
414,KM.SINABUNG,BACAN,4,7493.0,7493.0,0.0,7494.0,1400.0
439,KM.BUKITSIGUNTANG,MAKASSAR,40,7421.0,7421.0,0.0,7425.0,987.0
437,KM.TILONGKABILA,KENDARI,30,7446.0,7446.0,0.0,7450.0,1100.0
422,KM.TIDAR,BAUBAU,10,7420.0,7437.0,0.0,7440.0,1250.0
426,KM.LAWIT,KUPANG,33,7465.0,7465.0,0.0,7469.0,1193.0
419,KM.LEUSER,SAUMLAKI,57,7512.0,7512.0,0.0,7514.0,1300.0
433,KM.NGGAPULU,JAILOLO,25,7517.0,7517.0,0.0,7519.0,1097.0
426,KM.LAWIT,ROTE,54,7474.0,7474.0,0.0,7476.0,1193.0
419,KM.LEUSER,TUAL,71,7534.0,7534.0,0.0,7539.0,1300.0
438,KM.DOBONSOLO,MANOKWARI,41,7494.0,7521.0,2.02,7525.0,1093.0200000000004
423,KM.BUKITRAYA,MIDAI,44,7186.0,7191.0,0.0,7193.0,1043.0
446,KM.BINAIYA,PAREPARE,51,7441.0,7441.0,0.0,7443.0,875.0
423,KM.BUKITRAYA,SERASAN,59,7201.0,7201.0,0.0,7203.0,1043.0
447,KM.LAWIT,SEMARANG,58,7514.0,7514.0,0.0,7516.0,957.0
446,KM.BINAIYA,BONTANG,17,7470.0,7470.0,0.0,7474.0,875.0
414,KM.SINABUNG,SORONG,61,7509.0,7509.0,0.0,7512.0,1400.0
423,KM.BUKITRAYA,PONTIANAK,52,7222.0,7258.0,0.0,7261.0,1079.0
432,KM.LAMBELU,PAREPARE,51,7394.0,7443.0,0.0,7445.0,1097.0
431,KM.SANGIANG,BANDA,6,7484.0,7484.0,0.0,7486.0,1119.0
440,KM.EGON,LEMBAR,36,7217.0,7306.0,4.0,7313.0,956.0
429,KM.TATAMAILAU,AGATS,1,7446.0,7446.0,0.0,7450.0,1134.0
418,KM.LABOBAR,DOBO,20,7443.0,7443.0,0.0,7446.0,1301.0
418,KM.LABOBAR,KAIMANA,27,7455.0,7455.0,0.0,7457.0,1301.0
436,KM.AWU,ENDE,21,7431.0,7431.0,0.0,7433.0,1037.0
437,KM.TILONGKABILA,LUWUK,39,7467.0,7467.0,0.0,7470.0,1100.0
434,KM.DOROLONDA,NABIRE,45,7531.0,7531.0,0.0,7533.0,1144.0
422,KM.TIDAR,MAUMERE,42,7454.0,7469.0,0.0,7471.0,1265.0
437,KM.TILONGKABILA,GORONTALO,24,7481.0,7481.0,0.0,7483.0,1100.0
421,KM.GUNUNGDEMPO,NABIRE,45,7456.0,7533.0,0.0,7535.0,1331.0
414,KM.SINABUNG,MANOKWARI,41,7526.0,7526.0,0.0,7528.0,1400.0
447,KM.LAWIT,KUMAI,32,7541.0,7555.0,2.0,7561.0,973.0
442,KM.SINABUNG,BACAN,4,7527.0,7527.0,0.0,7528.0,1081.0
429,KM.TATAMAILAU,MERAUKE,43,7496.0,7542.0,12.0,7565.0,1192.0
438,KM.DOBONSOLO,SORONG,61,7539.02,7544.0,0.0,7547.0,1098.0
426,KM.LAWIT,KUPANG,33,7481.0,7481.0,0.0,7485.0,1193.0
434,KM.DOROLONDA,SERUI,60,7539.0,7539.0,0.0,7541.0,1144.0
420,KM.WILIS,LABUANBAJO,34,7391.0,7391.0,0.0,7392.0,1335.0
430,KM.KELIMUTU,SEMARANG,58,7301.0,7516.0,0.0,7529.0,1214.0
442,KM.SINABUNG,SORONG,61,7543.0,7543.0,0.0,7547.0,1081.0
444,KM.BUKITRAYA,SERASAN,59,7199.0,7203.0,0.0,7205.0,710.0
426,KM.LAWIT,KALABAHI,28,7498.0,7498.0,0.0,7500.0,1193.0
424,KM.BINAIYA,MAKASSAR,40,7447.0,7447.0,0.0,7450.0,1208.0
431,KM.SANGIANG,GESER,23,7496.0,7496.0,0.0,7498.0,1119.0
439,KM.BUKITSIGUNTANG,MAUMERE,42,7443.0,7471.0,0.0,7473.0,1015.0
444,KM.BUKITRAYA,PONTIANAK,52,7224.0,7261.0,0.0,7263.0,747.0
441,KM.LABOBAR,DOBO,20,7497.0,7497.0,0.0,7500.0,1007.0
421,KM.GUNUNGDEMPO,JAYAPURA,26,7558.0,7558.0,0.0,7564.0,1331.0
447,KM.LAWIT,SEMARANG,58,7586.0,7586.0,0.0,7591.0,973.0
440,KM.EGON,SURABAYA,62,7335.0,7340.0,-4.369837824924616e-13,7344.98,961.0
434,KM.DOROLONDA,JAYAPURA,26,7561.0,7564.0,0.0,7569.0,1147.0
424,KM.BINAIYA,LABUANBAJO,34,7469.0,7469.0,0.0,7471.0,1208.0
414,KM.SINABUNG,BIAK,13,7537.0,7537.0,0.0,7539.0,1400.0
428,KM.PANGRANGO,BANDA,6,7435.0,7486.0,0.0,7487.0,1238.0
419,KM.LEUSER,DOBO,20,7550.0,7550.0,0.0,7554.0,1300.0
446,KM.BINAIYA,AWERANGE,3,7501.0,7501.0,0.0,7503.0,875.0
442,KM.SINABUNG,MANOKWARI,41,7571.0,7571.0,0.0,7573.0,1081.0
432,KM.LAMBELU,MAKASSAR,40,7450.0,7450.0,0.0,7453.0,1097.0
441,KM.LABOBAR,KAIMANA,27,7509.0,7509.0,-4.3653969328261155e-13,7510.98,1007.0
443,KM.GUNUNGDEMPO,JAYAPURA,26,7477.0,7569.0,0.0,7575.0,1006.0
420,KM.WILIS,BIMA,14,7401.0,7401.0,0.0,7402.0,1335.0
432,KM.LAMBELU,BAUBAU,10,7468.0,7468.0,0.0,7470.0,1097.0
436,KM.AWU,KUPANG,33,7446.0,7485.0,0.0,7490.0,1076.0
433,KM.NGGAPULU,TERNATE,68,7521.0,7521.0,0.0,7523.0,1097.0
436,KM.AWU,KALABAHI,28,7503.0,7503.0,0.0,7506.0,1076.0
438,KM.DOBONSOLO,BAUBAU,10,7587.0,7587.0,0.0,7589.0,1098.0
435,KM.SIRIMAU,KALABAHI,28,7513.0,7513.0,0.0,7515.0,1115.0
414,KM.SINABUNG,JAYAPURA,26,7560.0,7575.0,0.0,7580.0,1415.0
419,KM.LEUSER,TIMIKA,70,7573.0,7573.0,10.0,7585.0,1310.0
431,KM.SANGIANG,FAKFAK,22,7511.0,7511.0,0.0,7520.0,1119.0
432,KM.LAMBELU,MAUMERE,42,7483.0,7483.0,0.0,7485.0,1097.0
416,KM.EGON,BONTANG,17,7425.0,7480.0,0.020000000000000018,7483.0,1363.0200000000004
428,KM.PANGRANGO,SAUMLAKI,57,7524.0,7524.0,0.0,7527.0,1238.0
419,KM.LEUSER,AGATS,1,7599.0,7599.0,0.0,7601.0,1310.0
418,KM.LABOBAR,FAKFAK,22,7467.0,7520.0,0.0,7523.0,1354.0
428,KM.PANGRANGO,BANDA,6,7563.0,7563.0,0.0,7564.0,1238.0
414,KM.SINABUNG,BIAK,13,7601.0,7601.0,0.0,7603.0,1415.0
417,KM.TILONGKABILA,GORONTALO,24,7423.0,7483.0,0.0,7485.0,1414.0
414,KM.SINABUNG,MANOKWARI,41,7612.0,7612.0,0.0,7614.0,1415.0
421,KM.GUNUNGDEMPO,NABIRE,45,7586.0,7586.0,0.0,7588.0,1331.0
417,KM.TILONGKABILA,BITUNG,15,7500.0,7509.0,0.0,7522.0,1423.0
431,KM.SANGIANG,GESER,23,7533.0,7533.0,0.0,7535.0,1119.0
440,KM.EGON,BATULICIN,9,7372.0,7374.0,5.0,7382.0,968.0
431,KM.SANGIANG,BANDA,6,7544.0,7564.0,0.0,7566.0,1139.0
423,KM.BUKITRAYA,SURABAYA,62,7307.0,7341.98,0.0,7346.98,1113.9799999999996
437,KM.TILONGKABILA,BITUNG,15,7498.0,7522.0,0.0,7535.0,1124.0
442,KM.SINABUNG,BIAK,13,7581.0,7603.0,0.0,7605.0,1103.0
439,KM.BUKITSIGUNTANG,LEWOLEBA,38,7479.0,7481.0,0.0,7483.0,1017.0
434,KM.DOROLONDA,SERUI,60,7588.0,7588.0,0.0,7590.0,1147.0
444,KM.BUKITRAYA,SURABAYA,62,7309.0,7344.98,0.0,7348.98,782.9799999999996
429,KM.TATAMAILAU,AGATS,1,7600.0,7601.0,6.0,7609.0,1199.0
432,KM.LAMBELU,LARANTUKA,35,7490.0,7490.0,0.0,7492.0,1097.0
435,KM.SIRIMAU,SAUMLAKI,57,7561.0,7561.0,0.0,7563.0,1115.0
434,KM.DOROLONDA,NABIRE,45,7596.0,7596.0,0.0,7598.0,1147.0
418,KM.LABOBAR,KAIMANA,27,7533.0,7533.0,0.0,7535.0,1354.0
434,KM.DOROLONDA,MANOKWARI,41,7608.0,7614.0,0.0,7616.0,1153.0
422,KM.TIDAR,LARANTUKA,35,7477.0,7492.0,0.0,7494.0,1280.0
435,KM.SIRIMAU,TUAL,71,7583.0,7583.0,0.0,7589.0,1115.0
444,KM.BUKITRAYA,PONTIANAK,52,7396.98,7397.0,20.0,7419.0,803.0
436,KM.AWU,KUPANG,33,7519.0,7519.0,0.0,7524.0,1076.0
429,KM.TATAMAILAU,TIMIKA,70,7624.0,7624.0,0.0,7627.0,1199.0
435,KM.SIRIMAU,DOBO,20,7600.0,7600.0,0.0,7602.0,1115.0
430,KM.KELIMUTU,KUMAI,32,7554.0,7563.0,12.0,7578.0,1235.0
418,KM.LABOBAR,DOBO,20,7544.0,7602.0,-4.3653969328261155e-13,7603.98,1412.0
422,KM.TIDAR,LEWOLEBA,38,7497.0,7497.0,0.0,7499.0,1280.0
418,KM.LABOBAR,TUAL,71,7611.0,7611.0,0.0,7613.0,1412.0
430,KM.KELIMUTU,SURABAYA,62,7605.0,7605.0,0.0,7609.0,1235.0
418,KM.LABOBAR,BANDA,6,7625.0,7625.0,0.0,7626.0,1412.0
442,KM.SINABUNG,JAYAPURA,26,7627.0,7627.0,0.0,7632.0,1103.0
414,KM.SINABUNG,SORONG,61,7628.0,7628.0,0.0,7630.0,1415.0
437,KM.TILONGKABILA,GORONTALO,24,7550.0,7550.0,0.0,7552.0,1124.0
444,KM.BUKITRAYA,SERASAN,59,7434.0,7434.0,0.0,7436.0,803.0
431,KM.SANGIANG,AMBON,2,7583.0,7583.0,-4.369837824924616e-13,7594.98,1139.0
435,KM.SIRIMAU,TIMIKA,70,7622.0,7627.0,0.0,7629.0,1120.0
426,KM.LAWIT,ENDE,21,7519.0,7519.0,0.0,7521.0,1193.0
420,KM.WILIS,WAIKELO,72,7413.0,7413.0,0.0,7414.0,1335.0
436,KM.AWU,ENDE,21,7537.0,7537.0,0.0,7539.0,1076.0
443,KM.GUNUNGDEMPO,NABIRE,45,7597.0,7598.0,0.0,7600.0,1007.0
442,KM.SINABUNG,BIAK,13,7654.0,7654.0,0.0,7656.0,1103.0
422,KM.TIDAR,KUPANG,33,7507.0,7507.0,0.0,7511.0,1280.0
440,KM.EGON,PAREPARE,51,7405.0,7445.0,0.0,7447.0,1008.0
422,KM.TIDAR,LEWOLEBA,38,7519.0,7519.0,0.0,7521.0,1280.0
416,KM.EGON,PAREPARE,51,7508.02,7508.02,0.0,7511.02,1363.0200000000004
447,KM.LAWIT,KARIMUNJAWA,29,7598.0,7598.0,0.0,7601.0,973.0
423,KM.BUKITRAYA,PONTIANAK,52,7392.98,7421.0,0.0,7423.0,1142.0
437,KM.TILONGKABILA,LUWUK,39,7563.0,7563.0,0.0,7565.0,1124.0
424,KM.BINAIYA,BIMA,14,7479.0,7479.0,0.0,7480.0,1208.0
418,KM.LABOBAR,AMBON,2,7634.0,7634.0,0.0,7636.0,1412.0
414,KM.SINABUNG,BACAN,4,7645.0,7645.0,0.0,7646.0,1415.0
446,KM.BINAIYA,MAKASSAR,40,7509.0,7509.0,0.0,7513.0,875.0
421,KM.GUNUNGDEMPO,WASIOR,76,7594.0,7594.0,-4.3653969328261155e-13,7594.98,1331.0
441,KM.LABOBAR,FAKFAK,22,7521.0,7523.0,0.0,7526.0,1009.0
424,KM.BINAIYA,BENOA,12,7503.0,7503.0,0.0,7507.0,1208.0
439,KM.BUKITSIGUNTANG,KUPANG,33,7490.0,7511.0,0.0,7516.0,1038.0
444,KM.BUKITRAYA,MIDAI,44,7444.0,7444.0,0.0,7445.0,803.0
444,KM.BUKITRAYA,NATUNA,48,7449.0,7449.0,-4.3653969328261155e-13,7450.98,803.0
447,KM.LAWIT,SEMARANG,58,7608.0,7608.0,0.0,7612.0,973.0
417,KM.TILONGKABILA,GORONTALO,24,7537.0,7552.0,0.0,7554.0,1438.0
429,KM.TATAMAILAU,DOBO,20,7644.0,7644.0,0.0,7647.0,1199.0
419,KM.LEUSER,MERAUKE,43,7648.0,7668.0,1.0199999999999996,7691.0,1331.0200000000004
436,KM.AWU,WAINGAPU,73,7548.0,7548.0,0.0,7551.0,1076.0
423,KM.BUKITRAYA,SERASAN,59,7437.0,7437.0,0.0,7439.0,1142.0
437,KM.TILONGKABILA,KENDARI,30,7583.0,7583.0,0.0,7587.0,1124.0
419,KM.LEUSER,AGATS,1,7732.02,7733.0,0.0,7735.0,1332.0
424,KM.BINAIYA,BIMA,14,7530.0,7530.0,0.0,7533.0,1208.0
428,KM.PANGRANGO,AMBON,2,7583.0,7594.98,0.0,7597.98,1249.9799999999996
441,KM.LABOBAR,KAIMANA,27,7536.0,7536.0,0.0,7538.0,1009.0
437,KM.TILONGKABILA,RAHA,53,7594.0,7594.0,0.0,7595.0,1124.0
424,KM.BINAIYA,WAINGAPU,73,7547.0,7551.0,0.0,7553.0,1212.0
433,KM.NGGAPULU,AMBON,2,7543.0,7597.98,0.0,7600.98,1151.9799999999996
441,KM.LABOBAR,DOBO,20,7547.0,7647.0,0.0,7649.0,1109.0
414,KM.SINABUNG,TERNATE,68,7652.0,7652.0,0.0,7654.0,1415.0
443,KM.GUNUNGDEMPO,WASIOR,76,7606.0,7606.0,-4.3653969328261155e-13,7606.98,1007.0
422,KM.TIDAR,LARANTUKA,35,7524.0,7524.0,0.0,7526.0,1280.0
435,KM.SIRIMAU,AGATS,1,7641.0,7735.0,5.0,7746.0,1219.0
443,KM.GUNUNGDEMPO,MANOKWARI,41,7614.0,7616.0,0.0,7618.0,1009.0
422,KM.TIDAR,MAUMERE,42,7532.0,7532.0,0.0,7534.0,1280.0
429,KM.TATAMAILAU,TUAL,71,7656.0,7656.0,0.0,7659.0,1199.0
439,KM.BUKITSIGUNTANG,LEWOLEBA,38,7523.0,7523.0,0.0,7525.0,1038.0
417,KM.TILONGKABILA,LUWUK,39,7565.0,7565.0,0.0,7567.0,1438.0
430,KM.KELIMUTU,BATULICIN,9,7640.0,7640.0,0.0,7642.0,1235.0
419,KM.LEUSER,TIMIKA,70,7748.0,7748.0,0.0,7754.0,1332.0
421,KM.GUNUNGDEMPO,MANOKWARI,41,7602.0,7618.0,0.0,7620.0,1347.0
434,KM.DOROLONDA,SORONG,61,7628.0,7628.0,0.0,7631.0,1153.0
441,KM.LABOBAR,TUAL,71,7656.0,7659.0,0.0,7661.0,1112.0
420,KM.WILIS,BIMA,14,7425.0,7533.0,0.0,7535.0,1443.0
436,KM.AWU,BIMA,14,7565.0,7565.0,0.0,7567.0,1076.0
432,KM.LAMBELU,BAUBAU,10,7504.0,7504.0,0.0,7506.0,1097.0
434,KM.DOROLONDA,TERNATE,68,7650.0,7654.0,0.0,7656.0,1157.0
440,KM.EGON,BONTANG,17,7472.0,7483.0,0.0,7485.0,1019.0
439,KM.BUKITSIGUNTANG,MAUMERE,42,7531.0,7534.0,0.0,7536.0,1041.0
422,KM.TIDAR,BAUBAU,10,7547.0,7547.0,0.0,7550.0,1280.0
421,KM.GUNUNGDEMPO,SORONG,61,7632.0,7632.0,0.0,7634.0,1347.0
422,KM.TIDAR,MAKASSAR,40,7567.0,7567.0,0.0,7571.0,1280.0
438,KM.DOBONSOLO,MAKASSAR,40,7604.0,7604.0,0.0,7607.0,1098.0
428,KM.PANGRANGO,BANDA,6,7618.98,7626.0,0.0,7627.0,1257.0
440,KM.EGON,PAREPARE,51,7509.0,7511.02,0.0,7517.02,1021.0200000000004
419,KM.LEUSER,DOBO,20,7773.0,7773.0,0.0,7775.0,1332.0
417,KM.TILONGKABILA,KENDARI,30,7585.0,7587.0,0.0,7590.0,1440.0
444,KM.BUKITRAYA,TAREMPA,67,7462.0,7462.0,0.0,7463.0,803.0
442,KM.SINABUNG,MANOKWARI,41,7665.0,7665.0,0.0,7667.0,1103.0
441,KM.LABOBAR,BANDA,6,7673.0,7673.0,0.0,7674.0,1112.0
432,KM.LAMBELU,MAKASSAR,40,7521.0,7571.0,0.0,7575.0,1147.0
428,KM.PANGRANGO,SAUMLAKI,57,7664.0,7664.0,0.0,7667.0,1257.0
442,KM.SINABUNG,SORONG,61,7683.0,7683.0,0.0,7685.0,1103.0
419,KM.LEUSER,TUAL,71,7785.0,7785.0,0.0,7789.0,1332.0
419,KM.LEUSER,SAUMLAKI,57,7807.0,7807.0,0.0,7809.0,1332.0
417,KM.TILONGKABILA,RAHA,53,7597.0,7597.0,0.0,7598.0,1440.0
441,KM.LABOBAR,AMBON,2,7682.0,7682.0,0.0,7684.0,1112.0
416,KM.EGON,BONTANG,17,7536.02,7543.0,8.0,7554.0,1378.0
435,KM.SIRIMAU,MERAUKE,43,7789.0,7790.0,1.0,7812.0,1221.0
421,KM.GUNUNGDEMPO,MAKASSAR,40,7682.0,7682.0,0.0,7684.0,1347.0
442,KM.SINABUNG,BACAN,4,7701.0,7701.0,0.0,7702.0,1103.0
429,KM.TATAMAILAU,AMBON,2,7685.0,7685.0,0.0,7687.0,1199.0
424,KM.BINAIYA,ENDE,21,7562.0,7562.0,0.0,7564.0,1212.0
423,KM.BUKITRAYA,MIDAI,44,7447.0,7447.0,0.0,7448.0,1142.0
439,KM.BUKITSIGUNTANG,MAKASSAR,40,7554.0,7607.0,0.0,7611.0,1094.0
419,KM.LEUSER,AMBON,2,7841.0,7841.0,0.0,7844.0,1332.0
424,KM.BINAIYA,KUPANG,33,7577.0,7577.0,0.0,7580.0,1212.0
414,KM.SINABUNG,BITUNG,15,7664.0,7664.0,0.0,7666.0,1415.0
432,KM.LAMBELU,PAREPARE,51,7580.0,7580.0,0.0,7583.0,1147.0
435,KM.SIRIMAU,AGATS,1,7853.0,7858.0,0.0,7860.0,1226.0
439,KM.BUKITSIGUNTANG,PAREPARE,51,7616.0,7616.0,0.0,7619.0,1094.0
422,KM.TIDAR,SURABAYA,62,7602.0,7602.0,0.0,7604.0,1280.0
435,KM.SIRIMAU,TIMIKA,70,7872.0,7875.0,0.020000000000000018,7877.0,1229.0200000000004
435,KM.SIRIMAU,DOBO,20,7895.02,7895.02,0.0,7897.02,1229.0200000000004
435,KM.SIRIMAU,TUAL,71,7908.02,7908.02,0.0,7913.02,1229.0200000000004
432,KM.LAMBELU,BALIKPAPAN,5,7599.0,7599.0,0.0,7601.0,1147.0
440,KM.EGON,BONTANG,17,7542.02,7554.0,0.0,7557.0,1033.0
442,KM.SINABUNG,TERNATE,68,7709.0,7709.0,0.0,7711.0,1103.0
422,KM.TIDAR,TANJUNGPRIOK,65,7633.0,7633.0,0.0,7636.0,1280.0
432,KM.LAMBELU,PANTOLOAN,50,7614.0,7614.0,0.0,7616.0,1147.0
437,KM.TILONGKABILA,BAUBAU,10,7600.0,7600.0,0.0,7602.0,1124.0
423,KM.BUKITRAYA,NATUNA,48,7452.0,7452.0,-4.3653969328261155e-13,7453.98,1142.0
423,KM.BUKITRAYA,TAREMPA,67,7465.0,7465.0,0.0,7466.0,1142.0
431,KM.SANGIANG,NAMLEA,46,7605.0,7605.0,0.0,7612.0,1139.0
439,KM.BUKITSIGUNTANG,BALIKPAPAN,5,7635.0,7635.0,0.0,7637.0,1094.0
430,KM.KELIMUTU,SURABAYA,62,7671.0,7671.0,0.0,7674.0,1235.0
429,KM.TATAMAILAU,TERNATE,68,7713.0,7713.0,0.0,7714.0,1199.0
420,KM.WILIS,LABUANBAJO,34,7544.0,7544.0,0.0,7545.0,1443.0
419,KM.LEUSER,NAMROLE,47,7853.0,7853.0,0.0,7855.0,1332.0
440,KM.EGON,PAREPARE,51,7582.0,7619.0,-4.3653969328261155e-13,7621.98,1070.0
432,KM.LAMBELU,TARAKAN,66,7636.0,7636.0,0.0,7640.0,1147.0
440,KM.EGON,BATULICIN,9,7643.0,7655.0,0.020000000000000018,7658.0,1082.0200000000004
423,KM.BUKITRAYA,LETUNG,37,7470.0,7470.0,0.0,7471.0,1142.0
446,KM.BINAIYA,LABUANBAJO,34,7532.0,7545.0,0.0,7547.0,888.0
434,KM.DOROLONDA,BITUNG,15,7664.0,7666.0,0.0,7668.0,1159.0
444,KM.BUKITRAYA,LETUNG,37,7467.0,7471.0,0.0,7472.0,807.0
426,KM.LAWIT,WAINGAPU,73,7531.0,7553.0,0.0,7556.0,1215.0
443,KM.GUNUNGDEMPO,SORONG,61,7630.0,7634.0,0.0,7636.0,1013.0
430,KM.KELIMUTU,KUMAI,32,7700.0,7700.0,3.0,7705.0,1238.0
424,KM.BINAIYA,ENDE,21,7593.0,7593.0,0.0,7595.0,1212.0
435,KM.SIRIMAU,SAUMLAKI,57,7932.02,7932.02,0.0,7934.02,1229.0200000000004
417,KM.TILONGKABILA,BAUBAU,10,7603.0,7603.0,0.0,7605.0,1440.0
419,KM.LEUSER,WANCI,74,7875.0,7875.0,0.0,7876.0,1332.0
435,KM.SIRIMAU,KALABAHI,28,7979.02,7979.02,0.0,7981.02,1229.0200000000004
441,KM.LABOBAR,BAUBAU,10,7707.0,7707.0,0.0,7709.0,1112.0
419,KM.LEUSER,BAUBAU,10,7885.0,7885.0,0.0,7887.0,1332.0
418,KM.LABOBAR,BAUBAU,10,7659.0,7709.0,0.0,7711.0,1462.0
426,KM.LAWIT,BIMA,14,7571.0,7571.0,0.0,7573.0,1215.0
419,KM.LEUSER,MAKASSAR,40,7908.0,7908.0,0.0,7912.0,1332.0
435,KM.SIRIMAU,KUPANG,33,7994.02,7994.02,0.0,8000.02,1229.0200000000004
428,KM.PANGRANGO,BANDA,6,7703.0,7703.0,0.0,7704.0,1257.0
437,KM.TILONGKABILA,MAKASSAR,40,7624.0,7684.0,0.0,7689.0,1184.0
443,KM.GUNUNGDEMPO,MAKASSAR,40,7684.0,7689.0,0.0,7691.0,1018.0
434,KM.DOROLONDA,PANTOLOAN,50,7695.0,7695.0,0.0,7697.0,1159.0
433,KM.NGGAPULU,NAMLEA,46,7605.98,7612.0,-4.3653969328261155e-13,7613.98,1158.0
414,KM.SINABUNG,BANGGAI,7,7681.0,7681.0,0.0,7683.0,1415.0
442,KM.SINABUNG,BITUNG,15,7722.0,7722.0,0.0,7724.0,1103.0
431,KM.SANGIANG,SANANA,56,7625.0,7625.0,0.0,7627.0,1139.0
435,KM.SIRIMAU,LEWOLEBA,38,8012.02,8012.02,0.0,8014.02,1229.0200000000004
424,KM.BINAIYA,WAINGAPU,73,7604.0,7604.0,0.0,7606.0,1212.0
430,KM.KELIMUTU,SEMARANG,58,7729.0,7729.0,0.0,7734.0,1238.0
417,KM.TILONGKABILA,MAKASSAR,40,7627.0,7691.0,0.0,7695.0,1504.0
414,KM.SINABUNG,BAUBAU,10,7700.0,7711.0,0.0,7713.0,1426.0
438,KM.DOBONSOLO,SURABAYA,62,7634.0,7634.0,0.0,7636.0,1098.0
440,KM.EGON,SURABAYA,62,7683.02,7683.02,0.0,7687.02,1082.0200000000004
419,KM.LEUSER,LABUANBAJO,34,7931.0,7931.0,-4.3653969328261155e-13,7931.98,1332.0
414,KM.SINABUNG,MAKASSAR,40,7728.0,7728.0,0.0,7730.0,1426.0
435,KM.SIRIMAU,MAUMERE,42,8024.02,8024.02,0.0,8026.02,1229.0200000000004
436,KM.AWU,BENOA,12,7588.0,7588.0,0.0,7594.0,1076.0
442,KM.SINABUNG,BANGGAI,7,7739.0,7739.0,0.0,7741.0,1103.0
446,KM.BINAIYA,BIMA,14,7555.0,7573.0,0.0,7574.0,906.0
433,KM.NGGAPULU,BAUBAU,10,7636.0,7713.0,-4.3653969328261155e-13,7714.98,1235.0
437,KM.TILONGKABILA,LABUANBAJO,34,7707.0,7931.98,0.0,7933.98,1408.9799999999996
442,KM.SINABUNG,BAUBAU,10,7759.0,7759.0,0.0,7762.0,1103.0
416,KM.EGON,PAREPARE,51,7578.0,7621.98,0.0,7623.98,1421.9799999999996
447,KM.LAWIT,SAMPIT,55,7650.0,7798.0,0.0,7818.0,1121.0
422,KM.TIDAR,KIJANG,31,7670.0,7670.0,0.0,7673.0,1280.0
419,KM.LEUSER,BIMA,14,7940.0,7940.0,0.0,7941.0,1332.0
444,KM.BUKITRAYA,KIJANG,31,7486.0,7673.0,0.0,7676.0,994.0
434,KM.DOROLONDA,BALIKPAPAN,5,7709.0,7709.0,-4.3653969328261155e-13,7710.98,1159.0
423,KM.BUKITRAYA,KIJANG,31,7485.0,7676.0,0.0,7679.0,1333.0
418,KM.LABOBAR,MAKASSAR,40,7725.0,7730.0,0.0,7732.0,1467.0
446,KM.BINAIYA,BENOA,12,7597.0,7597.0,0.0,7610.0,906.0
416,KM.EGON,BATULICIN,9,7644.98,7658.0,10.0,7671.0,1445.0
431,KM.SANGIANG,BACAN,4,7648.0,7702.0,0.0,7704.0,1193.0
439,KM.BUKITSIGUNTANG,TARAKAN,66,7661.0,7661.0,0.0,7665.0,1094.0
443,KM.GUNUNGDEMPO,SURABAYA,62,7715.0,7715.0,0.0,7717.0,1018.0
441,KM.LABOBAR,MAKASSAR,40,7723.0,7732.0,0.0,7734.0,1121.0
423,KM.BUKITRAYA,BLINYU,16,7695.0,7695.0,0.0,7696.0,1333.0
431,KM.SANGIANG,TERNATE,68,7716.0,7716.0,0.0,7719.0,1193.0
417,KM.TILONGKABILA,LABUANBAJO,34,7713.0,7933.98,0.0,7934.98,1724.9799999999996
430,KM.KELIMUTU,PONTIANAK,52,7776.0,7781.0,0.0,7784.0,1243.0
418,KM.LABOBAR,SURABAYA,62,7757.0,7757.0,0.0,7760.0,1467.0
435,KM.SIRIMAU,BAUBAU,10,8045.02,8045.02,0.0,8048.02,1229.0200000000004
435,KM.SIRIMAU,WANCI,74,8056.02,8056.02,0.0,8058.02,1229.0200000000004
437,KM.TILONGKABILA,BIMA,14,7940.98,7941.0,0.0,7943.0,1409.0
428,KM.PANGRANGO,AMBON,2,7723.0,7723.0,0.0,7726.0,1257.0
439,KM.BUKITSIGUNTANG,NUNUKAN,49,7671.0,7671.0,0.0,7673.0,1094.0
426,KM.LAWIT,BENOA,12,7595.0,7610.0,-4.3653969328261155e-13,7613.98,1230.0
430,KM.KELIMUTU,TANJUNGPANDAN,64,7805.0,7805.0,0.0,7807.0,1243.0
447,KM.LAWIT,SURABAYA,62,7846.0,7846.0,0.0,7850.0,1121.0
437,KM.TILONGKABILA,LEMBAR,36,7961.0,7961.0,0.0,7963.0,1409.0
439,KM.BUKITSIGUNTANG,BALIKPAPAN,5,7700.0,7710.98,0.0,7712.98,1104.9799999999996
440,KM.EGON,LEMBAR,36,7710.02,7963.0,0.0,7965.0,1335.0
421,KM.GUNUNGDEMPO,SURABAYA,62,7708.0,7760.0,0.0,7762.0,1399.0
433,KM.NGGAPULU,MAKASSAR,40,7731.0,7734.0,0.0,7737.0,1238.0
439,KM.BUKITSIGUNTANG,PAREPARE,51,7728.98,7728.98,0.0,7731.98,1104.9799999999996
444,KM.BUKITRAYA,BLINYU,16,7692.0,7696.0,0.0,7697.0,998.0
426,KM.LAWIT,SURABAYA,62,7643.0,7762.0,0.0,7764.0,1349.0
435,KM.SIRIMAU,AMBON,2,8086.02,8086.02,0.0,8089.02,1229.0200000000004
432,KM.LAMBELU,NUNUKAN,49,7646.0,7673.0,0.0,7676.0,1174.0
432,KM.LAMBELU,BALIKPAPAN,5,7703.0,7712.98,0.0,7714.98,1183.9799999999996
424,KM.BINAIYA,BIMA,14,7620.0,7943.0,0.0,7944.0,1535.0
417,KM.TILONGKABILA,BIMA,14,7941.98,7944.0,0.0,7945.0,1727.0
416,KM.EGON,SURABAYA,62,7698.0,7764.0,0.0,7769.0,1511.0
416,KM.EGON,LEMBAR,36,7792.0,7965.0,1.0,7969.0,1685.0
433,KM.NGGAPULU,SURABAYA,62,7765.0,7769.0,0.0,7772.0,1242.0
446,KM.BINAIYA,LABUANBAJO,34,7637.0,7934.98,0.0,7937.98,1203.9799999999996
432,KM.LAMBELU,PAREPARE,51,7730.98,7731.98,0.0,7733.98,1184.9799999999996
442,KM.SINABUNG,MAKASSAR,40,7779.0,7779.0,0.0,7781.0,1103.0
419,KM.LEUSER,BENOA,12,7964.0,7964.0,0.0,7966.0,1332.0
441,KM.LABOBAR,SURABAYA,62,7759.0,7772.0,0.0,7775.0,1134.0
436,KM.AWU,SURABAYA,62,7622.0,7775.0,0.0,7780.0,1229.0
417,KM.TILONGKABILA,LEMBAR,36,7963.0,7969.0,0.0,7971.0,1733.0
462,KM.LABOBAR,TANJUNGPRIOK,65,6667.0,7202.0,0.0,7220.0,535.0
450,KM.LAMBELU,MAKASSAR,40,6554.0,7781.0,0.0,7788.0,1227.0
452,KM.TILONGKABILA,BENOA,12,6560.0,7966.0,0.0,7991.0,1406.0
458,KM.CIREMAI,TANJUNGPRIOK,65,6623.0,7220.0,0.0,7232.0,597.0
457,KM.KELIMUTU,TANJUNGPRIOK,65,6582.0,7232.0,0.0,7245.0,650.0
450,KM.LAMBELU,PAREPARE,51,7793.0,7793.0,0.0,7796.0,1227.0
472,KM.TATAMAILAU,BITUNG,15,6877.0,7724.0,0.0,7734.0,847.0
471,KM.DOBONSOLO,TANJUNGPRIOK,65,6858.0,7245.0,0.0,7257.0,387.0
469,KM.KELIMUTU,TANJUNGPRIOK,65,6843.0,7257.0,0.0,7294.0,414.0
452,KM.TILONGKABILA,LEMBAR,36,7997.0,7997.0,0.0,7999.0,1406.0
449,KM.SANGIANG,BITUNG,15,6545.0,7734.0,0.0,7781.0,1189.0
460,KM.EGON,WAINGAPU,73,6656.0,7606.0,0.0,7611.0,950.0
477,KM.NGGAPULU,TANJUNGPRIOK,65,6908.0,7294.0,0.0,7307.0,386.0
460,KM.EGON,LEMBAR,36,7640.0,7999.0,0.0,8002.0,1309.0
473,KM.SANGIANG,BITUNG,15,6881.0,7781.0,0.0,7828.0,900.0
478,KM.DOROLONDA,SURABAYA,62,6910.0,7780.0,0.0,7789.0,870.0
475,KM.SIRIMAU,SORONG,61,6892.0,7636.0,0.0,7663.0,744.0
474,KM.LAMBELU,MAKASSAR,40,6890.0,7788.0,0.0,7796.0,898.0
462,KM.LABOBAR,SURABAYA,62,7246.0,7789.0,0.0,7793.0,1078.0
451,KM.NGGAPULU,TANJUNGPRIOK,65,6556.0,7307.0,0.0,7348.0,751.0
477,KM.NGGAPULU,SURABAYA,62,7334.0,7793.0,0.0,7797.0,845.0
477,KM.NGGAPULU,MAKASSAR,40,7826.0,7826.0,0.0,7830.0,845.0
470,KM.SINABUNG,SURABAYA,62,6858.0,7797.0,0.0,7807.0,939.0
459,KM.BUKITSIGUNTANG,MAKASSAR,40,6632.0,7830.0,0.0,7848.0,1198.0
466,KM.LAWIT,KUMAI,32,6757.0,7707.0,2.0,7729.0,952.0
461,KM.LEUSER,SURABAYA,62,6662.0,7807.0,0.0,7815.0,1145.0
464,KM.GUNUNGDEMPO,TANJUNGPRIOK,65,6722.0,7348.0,0.0,7361.0,626.0
464,KM.GUNUNGDEMPO,SURABAYA,62,7385.0,7815.0,0.0,7819.0,1056.0
449,KM.SANGIANG,TERNATE,68,7801.0,7801.0,0.0,7806.0,1189.0
478,KM.DOROLONDA,BALIKPAPAN,5,7818.0,7818.0,0.0,7820.0,870.0
452,KM.TILONGKABILA,BIMA,14,8017.0,8017.0,0.0,8021.0,1406.0
465,KM.BUKITRAYA,TANJUNGPRIOK,65,6727.0,7361.0,0.0,7368.0,634.0
450,KM.LAMBELU,BALIKPAPAN,5,7812.0,7820.0,0.0,7825.0,1235.0
466,KM.LAWIT,SURABAYA,62,7758.0,7819.0,0.0,7825.0,1013.0
464,KM.GUNUNGDEMPO,MAKASSAR,40,7846.0,7848.0,0.0,7851.0,1058.0
470,KM.SINABUNG,MAKASSAR,40,7840.0,7851.0,0.0,7854.0,950.0
450,KM.LAMBELU,TARAKAN,66,7851.0,7851.0,0.0,7854.0,1235.0
473,KM.SANGIANG,TERNATE,68,7848.0,7848.0,0.0,7853.0,900.0
474,KM.LAMBELU,PAREPARE,51,7801.0,7801.0,0.0,7803.0,898.0
458,KM.CIREMAI,SURABAYA,62,7255.0,7825.0,0.0,7828.0,1167.0
459,KM.BUKITSIGUNTANG,PAREPARE,51,7853.0,7853.0,0.0,7857.0,1198.0
451,KM.NGGAPULU,SURABAYA,62,7375.0,7828.0,0.0,7832.0,1204.0
450,KM.LAMBELU,NUNUKAN,49,7860.0,7860.0,0.0,7863.0,1235.0
458,KM.CIREMAI,MAKASSAR,40,7855.0,7864.0,0.0,7867.0,1176.0
470,KM.SINABUNG,BAUBAU,10,7872.0,7887.0,0.0,7890.0,965.0
475,KM.SIRIMAU,AMBON,2,7697.0,7844.0,0.0,7847.0,891.0
469,KM.KELIMUTU,TANJUNGPANDAN,64,7312.0,7807.0,0.0,7809.0,909.0
471,KM.DOBONSOLO,SURABAYA,62,7284.0,7832.0,0.0,7836.0,935.0
478,KM.DOROLONDA,PANTOLOAN,50,7832.0,7832.0,0.0,7834.0,870.0
461,KM.LEUSER,BENOA,12,7843.0,7991.0,0.0,7995.0,1293.0
461,KM.LEUSER,BIMA,14,8017.0,8021.0,0.0,8023.0,1297.0
449,KM.SANGIANG,BACAN,4,7818.0,7818.0,0.0,7821.0,1189.0
473,KM.SANGIANG,BACAN,4,7865.0,7865.0,0.0,7868.0,900.0
474,KM.LAMBELU,BALIKPAPAN,5,7819.0,7825.0,0.0,7830.0,904.0
471,KM.DOBONSOLO,MAKASSAR,40,7867.0,7867.0,0.020000000000000018,7871.0,935.0200000000004
449,KM.SANGIANG,SANANA,56,7843.0,7843.0,0.0,7845.0,1189.0
454,KM.DOBONSOLO,TANJUNGPRIOK,65,6565.0,7368.0,0.0,7381.0,803.0
470,KM.SINABUNG,SORONG,61,7936.0,7936.0,0.0,7939.0,965.0
451,KM.NGGAPULU,MAKASSAR,40,7861.0,7871.0,0.0,7875.0,1214.0
452,KM.TILONGKABILA,LABUANBAJO,34,8028.0,8028.0,-4.3653969328261155e-13,8029.98,1406.0
456,KM.DOROLONDA,SURABAYA,62,6580.0,7836.0,0.0,7845.0,1256.0
462,KM.LABOBAR,MAKASSAR,40,7822.0,7875.0,0.0,7878.0,1131.0
448,KM.TATAMAILAU,BITUNG,15,6527.0,7828.0,0.0,7840.0,1301.0
448,KM.TATAMAILAU,TIDORE,69,7853.0,7853.0,0.0,7854.0,1301.0
448,KM.TATAMAILAU,SORONG,61,7878.0,7878.0,0.0,7881.0,1301.0
465,KM.BUKITRAYA,BLINYU,16,7396.0,7697.0,0.0,7698.0,935.0
472,KM.TATAMAILAU,TERNATE,68,7748.0,7853.0,0.0,7854.0,952.0
473,KM.SANGIANG,SANANA,56,7890.0,7890.0,0.0,7892.0,900.0
463,KM.SINABUNG,SURABAYA,62,6709.0,7845.0,0.0,7851.0,1136.0
450,KM.LAMBELU,PANTOLOAN,50,7884.0,7884.0,0.0,7886.0,1235.0
449,KM.SANGIANG,NAMLEA,46,7858.0,7858.0,0.0,7860.0,1189.0
460,KM.EGON,SURABAYA,62,8024.0,8024.0,-4.369837824924616e-13,8028.98,1309.0
465,KM.BUKITRAYA,KIJANG,31,7713.0,7713.0,0.0,7716.0,935.0
472,KM.TATAMAILAU,AMBON,2,7880.0,7880.0,0.0,7883.0,952.0
469,KM.KELIMUTU,PONTIANAK,52,7833.0,7833.0,0.0,7836.0,909.0
463,KM.SINABUNG,MAKASSAR,40,7883.0,7883.0,0.0,7885.0,1136.0
464,KM.GUNUNGDEMPO,SORONG,61,7900.0,7900.0,0.0,7903.0,1058.0
454,KM.DOBONSOLO,SURABAYA,62,7408.0,7851.0,0.0,7855.0,1246.0
451,KM.NGGAPULU,BAUBAU,10,7889.0,7890.0,0.0,7892.0,1215.0
451,KM.NGGAPULU,NAMLEA,46,7915.0,7915.0,0.0,7917.0,1215.0
450,KM.LAMBELU,BALIKPAPAN,5,7899.0,7899.0,0.0,7901.0,1235.0
467,KM.BINAIYA,BENOA,12,6761.0,7995.0,0.0,8010.0,1234.0
459,KM.BUKITSIGUNTANG,BALIKPAPAN,5,7872.0,7901.0,0.0,7906.0,1227.0
478,KM.DOROLONDA,BITUNG,15,7863.0,7863.0,0.0,7866.0,870.0
475,KM.SIRIMAU,WANCI,74,7876.0,8058.02,0.0,8060.02,1073.0200000000004
471,KM.DOBONSOLO,BAUBAU,10,7887.02,7892.0,0.0,7894.0,940.0
455,KM.AWU,KUMAI,32,6579.0,7731.0,1.0,7766.0,1153.0
462,KM.LABOBAR,BAUBAU,10,7894.0,7894.0,0.0,7896.0,1131.0
458,KM.CIREMAI,BAUBAU,10,7881.0,7896.0,0.0,7898.0,1191.0
464,KM.GUNUNGDEMPO,MANOKWARI,41,7915.0,7915.0,0.0,7917.0,1058.0
455,KM.AWU,SURABAYA,62,7794.0,7855.0,-4.369837824924616e-13,7861.98,1214.0
462,KM.LABOBAR,AMBON,2,7921.0,7921.0,0.0,7924.0,1131.0
464,KM.GUNUNGDEMPO,WASIOR,76,7924.0,7924.0,0.0,7925.0,1058.0
466,KM.LAWIT,BENOA,12,7855.0,8010.0,0.0,8015.0,1168.0
465,KM.BUKITRAYA,LETUNG,37,7728.0,7728.0,0.0,7729.0,935.0
455,KM.AWU,BENOA,12,7889.0,8015.0,0.0,8021.0,1340.0
464,KM.GUNUNGDEMPO,NABIRE,45,7932.0,7932.0,0.0,7934.0,1058.0
462,KM.LABOBAR,BANDA,6,7932.0,7932.0,0.0,7934.0,1131.0
465,KM.BUKITRAYA,TAREMPA,67,7733.0,7733.0,0.0,7735.0,935.0
476,KM.TILONGKABILA,BENOA,12,6896.0,8021.0,0.0,8046.0,1125.0
448,KM.TATAMAILAU,FAKFAK,22,7896.0,7896.0,0.0,7898.0,1301.0
475,KM.SIRIMAU,BAUBAU,10,8068.02,8068.02,0.0,8071.02,1073.0200000000004
472,KM.TATAMAILAU,TUAL,71,7910.0,7913.02,0.0,7917.02,955.0200000000004
477,KM.NGGAPULU,BAUBAU,10,7844.0,8048.02,0.0,8050.02,1049.0200000000004
467,KM.BINAIYA,BIMA,14,8033.0,8033.0,0.0,8035.0,1234.0
451,KM.NGGAPULU,AMBON,2,7923.0,7924.0,0.0,7928.0,1216.0
461,KM.LEUSER,LABUANBAJO,34,8031.0,8031.0,0.0,8033.0,1297.0
475,KM.SIRIMAU,MAUMERE,42,8091.02,8091.02,0.0,8093.02,1073.0200000000004
471,KM.DOBONSOLO,SORONG,61,7936.0,7936.0,0.0,7939.0,940.0
464,KM.GUNUNGDEMPO,JAYAPURA,26,7957.0,7957.0,0.0,7963.0,1058.0
455,KM.AWU,BIMA,14,8042.0,8042.0,0.0,8044.0,1340.0
472,KM.TATAMAILAU,DOBO,20,7927.02,7927.02,0.0,7929.02,955.0200000000004
470,KM.SINABUNG,MANOKWARI,41,7955.0,7955.0,0.0,7958.0,965.0
456,KM.DOROLONDA,MAKASSAR,40,7873.0,7885.0,0.0,7888.0,1268.0
450,KM.LAMBELU,PAREPARE,51,7917.0,7917.0,0.0,7919.0,1235.0
466,KM.LAWIT,BIMA,14,8038.0,8044.0,0.0,8046.0,1174.0
475,KM.SIRIMAU,LEWOLEBA,38,8103.02,8103.02,-4.3653969328261155e-13,8105.0,1073.0200000000004
462,KM.LABOBAR,TUAL,71,7947.0,7947.0,0.0,7950.0,1131.0
475,KM.SIRIMAU,KUPANG,33,8117.02,8117.02,0.0,8124.02,1073.0200000000004
449,KM.SANGIANG,AMBON,2,7870.0,7928.0,0.0,7932.0,1247.0
469,KM.KELIMUTU,SEMARANG,58,7881.0,7881.0,0.0,7890.0,909.0
475,KM.SIRIMAU,KALABAHI,28,8138.02,8138.02,0.0,8141.02,1073.0200000000004
464,KM.GUNUNGDEMPO,NABIRE,45,7985.0,7985.0,0.0,7987.0,1058.0
475,KM.SIRIMAU,SAUMLAKI,57,8188.02,8188.02,0.0,8190.02,1073.0200000000004
452,KM.TILONGKABILA,MAKASSAR,40,8048.0,8048.0,0.0,8053.0,1406.0
472,KM.TATAMAILAU,TIMIKA,70,7947.02,7948.0,0.0,7951.0,956.0
469,KM.KELIMUTU,KUMAI,32,7915.0,7915.0,0.020000000000000018,7917.0,909.0200000000004
470,KM.SINABUNG,BIAK,13,7968.0,7968.0,0.0,7971.0,965.0
448,KM.TATAMAILAU,KAIMANA,27,7911.0,7911.0,0.0,7913.0,1301.0
465,KM.BUKITRAYA,NATUNA,48,7746.0,7746.0,0.0,7749.0,935.0
448,KM.TATAMAILAU,TUAL,71,7925.0,7950.0,0.0,7954.0,1326.0
478,KM.DOROLONDA,TERNATE,68,7875.0,7875.0,0.0,7877.0,870.0
474,KM.LAMBELU,TARAKAN,66,7856.0,7856.0,0.0,7859.0,904.0
473,KM.SANGIANG,NAMLEA,46,7905.0,7917.0,0.0,7919.0,912.0
452,KM.TILONGKABILA,BAUBAU,10,8074.0,8074.0,0.0,8076.0,1406.0
462,KM.LABOBAR,DOBO,20,7957.0,7957.0,0.0,7960.0,1131.0
461,KM.LEUSER,MAKASSAR,40,8053.0,8053.0,0.0,8057.0,1297.0
458,KM.CIREMAI,AMBON,2,7922.0,7935.0,0.0,7938.0,1204.0
450,KM.LAMBELU,MAKASSAR,40,7924.0,8053.0,0.0,8056.0,1364.0
448,KM.TATAMAILAU,TIMIKA,70,7977.0,7977.0,0.0,7979.0,1326.0
459,KM.BUKITSIGUNTANG,TARAKAN,66,7931.0,7931.0,0.0,7935.0,1227.0
465,KM.BUKITRAYA,MIDAI,44,7753.0,7753.0,0.0,7754.0,935.0
475,KM.SIRIMAU,TUAL,71,8210.02,8210.02,0.0,8216.02,1073.0200000000004
452,KM.TILONGKABILA,RAHA,53,8080.0,8080.0,0.0,8082.0,1406.0
452,KM.TILONGKABILA,KENDARI,30,8088.0,8088.0,0.0,8092.0,1406.0
460,KM.EGON,BATULICIN,9,8056.0,8056.0,0.0,8059.0,1309.0
470,KM.SINABUNG,JAYAPURA,26,7993.0,7993.0,-4.369837824924616e-13,8020.98,965.0
461,KM.LEUSER,BAUBAU,10,8081.0,8081.0,0.0,8084.0,1297.0
465,KM.BUKITRAYA,SERASAN,59,7762.0,7762.0,0.0,7764.0,935.0
449,KM.SANGIANG,BANDA,6,7948.0,7948.0,0.0,7950.0,1247.0
449,KM.SANGIANG,GESER,23,7960.0,7960.0,0.0,7962.0,1247.0
457,KM.KELIMUTU,TANJUNGPANDAN,64,7264.0,7809.0,0.0,7811.0,1195.0
459,KM.BUKITSIGUNTANG,NUNUKAN,49,7941.0,7941.0,0.0,7944.0,1227.0
478,KM.DOROLONDA,SORONG,61,7896.0,7939.0,0.0,7942.0,913.0
456,KM.DOROLONDA,BAUBAU,10,7903.0,8076.0,0.0,8078.0,1441.0
478,KM.DOROLONDA,MANOKWARI,41,7954.0,7958.0,0.0,7960.0,917.0
474,KM.LAMBELU,NUNUKAN,49,7865.0,7944.0,0.0,7947.0,983.0
471,KM.DOBONSOLO,MANOKWARI,41,7953.0,7960.0,0.0,7962.0,947.0
461,KM.LEUSER,WANCI,74,8093.0,8093.0,0.0,8095.0,1297.0
467,KM.BINAIYA,LABUANBAJO,34,8043.0,8043.0,0.0,8045.0,1234.0
452,KM.TILONGKABILA,LUWUK,39,8109.0,8109.0,0.0,8112.0,1406.0
451,KM.NGGAPULU,TERNATE,68,7948.0,7948.0,0.0,7950.0,1216.0
466,KM.LAWIT,WAINGAPU,73,8061.0,8061.0,0.0,8064.0,1174.0
461,KM.LEUSER,NAMROLE,47,8122.0,8122.0,0.0,8124.0,1297.0
473,KM.SANGIANG,AMBON,2,7929.0,7938.0,0.0,7942.0,921.0
472,KM.TATAMAILAU,AGATS,1,7964.0,7964.0,2.0,7969.0,958.0
461,KM.LEUSER,AMBON,2,8134.0,8134.0,-4.3653969328261155e-13,8136.98,1297.0
459,KM.BUKITSIGUNTANG,BALIKPAPAN,5,7971.0,7971.0,0.0,7973.0,1227.0
456,KM.DOROLONDA,NAMLEA,46,8102.0,8102.0,0.0,8104.0,1441.0
469,KM.KELIMUTU,SURABAYA,62,7944.02,7944.02,0.0,7948.02,909.0200000000004
452,KM.TILONGKABILA,GORONTALO,24,8123.0,8123.0,0.0,8125.0,1406.0
456,KM.DOROLONDA,AMBON,2,8109.0,8109.0,0.0,8112.0,1441.0
462,KM.LABOBAR,KAIMANA,27,7969.0,7969.0,-4.3653969328261155e-13,7970.98,1131.0
475,KM.SIRIMAU,DOBO,20,8227.02,8227.02,0.0,8230.02,1073.0200000000004
454,KM.DOBONSOLO,MAKASSAR,40,7886.0,8056.0,0.0,8060.0,1416.0
474,KM.LAMBELU,PANTOLOAN,50,7968.0,7968.0,0.0,7970.0,983.0
475,KM.SIRIMAU,TIMIKA,70,8251.02,8259.0,0.0,8261.0,1081.0
449,KM.SANGIANG,FAKFAK,22,7975.0,7975.0,0.0,7984.0,1247.0
473,KM.SANGIANG,BANDA,6,7958.0,7958.0,0.0,7960.0,921.0
449,KM.SANGIANG,GESER,23,7997.0,7997.0,0.0,7999.0,1247.0
475,KM.SIRIMAU,AGATS,1,8273.0,8273.0,1.0,8281.0,1082.0
451,KM.NGGAPULU,JAILOLO,25,7952.0,7952.0,0.0,7954.0,1216.0
465,KM.BUKITRAYA,PONTIANAK,52,7783.0,7836.0,15.0,7853.0,1003.0
476,KM.TILONGKABILA,LEMBAR,36,8052.0,8052.0,0.0,8054.0,1125.0
466,KM.LAWIT,ENDE,21,8074.0,8074.0,0.0,8076.0,1174.0
473,KM.SANGIANG,GESER,23,7970.0,7999.0,0.0,8001.0,950.0
466,KM.LAWIT,KALABAHI,28,8095.0,8141.02,0.0,8143.02,1220.0200000000004
454,KM.DOBONSOLO,BAUBAU,10,8076.0,8078.0,0.0,8080.0,1418.0
451,KM.NGGAPULU,BITUNG,15,7963.0,7963.0,0.0,7978.0,1216.0
470,KM.SINABUNG,BIAK,13,8043.0,8043.0,0.0,8048.0,965.0
462,KM.LABOBAR,FAKFAK,22,7981.0,7984.0,0.0,7987.0,1134.0
475,KM.SIRIMAU,MERAUKE,43,8324.0,8324.0,15.0,8360.0,1097.0
454,KM.DOBONSOLO,SORONG,61,8121.0,8121.0,2.0,8126.0,1420.0
466,KM.LAWIT,KUPANG,33,8156.02,8156.02,0.0,8160.02,1220.0200000000004
471,KM.DOBONSOLO,BIAK,13,7972.0,8048.0,0.0,8050.0,1023.0
477,KM.NGGAPULU,NAMLEA,46,8073.02,8104.0,0.0,8106.0,1080.0
470,KM.SINABUNG,MANOKWARI,41,8059.0,8059.0,0.0,8067.0,965.0
465,KM.BUKITRAYA,SURABAYA,62,7900.0,7948.02,0.0,7952.02,1051.0200000000004
470,KM.SINABUNG,WASIOR,76,8076.0,8076.0,0.0,8115.0,965.0
448,KM.TATAMAILAU,AGATS,1,7992.0,8283.0,0.0,8285.0,1617.0
476,KM.TILONGKABILA,BIMA,14,8072.0,8072.0,0.0,8076.0,1125.0
461,KM.LEUSER,SAUMLAKI,57,8171.0,8190.02,0.0,8192.02,1316.0200000000004
455,KM.AWU,WAINGAPU,73,8058.0,8064.0,0.0,8067.0,1346.0
462,KM.LABOBAR,KAIMANA,27,7997.0,7997.0,0.0,7999.0,1134.0
461,KM.LEUSER,TUAL,71,8217.02,8217.02,0.0,8221.02,1316.0200000000004
477,KM.NGGAPULU,AMBON,2,8112.0,8112.0,0.0,8116.0,1080.0
459,KM.BUKITSIGUNTANG,PAREPARE,51,7988.0,7988.0,0.0,7992.0,1227.0
450,KM.LAMBELU,BAUBAU,10,8071.0,8080.0,0.0,8082.0,1373.0
474,KM.LAMBELU,BALIKPAPAN,5,7983.0,7983.0,0.0,7985.0,983.0
475,KM.SIRIMAU,AGATS,1,8400.0,8403.0,0.0,8405.0,1100.0
455,KM.AWU,ENDE,21,8076.0,8076.0,0.0,8078.0,1346.0
462,KM.LABOBAR,DOBO,20,8008.0,8230.02,0.0,8232.02,1356.0200000000004
474,KM.LAMBELU,PAREPARE,51,8001.0,8001.0,0.0,8003.0,983.0
461,KM.LEUSER,DOBO,20,8232.02,8232.02,0.0,8237.02,1316.0200000000004
449,KM.SANGIANG,BANDA,6,8008.0,8008.0,0.0,8010.0,1247.0
456,KM.DOROLONDA,SORONG,61,8132.0,8132.0,0.0,8135.0,1441.0
455,KM.AWU,KUPANG,33,8091.0,8124.02,0.0,8129.02,1379.0200000000004
472,KM.TATAMAILAU,MERAUKE,43,8016.0,8362.0,12.0,8385.0,1316.0
477,KM.NGGAPULU,TERNATE,68,8136.0,8136.0,0.0,8138.0,1080.0
450,KM.LAMBELU,MAUMERE,42,8095.0,8095.0,0.0,8097.0,1373.0
460,KM.EGON,PAREPARE,51,8082.0,8082.0,0.0,8084.0,1309.0
465,KM.BUKITRAYA,PONTIANAK,52,7999.02,8004.0,0.0,8006.0,1056.0
476,KM.TILONGKABILA,LABUANBAJO,34,8083.0,8083.0,-4.3653969328261155e-13,8084.98,1125.0
459,KM.BUKITSIGUNTANG,MAKASSAR,40,7997.0,8057.0,0.0,8061.0,1287.0
473,KM.SANGIANG,FAKFAK,22,8014.0,8014.0,0.0,8023.0,950.0
451,KM.NGGAPULU,JAILOLO,25,7988.0,7988.0,0.0,7990.0,1216.0
478,KM.DOROLONDA,NABIRE,45,7970.0,7987.0,0.0,7989.0,934.0
461,KM.LEUSER,TIMIKA,70,8256.02,8261.0,0.0,8263.0,1321.0
462,KM.LABOBAR,TUAL,71,8239.02,8239.02,0.0,8241.02,1356.0200000000004
461,KM.LEUSER,AGATS,1,8275.0,8405.0,0.0,8406.0,1451.0
472,KM.TATAMAILAU,AGATS,1,8420.0,8420.0,0.0,8426.0,1316.0
468,KM.KELUD,TANJUNGPRIOK,65,6775.0,7381.0,0.0,7396.0,606.0
476,KM.TILONGKABILA,MAKASSAR,40,8103.0,8103.0,0.0,8108.0,1125.0
458,KM.CIREMAI,SORONG,61,7958.0,8126.0,0.0,8129.0,1372.0
467,KM.BINAIYA,MAKASSAR,40,8065.0,8065.0,0.0,8070.0,1234.0
454,KM.DOBONSOLO,MANOKWARI,41,8140.0,8140.0,1.0,8146.0,1421.0
478,KM.DOROLONDA,SERUI,60,7995.0,7995.0,0.0,7997.0,934.0
478,KM.DOROLONDA,JAYAPURA,26,8017.0,8020.98,0.0,8025.98,937.9799999999996
470,KM.SINABUNG,MANOKWARI,41,8124.0,8146.0,0.0,8151.0,987.0
460,KM.EGON,BONTANG,17,8109.0,8116.0,7.0,8127.0,1323.0
466,KM.LAWIT,ROTE,54,8165.02,8165.02,0.0,8167.02,1220.0200000000004
452,KM.TILONGKABILA,BITUNG,15,8140.0,8140.0,0.0,8153.0,1406.0
478,KM.DOROLONDA,SERUI,60,8044.98,8044.98,0.0,8046.98,937.9799999999996
468,KM.KELUD,BATAM,8,7428.0,7428.0,3.0,7436.0,609.0
451,KM.NGGAPULU,TERNATE,68,7992.0,8138.0,0.0,8140.0,1362.0
477,KM.NGGAPULU,JAILOLO,25,8140.0,8140.0,0.0,8142.0,1080.0
472,KM.TATAMAILAU,TIMIKA,70,8442.0,8445.0,2.02,8449.0,1321.0200000000004
452,KM.TILONGKABILA,GORONTALO,24,8168.0,8168.0,0.0,8170.0,1406.0
451,KM.NGGAPULU,AMBON,2,8160.0,8160.0,0.0,8163.0,1362.0
450,KM.LAMBELU,LARANTUKA,35,8102.0,8102.0,0.0,8104.0,1373.0
475,KM.SIRIMAU,TIMIKA,70,8417.0,8451.0,0.0,8453.0,1134.0
465,KM.BUKITRAYA,SERASAN,59,8021.0,8021.0,0.0,8023.0,1056.0
476,KM.TILONGKABILA,BAUBAU,10,8129.0,8129.0,0.0,8131.0,1125.0
473,KM.SANGIANG,GESER,23,8036.0,8036.0,0.0,8038.0,950.0
471,KM.DOBONSOLO,JAYAPURA,26,8070.0,8070.0,2.0,8077.0,1025.0
449,KM.SANGIANG,AMBON,2,8027.0,8136.98,-4.369837824924616e-13,8148.959999999999,1356.9799999999996
457,KM.KELIMUTU,PONTIANAK,52,7834.0,8006.0,18.0,8027.0,1385.0
458,KM.CIREMAI,SERUI,60,8151.0,8151.0,0.0,8153.0,1372.0
464,KM.GUNUNGDEMPO,WASIOR,76,7993.0,8115.0,-4.3653969328261155e-13,8115.98,1180.0
458,KM.CIREMAI,JAYAPURA,26,8171.0,8171.0,0.0,8177.0,1372.0
459,KM.BUKITSIGUNTANG,MAUMERE,42,8079.0,8097.0,0.0,8099.0,1305.0
456,KM.DOROLONDA,MANOKWARI,41,8148.0,8151.0,0.0,8153.0,1444.0
465,KM.BUKITRAYA,MIDAI,44,8031.0,8031.0,0.0,8032.0,1056.0
451,KM.NGGAPULU,NAMLEA,46,8168.0,8168.0,0.0,8170.0,1362.0
470,KM.SINABUNG,WASIOR,76,8160.0,8160.0,0.0,8209.0,987.0
470,KM.SINABUNG,MANOKWARI,41,8218.0,8218.0,0.0,8223.0,987.0
458,KM.CIREMAI,SERUI,60,8194.0,8194.0,0.0,8196.0,1372.0
469,KM.KELIMUTU,BATULICIN,9,7979.02,8059.0,0.0,8061.0,989.0
454,KM.DOBONSOLO,SORONG,61,8160.0,8166.0,0.0,8169.0,1427.0
455,KM.AWU,KALABAHI,28,8142.02,8143.02,0.0,8146.02,1380.0200000000004
478,KM.DOROLONDA,NABIRE,45,8052.98,8052.98,0.0,8054.98,937.9799999999996
459,KM.BUKITSIGUNTANG,LEWOLEBA,38,8105.0,8105.0,0.0,8107.0,1305.0
461,KM.LEUSER,MERAUKE,43,8449.0,8451.0,13.0,8473.0,1466.0
470,KM.SINABUNG,SORONG,61,8239.0,8239.0,0.0,8242.0,987.0
461,KM.LEUSER,AGATS,1,8509.0,8509.0,6.0,8517.0,1472.0
467,KM.BINAIYA,PAREPARE,51,8077.0,8084.0,0.0,8086.0,1241.0
476,KM.TILONGKABILA,RAHA,53,8135.0,8135.0,0.0,8137.0,1125.0
448,KM.TATAMAILAU,MERAUKE,43,8328.0,8475.0,0.019999999999999574,8484.0,1764.0200000000004
460,KM.EGON,PAREPARE,51,8153.0,8153.0,0.0,8156.0,1323.0
472,KM.TATAMAILAU,DOBO,20,8466.02,8466.02,0.0,8469.02,1321.0200000000004
477,KM.NGGAPULU,BITUNG,15,8151.0,8153.0,0.0,8164.0,1082.0
467,KM.BINAIYA,BONTANG,17,8113.0,8127.0,0.0,8129.0,1255.0
468,KM.KELUD,TANJUNGBALAIKARIMUN,63,7439.0,7439.0,0.0,7440.0,609.0
467,KM.BINAIYA,PAREPARE,51,8156.0,8156.0,0.0,8158.0,1255.0
458,KM.CIREMAI,SORONG,61,8217.0,8217.0,0.0,8219.0,1372.0
461,KM.LEUSER,TIMIKA,70,8529.0,8529.0,14.0,8545.0,1486.0
475,KM.SIRIMAU,DOBO,20,8471.0,8471.0,0.0,8473.0,1134.0
474,KM.LAMBELU,MAKASSAR,40,8008.0,8070.0,0.0,8073.0,1045.0
471,KM.DOBONSOLO,BIAK,13,8097.0,8097.0,0.0,8099.0,1025.0
477,KM.NGGAPULU,JAILOLO,25,8174.0,8174.0,0.0,8176.0,1082.0
467,KM.BINAIYA,MAKASSAR,40,8165.0,8165.0,0.0,8168.0,1255.0
467,KM.BINAIYA,LABUANBAJO,34,8187.0,8187.0,0.0,8189.0,1255.0
461,KM.LEUSER,DOBO,20,8562.0,8562.0,0.0,8564.0,1486.0
475,KM.SIRIMAU,TUAL,71,8484.0,8484.0,0.0,8490.0,1134.0
468,KM.KELUD,BELAWAN,11,7462.0,7462.0,0.0,7483.0,609.0
450,KM.LAMBELU,BAUBAU,10,8116.0,8116.0,0.0,8118.0,1373.0
456,KM.DOROLONDA,NABIRE,45,8164.0,8164.0,0.0,8166.0,1444.0
474,KM.LAMBELU,BAUBAU,10,8088.0,8118.0,0.0,8120.0,1075.0
466,KM.LAWIT,KUPANG,33,8172.02,8172.02,0.0,8176.02,1220.0200000000004
474,KM.LAMBELU,MAUMERE,42,8133.0,8133.0,0.0,8135.0,1075.0
459,KM.BUKITSIGUNTANG,KUPANG,33,8114.0,8160.02,0.0,8165.02,1351.0200000000004
473,KM.SANGIANG,BANDA,6,8047.0,8047.0,0.0,8049.0,950.0
465,KM.BUKITRAYA,NATUNA,48,8036.0,8036.0,0.0,8038.0,1056.0
477,KM.NGGAPULU,TERNATE,68,8178.0,8178.0,0.0,8180.0,1082.0
466,KM.LAWIT,KALABAHI,28,8189.02,8189.02,0.0,8191.02,1220.0200000000004
474,KM.LAMBELU,LARANTUKA,35,8140.0,8140.0,0.0,8142.0,1075.0
478,KM.DOROLONDA,WASIOR,76,8062.98,8209.0,0.0,8211.0,1084.0
466,KM.LAWIT,ENDE,21,8210.02,8210.02,0.0,8212.02,1220.0200000000004
474,KM.LAMBELU,BAUBAU,10,8154.0,8154.0,0.0,8156.0,1075.0
450,KM.LAMBELU,MAKASSAR,40,8133.0,8133.0,0.0,8137.0,1373.0
474,KM.LAMBELU,MAKASSAR,40,8171.0,8171.0,0.0,8175.0,1075.0
457,KM.KELIMUTU,SEMARANG,58,8067.0,8067.0,0.0,8084.0,1385.0
456,KM.DOROLONDA,WAREN,75,8172.0,8172.0,0.0,8174.0,1444.0
475,KM.SIRIMAU,SAUMLAKI,57,8509.0,8509.0,0.0,8511.0,1134.0
476,KM.TILONGKABILA,KENDARI,30,8143.0,8143.0,0.0,8147.0,1125.0
476,KM.TILONGKABILA,LUWUK,39,8164.0,8164.0,0.0,8167.0,1125.0
449,KM.SANGIANG,NAMLEA,46,8158.98,8170.0,0.0,8177.0,1368.0
449,KM.SANGIANG,SANANA,56,8190.0,8190.0,0.0,8192.0,1368.0
476,KM.TILONGKABILA,GORONTALO,24,8178.0,8178.0,0.0,8180.0,1125.0
450,KM.LAMBELU,PAREPARE,51,8142.0,8158.0,0.0,8161.0,1389.0
467,KM.BINAIYA,BIMA,14,8197.0,8197.0,0.0,8198.0,1255.0
448,KM.TATAMAILAU,AGATS,1,8519.02,8529.0,0.0,8530.0,1774.0
466,KM.LAWIT,WAINGAPU,73,8222.02,8222.02,0.0,8225.02,1220.0200000000004
455,KM.AWU,KUPANG,33,8159.02,8165.02,0.0,8170.02,1386.0200000000004
450,KM.LAMBELU,BALIKPAPAN,5,8177.0,8177.0,0.0,8179.0,1389.0
448,KM.TATAMAILAU,TIMIKA,70,8542.0,8547.0,0.0,8549.0,1779.0
467,KM.BINAIYA,BENOA,12,8221.0,8221.0,0.0,8225.0,1255.0
456,KM.DOROLONDA,JAYAPURA,26,8194.0,8194.0,0.0,8199.0,1444.0
475,KM.SIRIMAU,KALABAHI,28,8557.0,8557.0,0.0,8559.0,1134.0
459,KM.BUKITSIGUNTANG,LEWOLEBA,38,8172.02,8172.02,0.0,8174.02,1351.0200000000004
476,KM.TILONGKABILA,BITUNG,15,8195.0,8195.0,0.0,8208.0,1125.0
451,KM.NGGAPULU,BAUBAU,10,8192.0,8192.0,0.0,8194.0,1362.0
448,KM.TATAMAILAU,TUAL,71,8571.0,8571.0,0.0,8573.0,1779.0
452,KM.TILONGKABILA,LUWUK,39,8181.0,8181.0,0.0,8183.0,1406.0
462,KM.LABOBAR,BANDA,6,8253.02,8253.02,0.0,8254.02,1356.0200000000004
471,KM.DOBONSOLO,MANOKWARI,41,8108.0,8223.0,0.0,8225.0,1140.0
452,KM.TILONGKABILA,KENDARI,30,8201.0,8201.0,0.0,8205.0,1406.0
474,KM.LAMBELU,PAREPARE,51,8180.0,8180.0,0.0,8183.0,1075.0
463,KM.SINABUNG,BAUBAU,10,7902.0,8156.0,-4.3653969328261155e-13,8157.98,1390.0
477,KM.NGGAPULU,AMBON,2,8200.0,8200.0,0.0,8203.0,1082.0
454,KM.DOBONSOLO,BAUBAU,10,8209.0,8209.0,0.0,8211.0,1427.0
470,KM.SINABUNG,BACAN,4,8257.0,8257.0,0.0,8258.0,987.0
449,KM.SANGIANG,BACAN,4,8213.0,8258.0,0.0,8260.0,1413.0
473,KM.SANGIANG,AMBON,2,8066.0,8163.0,-4.369837824924616e-13,8174.98,1047.0
461,KM.LEUSER,TUAL,71,8574.0,8574.0,0.0,8578.0,1486.0
471,KM.DOBONSOLO,SORONG,61,8239.0,8240.0,0.0,8242.0,1141.0
463,KM.SINABUNG,BANGGAI,7,8176.0,8176.0,0.0,8177.0,1390.0
467,KM.BINAIYA,BIMA,14,8248.0,8248.0,0.0,8251.0,1255.0
461,KM.LEUSER,SAUMLAKI,57,8599.0,8599.0,0.0,8601.0,1486.0
456,KM.DOROLONDA,WAREN,75,8218.0,8218.0,0.0,8220.0,1444.0
470,KM.SINABUNG,TERNATE,68,8264.0,8264.0,0.0,8266.0,987.0
456,KM.DOROLONDA,NABIRE,45,8226.0,8226.0,0.0,8228.0,1444.0
477,KM.NGGAPULU,NAMLEA,46,8208.0,8208.0,-4.3653969328261155e-13,8209.98,1082.0
459,KM.BUKITSIGUNTANG,MAUMERE,42,8180.02,8180.02,0.0,8182.02,1351.0200000000004
460,KM.EGON,BONTANG,17,8181.0,8181.0,7.0,8190.0,1330.0
467,KM.BINAIYA,WAINGAPU,73,8265.0,8265.0,0.0,8267.0,1255.0
457,KM.KELIMUTU,KUMAI,32,8109.0,8109.0,1.0,8113.0,1386.0
454,KM.DOBONSOLO,MAKASSAR,40,8226.0,8226.0,0.0,8229.0,1427.0
455,KM.AWU,ENDE,21,8183.02,8212.02,0.0,8214.02,1415.0200000000004
478,KM.DOROLONDA,MANOKWARI,41,8218.0,8225.0,0.0,8227.0,1091.0
469,KM.KELIMUTU,SURABAYA,62,8090.0,8090.0,-4.3653969328261155e-13,8092.98,989.0
450,KM.LAMBELU,PANTOLOAN,50,8192.0,8192.0,0.0,8194.0,1389.0
476,KM.TILONGKABILA,GORONTALO,24,8223.0,8223.0,0.0,8225.0,1125.0
458,KM.CIREMAI,AMBON,2,8238.0,8238.0,6.0,8247.0,1378.0
464,KM.GUNUNGDEMPO,MANOKWARI,41,8123.0,8227.0,0.0,8229.0,1284.0
463,KM.SINABUNG,BAUBAU,10,8195.0,8195.0,0.0,8197.0,1390.0
478,KM.DOROLONDA,SORONG,61,8239.0,8242.0,0.0,8244.0,1094.0
456,KM.DOROLONDA,MANOKWARI,41,8238.0,8238.0,0.0,8240.0,1444.0
455,KM.AWU,WAINGAPU,73,8223.02,8267.0,0.0,8270.0,1459.0
467,KM.BINAIYA,ENDE,21,8276.0,8276.0,0.0,8278.0,1255.0
468,KM.KELUD,TANJUNGBALAIKARIMUN,63,7505.0,7505.0,0.0,7507.0,609.0
460,KM.EGON,PAREPARE,51,8215.0,8215.0,-4.3653969328261155e-13,8217.98,1330.0
461,KM.LEUSER,AMBON,2,8632.0,8632.0,0.0,8636.0,1486.0
466,KM.LAWIT,BIMA,14,8240.02,8251.0,0.0,8253.0,1231.0
461,KM.LEUSER,NAMROLE,47,8645.0,8645.0,0.0,8647.0,1486.0
451,KM.NGGAPULU,MAKASSAR,40,8210.0,8210.0,0.0,8213.0,1362.0
461,KM.LEUSER,WANCI,74,8667.0,8667.0,0.0,8668.0,1486.0
474,KM.LAMBELU,BALIKPAPAN,5,8199.0,8199.0,0.0,8201.0,1075.0
459,KM.BUKITSIGUNTANG,MAKASSAR,40,8200.02,8213.0,0.0,8217.0,1364.0
452,KM.TILONGKABILA,RAHA,53,8212.0,8212.0,0.0,8213.0,1406.0
462,KM.LABOBAR,AMBON,2,8262.02,8262.02,0.0,8264.02,1356.0200000000004
478,KM.DOROLONDA,TERNATE,68,8263.0,8266.0,0.0,8268.0,1097.0
469,KM.KELIMUTU,KUMAI,32,8119.0,8119.0,5.0,8126.0,994.0
458,KM.CIREMAI,BAUBAU,10,8269.0,8269.0,0.0,8271.0,1378.0
478,KM.DOROLONDA,BITUNG,15,8276.0,8276.0,0.0,8278.0,1097.0
469,KM.KELIMUTU,SEMARANG,58,8150.0,8150.0,0.0,8161.0,994.0
460,KM.EGON,BATULICIN,9,8239.0,8250.0,0.020000000000000018,8253.0,1341.0200000000004
458,KM.CIREMAI,MAKASSAR,40,8284.0,8297.0,0.0,8300.0,1391.0
455,KM.AWU,BIMA,14,8284.0,8284.0,0.0,8286.0,1459.0
477,KM.NGGAPULU,BAUBAU,10,8232.0,8232.0,-4.3653969328261155e-13,8233.98,1082.0
452,KM.TILONGKABILA,BAUBAU,10,8218.0,8233.98,0.0,8235.98,1421.9799999999996
456,KM.DOROLONDA,SORONG,61,8252.0,8252.0,0.0,8255.0,1444.0
448,KM.TATAMAILAU,KAIMANA,27,8585.0,8585.0,0.0,8587.0,1779.0
454,KM.DOBONSOLO,SURABAYA,62,8256.0,8256.0,0.0,8258.0,1427.0
450,KM.LAMBELU,TARAKAN,66,8214.0,8214.0,0.0,8218.0,1389.0
474,KM.LAMBELU,PANTOLOAN,50,8214.0,8214.0,0.0,8216.0,1075.0
475,KM.SIRIMAU,KUPANG,33,8572.0,8572.0,0.0,8577.0,1134.0
476,KM.TILONGKABILA,LUWUK,39,8236.0,8236.0,0.0,8238.0,1125.0
470,KM.SINABUNG,BITUNG,15,8276.0,8278.0,0.0,8282.0,989.0
467,KM.BINAIYA,KUPANG,33,8291.0,8291.0,0.0,8294.0,1255.0
473,KM.SANGIANG,NAMLEA,46,8185.0,8209.98,0.0,8216.98,1071.9799999999996
474,KM.LAMBELU,TARAKAN,66,8236.0,8236.0,0.0,8240.0,1075.0
475,KM.SIRIMAU,LEWOLEBA,38,8589.0,8589.0,0.0,8591.0,1134.0
476,KM.TILONGKABILA,KENDARI,30,8256.0,8256.0,0.0,8260.0,1125.0
477,KM.NGGAPULU,MAKASSAR,40,8250.0,8250.0,0.0,8253.0,1082.0
473,KM.SANGIANG,SANANA,56,8229.98,8229.98,0.0,8231.98,1071.9799999999996
473,KM.SANGIANG,BACAN,4,8252.98,8260.0,0.0,8262.0,1079.0
461,KM.LEUSER,BAUBAU,10,8677.0,8677.0,0.0,8679.0,1486.0
467,KM.BINAIYA,ENDE,21,8307.0,8307.0,0.0,8309.0,1255.0
476,KM.TILONGKABILA,RAHA,53,8267.0,8267.0,0.0,8268.0,1125.0
477,KM.NGGAPULU,SURABAYA,62,8281.0,8281.0,0.0,8284.0,1082.0
464,KM.GUNUNGDEMPO,SORONG,61,8241.0,8244.0,0.0,8246.0,1287.0
457,KM.KELIMUTU,SEMARANG,58,8137.0,8161.0,0.0,8166.0,1410.0
469,KM.KELIMUTU,PONTIANAK,52,8203.0,8215.0,0.0,8218.0,1006.0
455,KM.AWU,BENOA,12,8307.0,8307.0,0.0,8313.0,1459.0
452,KM.TILONGKABILA,MAKASSAR,40,8257.98,8257.98,0.0,8262.98,1421.9799999999996
460,KM.EGON,SURABAYA,62,8278.02,8278.02,0.0,8283.02,1341.0200000000004
472,KM.TATAMAILAU,TUAL,71,8478.02,8578.0,0.0,8581.0,1421.0
448,KM.TATAMAILAU,FAKFAK,22,8599.0,8599.0,0.0,8601.0,1779.0
459,KM.BUKITSIGUNTANG,PAREPARE,51,8222.0,8222.0,0.0,8225.0,1364.0
464,KM.GUNUNGDEMPO,MAKASSAR,40,8294.0,8294.0,0.0,8296.0,1287.0
470,KM.SINABUNG,BANGGAI,7,8297.0,8297.0,0.0,8299.0,989.0
478,KM.DOROLONDA,PANTOLOAN,50,8305.0,8305.0,0.0,8307.0,1097.0
476,KM.TILONGKABILA,BAUBAU,10,8273.0,8273.0,0.0,8275.0,1125.0
476,KM.TILONGKABILA,MAKASSAR,40,8297.0,8297.0,0.0,8302.0,1125.0
472,KM.TATAMAILAU,AMBON,2,8607.0,8607.0,0.0,8609.0,1421.0
462,KM.LABOBAR,BAUBAU,10,8287.02,8287.02,0.0,8289.02,1356.0200000000004
468,KM.KELUD,BATAM,8,7510.0,7511.0,0.0,7514.0,610.0
449,KM.SANGIANG,TERNATE,68,8272.0,8272.0,0.0,8275.0,1413.0
476,KM.TILONGKABILA,LABUANBAJO,34,8320.0,8320.0,0.0,8322.0,1125.0
464,KM.GUNUNGDEMPO,SURABAYA,62,8320.0,8320.0,0.0,8322.0,1287.0
474,KM.LAMBELU,NUNUKAN,49,8246.0,8246.0,0.0,8249.0,1075.0
462,KM.LABOBAR,MAKASSAR,40,8303.02,8303.02,0.0,8305.02,1356.0200000000004
467,KM.BINAIYA,WAINGAPU,73,8318.0,8318.0,0.0,8320.0,1255.0
465,KM.BUKITRAYA,TAREMPA,67,8049.0,8049.0,0.0,8050.0,1056.0
462,KM.LABOBAR,SURABAYA,62,8330.02,8330.02,0.0,8333.02,1356.0200000000004
465,KM.BUKITRAYA,LETUNG,37,8054.0,8054.0,0.0,8055.0,1056.0
457,KM.KELIMUTU,PONTIANAK,52,8209.0,8218.0,0.0,8221.0,1419.0
452,KM.TILONGKABILA,LABUANBAJO,34,8280.98,8322.0,0.0,8324.0,1463.0
469,KM.KELIMUTU,TANJUNGPANDAN,64,8239.0,8239.0,0.0,8241.0,1006.0
475,KM.SIRIMAU,MAUMERE,42,8601.0,8601.0,0.0,8603.0,1134.0
448,KM.TATAMAILAU,SORONG,61,8616.0,8616.0,-4.3653969328261155e-13,8618.98,1779.0
459,KM.BUKITSIGUNTANG,BALIKPAPAN,5,8241.0,8241.0,0.0,8243.0,1364.0
452,KM.TILONGKABILA,BIMA,14,8331.0,8331.0,0.0,8333.0,1463.0
452,KM.TILONGKABILA,LEMBAR,36,8351.0,8351.0,0.0,8353.0,1463.0
471,KM.DOBONSOLO,BAUBAU,10,8282.0,8289.02,0.0,8291.02,1148.0200000000004
456,KM.DOROLONDA,AMBON,2,8275.0,8609.0,0.0,8612.0,1778.0
461,KM.LEUSER,MAKASSAR,40,8700.0,8700.0,0.0,8705.0,1486.0
459,KM.BUKITSIGUNTANG,TARAKAN,66,8267.0,8267.0,0.0,8271.0,1364.0
471,KM.DOBONSOLO,MAKASSAR,40,8306.02,8321.0,0.0,8324.0,1163.0
470,KM.SINABUNG,BAUBAU,10,8316.0,8316.0,0.0,8318.0,989.0
456,KM.DOROLONDA,NAMLEA,46,8617.0,8617.0,0.0,8619.0,1778.0
463,KM.SINABUNG,MAKASSAR,40,8214.0,8324.0,0.0,8327.0,1500.0
474,KM.LAMBELU,BALIKPAPAN,5,8276.0,8276.0,0.0,8278.0,1075.0
475,KM.SIRIMAU,BAUBAU,10,8622.0,8622.0,0.0,8625.0,1134.0
461,KM.LEUSER,LABUANBAJO,34,8725.0,8725.0,0.0,8726.0,1486.0
450,KM.LAMBELU,NUNUKAN,49,8224.0,8249.0,0.0,8252.0,1414.0
457,KM.KELIMUTU,TANJUNGPANDAN,64,8242.0,8242.0,0.0,8244.0,1419.0
448,KM.TATAMAILAU,TIDORE,69,8643.0,8643.0,0.0,8644.0,1779.0
471,KM.DOBONSOLO,SURABAYA,62,8351.0,8351.0,0.0,8353.0,1163.0
450,KM.LAMBELU,BALIKPAPAN,5,8279.0,8279.0,0.0,8281.0,1414.0
456,KM.DOROLONDA,BAUBAU,10,8642.0,8642.0,0.0,8644.0,1778.0
475,KM.SIRIMAU,WANCI,74,8633.0,8668.0,0.0,8670.0,1169.0
467,KM.BINAIYA,BIMA,14,8334.0,8334.0,-4.3653969328261155e-13,8334.98,1255.0
450,KM.LAMBELU,PAREPARE,51,8297.0,8297.0,0.0,8299.0,1414.0
460,KM.EGON,LEMBAR,36,8306.02,8353.0,2.0,8357.0,1390.0
459,KM.BUKITSIGUNTANG,NUNUKAN,49,8277.0,8277.0,0.0,8279.0,1364.0
461,KM.LEUSER,BIMA,14,8735.0,8735.0,0.0,8736.0,1486.0
465,KM.BUKITRAYA,KIJANG,31,8070.0,8070.0,0.0,8073.0,1056.0
455,KM.AWU,SURABAYA,62,8341.0,8341.0,0.0,8346.0,1459.0
472,KM.TATAMAILAU,TERNATE,68,8635.0,8635.0,0.0,8636.0,1421.0
476,KM.TILONGKABILA,BIMA,14,8329.0,8736.0,0.0,8738.0,1532.0
465,KM.BUKITRAYA,BLINYU,16,8089.0,8089.0,0.0,8090.0,1056.0
451,KM.NGGAPULU,SURABAYA,62,8241.0,8346.0,0.0,8349.0,1467.0
476,KM.TILONGKABILA,LEMBAR,36,8756.0,8756.0,0.0,8758.0,1532.0
470,KM.SINABUNG,MAKASSAR,40,8333.0,8333.0,0.0,8335.0,989.0
456,KM.DOROLONDA,MAKASSAR,40,8658.0,8658.0,0.0,8661.0,1778.0
466,KM.LAWIT,BENOA,12,8275.0,8313.0,0.0,8317.0,1269.0
473,KM.SANGIANG,TERNATE,68,8274.0,8636.0,0.0,8639.0,1441.0
475,KM.SIRIMAU,AMBON,2,8698.0,8698.0,0.0,8701.0,1169.0
474,KM.LAMBELU,PAREPARE,51,8294.0,8299.0,0.0,8301.0,1080.0
461,KM.LEUSER,BENOA,12,8757.0,8757.0,0.0,8759.0,1486.0
459,KM.BUKITSIGUNTANG,BALIKPAPAN,5,8306.0,8306.0,0.0,8308.0,1364.0
466,KM.LAWIT,SURABAYA,62,8346.0,8349.0,-4.3653969328261155e-13,8351.98,1272.0
458,KM.CIREMAI,SURABAYA,62,8325.0,8351.98,0.0,8354.98,1417.9799999999996
478,KM.DOROLONDA,BALIKPAPAN,5,8319.0,8319.0,-4.3653969328261155e-13,8320.98,1097.0
459,KM.BUKITSIGUNTANG,PAREPARE,51,8324.0,8324.0,0.0,8327.0,1364.0
498,KM.DOROLONDA,SURABAYA,62,7252.0,8353.0,0.0,8367.0,1101.0
504,KM.EGON,WAINGAPU,73,7327.0,8320.0,0.0,8326.0,993.0
498,KM.DOROLONDA,MAKASSAR,40,8395.0,8661.0,0.0,8664.0,1367.0
492,KM.SANGIANG,BITUNG,15,7217.0,8282.0,0.0,8329.0,1065.0
508,KM.BUKITRAYA,TANJUNGPRIOK,65,7396.0,7396.0,0.0,7403.0,0.0
481,KM.CIREMAI,TANJUNGPRIOK,65,6959.0,7403.0,0.0,7415.0,444.0
483,KM.EGON,WAINGAPU,73,6993.0,8326.0,0.0,8331.0,1333.0
502,KM.LEUSER,SURABAYA,62,7302.0,8354.98,0.0,8360.98,1052.9799999999996
483,KM.EGON,LEMBAR,36,8360.0,8758.0,0.0,8761.0,1731.0
501,KM.CIREMAI,TANJUNGPRIOK,65,7295.0,7415.0,0.0,7426.0,120.0
488,KM.BINAIYA,BENOA,12,7103.0,8759.0,0.0,8768.0,1656.0
501,KM.CIREMAI,SURABAYA,62,7449.0,8360.98,0.0,8363.98,1031.9799999999996
490,KM.WILIS,MAKASSAR,40,7146.0,8664.0,-4.369837824924616e-13,8669.98,1518.0
482,KM.BUKITSIGUNTANG,MAKASSAR,40,6968.0,8669.98,0.0,8687.98,1701.9799999999996
503,KM.BUKITSIGUNTANG,MAKASSAR,40,7304.0,8687.98,0.0,8705.98,1383.9799999999996
501,KM.CIREMAI,MAKASSAR,40,8390.98,8705.0,0.0,8708.0,1346.0
492,KM.SANGIANG,TERNATE,68,8349.0,8639.0,0.0,8644.0,1355.0
505,KM.LABOBAR,TANJUNGPRIOK,65,7339.0,7426.0,0.0,7444.0,87.0
488,KM.BINAIYA,BIMA,14,8791.0,8791.0,0.0,8793.0,1656.0
498,KM.DOROLONDA,BAUBAU,10,8679.0,8679.0,0.0,8681.0,1367.0
502,KM.LEUSER,BENOA,12,8388.98,8768.0,0.0,8772.0,1432.0
506,KM.SINABUNG,SURABAYA,62,7376.0,8363.98,0.0,8370.98,987.9799999999996
501,KM.CIREMAI,BAUBAU,10,8722.0,8722.0,0.0,8724.0,1346.0
484,KM.LABOBAR,TANJUNGPRIOK,65,7003.0,7444.0,0.0,7462.0,441.0
499,KM.KELIMUTU,TANJUNGPRIOK,65,7253.0,7462.0,0.0,7474.0,209.0
506,KM.SINABUNG,MAKASSAR,40,8401.98,8705.98,0.0,8711.98,1291.9799999999996
508,KM.BUKITRAYA,BLINYU,16,7431.0,8090.0,0.0,8091.0,659.0
484,KM.LABOBAR,SURABAYA,62,7488.0,8367.0,0.0,8371.0,1320.0
496,KM.TILONGKABILA,BENOA,12,7232.0,8772.0,0.0,8797.0,1540.0
506,KM.SINABUNG,BAUBAU,10,8728.98,8728.98,-4.3653969328261155e-13,8731.96,1291.9799999999996
508,KM.BUKITRAYA,KIJANG,31,8106.0,8106.0,0.0,8109.0,659.0
505,KM.LABOBAR,SURABAYA,62,7470.0,8370.98,0.0,8374.98,987.9799999999996
480,KM.KELUD,TANJUNGPRIOK,65,6934.0,7474.0,0.0,7498.0,540.0
499,KM.KELIMUTU,TANJUNGPANDAN,64,7493.0,8244.0,0.0,8246.0,960.0
486,KM.BUKITRAYA,TANJUNGPRIOK,65,7062.0,7498.0,0.0,7505.0,436.0
490,KM.WILIS,LABUANBAJO,34,8694.0,8726.0,0.0,8727.0,1550.0
482,KM.BUKITSIGUNTANG,PAREPARE,51,8692.98,8692.98,0.0,8696.98,1701.9799999999996
493,KM.LAMBELU,MAKASSAR,40,7226.0,8708.0,0.0,8716.0,1482.0
494,KM.TATAMAILAU,BITUNG,15,7227.0,8329.0,0.0,8341.0,1102.0
498,KM.DOROLONDA,NAMLEA,46,8705.0,8705.0,0.0,8707.0,1367.0
483,KM.EGON,SURABAYA,62,8783.0,8783.0,-4.3653969328261155e-13,8786.98,1731.0
503,KM.BUKITSIGUNTANG,PAREPARE,51,8710.98,8710.98,0.0,8714.98,1383.9799999999996
484,KM.LABOBAR,MAKASSAR,40,8400.0,8711.98,0.0,8714.98,1631.9799999999996
479,KM.AWU,KUMAI,32,6915.0,8128.0,12.0,8176.0,1225.0
508,KM.BUKITRAYA,LETUNG,37,8122.0,8122.0,-4.3653969328261155e-13,8122.98,659.0
496,KM.TILONGKABILA,LEMBAR,36,8803.0,8803.0,0.0,8805.0,1540.0
492,KM.SANGIANG,BACAN,4,8656.0,8656.0,0.0,8659.0,1355.0
500,KM.KELUD,TANJUNGPRIOK,65,7270.0,7505.0,0.0,7529.0,235.0
490,KM.WILIS,BIMA,14,8736.0,8793.0,0.0,8794.0,1607.0
493,KM.LAMBELU,PAREPARE,51,8721.0,8721.0,0.0,8723.0,1482.0
479,KM.AWU,SURABAYA,62,8204.0,8374.98,0.0,8380.98,1395.9799999999996
483,KM.EGON,BATULICIN,9,8814.0,8814.0,0.0,8817.0,1731.0
506,KM.SINABUNG,BANGGAI,7,8749.98,8749.98,0.0,8750.98,1291.9799999999996
482,KM.BUKITSIGUNTANG,BALIKPAPAN,5,8711.98,8711.98,0.0,8716.98,1701.9799999999996
495,KM.NGGAPULU,TANJUNGPRIOK,65,7228.0,7529.0,0.0,7558.0,301.0
494,KM.TATAMAILAU,TIDORE,69,8354.0,8644.0,0.0,8645.0,1392.0
485,KM.GUNUNGDEMPO,TANJUNGPRIOK,65,7058.0,7558.0,0.0,7571.0,500.0
505,KM.LABOBAR,MAKASSAR,40,8403.98,8714.98,0.0,8717.98,1298.9799999999996
508,KM.BUKITRAYA,TAREMPA,67,8127.0,8127.0,0.0,8129.0,659.0
501,KM.CIREMAI,AMBON,2,8748.0,8748.0,0.0,8751.0,1346.0
488,KM.BINAIYA,LABUANBAJO,34,8801.0,8801.0,0.0,8803.0,1656.0
502,KM.LEUSER,BIMA,14,8794.0,8794.0,0.0,8796.0,1432.0
484,KM.LABOBAR,BAUBAU,10,8730.98,8730.98,0.0,8732.98,1631.9799999999996
497,KM.AWU,KUMAI,32,7251.0,8178.0,11.0,8225.0,938.0
506,KM.SINABUNG,BITUNG,15,8764.98,8764.98,0.0,8767.98,1291.9799999999996
490,KM.WILIS,WAINGAPU,73,8810.0,8810.0,0.0,8814.0,1607.0
500,KM.KELUD,BATAM,8,7561.0,7562.0,0.0,7567.0,236.0
498,KM.DOROLONDA,AMBON,2,8712.0,8712.0,0.0,8715.0,1367.0
479,KM.AWU,BENOA,12,8407.98,8797.0,0.0,8802.0,1785.0
496,KM.TILONGKABILA,BIMA,14,8823.0,8823.0,0.0,8827.0,1540.0
486,KM.BUKITRAYA,BLINYU,16,7533.0,8091.0,0.0,8092.0,994.0
487,KM.KELUD,TANJUNGPRIOK,65,7102.0,7571.0,0.0,7595.0,469.0
498,KM.DOROLONDA,SORONG,61,8735.0,8735.0,0.0,8738.0,1367.0
502,KM.LEUSER,LABUANBAJO,34,8804.0,8804.0,0.0,8806.0,1432.0
485,KM.GUNUNGDEMPO,SURABAYA,62,7595.0,8380.98,0.0,8384.98,1285.9799999999996
501,KM.CIREMAI,SORONG,61,8771.0,8771.0,0.0,8774.0,1346.0
503,KM.BUKITSIGUNTANG,BALIKPAPAN,5,8729.98,8729.98,0.0,8734.98,1383.9799999999996
508,KM.BUKITRAYA,NATUNA,48,8140.0,8140.0,0.0,8143.0,659.0
508,KM.BUKITRAYA,MIDAI,44,8147.0,8147.0,0.0,8149.0,659.0
483,KM.EGON,PAREPARE,51,8839.0,8839.0,0.0,8841.0,1731.0
503,KM.BUKITSIGUNTANG,TARAKAN,66,8759.98,8759.98,0.0,8763.98,1383.9799999999996
505,KM.LABOBAR,BAUBAU,10,8733.98,8733.98,0.0,8735.98,1298.9799999999996
502,KM.LEUSER,MAKASSAR,40,8826.0,8826.0,0.0,8830.0,1432.0
495,KM.NGGAPULU,SURABAYA,62,7585.0,8384.98,0.0,8388.98,1100.9799999999996
492,KM.SANGIANG,SANANA,56,8681.0,8681.0,0.0,8683.0,1355.0
480,KM.KELUD,BATAM,8,7530.0,7567.0,0.0,7572.0,577.0
502,KM.LEUSER,BAUBAU,10,8853.0,8853.0,0.0,8856.0,1432.0
507,KM.GUNUNGDEMPO,TANJUNGPRIOK,65,7394.0,7595.0,0.0,7608.0,201.0
492,KM.SANGIANG,NAMLEA,46,8696.0,8707.0,0.0,8709.0,1366.0
502,KM.LEUSER,WANCI,74,8865.0,8865.0,0.0,8867.0,1432.0
492,KM.SANGIANG,AMBON,2,8719.0,8719.0,0.0,8723.0,1366.0
505,KM.LABOBAR,AMBON,2,8760.98,8760.98,0.0,8763.98,1298.9799999999996
497,KM.AWU,SURABAYA,62,8253.0,8388.98,0.0,8394.98,1073.9799999999996
503,KM.BUKITSIGUNTANG,NUNUKAN,49,8769.98,8769.98,0.0,8772.98,1383.9799999999996
482,KM.BUKITSIGUNTANG,TARAKAN,66,8741.98,8763.98,0.0,8767.98,1723.9799999999996
503,KM.BUKITSIGUNTANG,BALIKPAPAN,5,8799.98,8799.98,0.0,8801.98,1383.9799999999996
479,KM.AWU,BIMA,14,8823.0,8827.0,0.0,8829.0,1789.0
503,KM.BUKITSIGUNTANG,PAREPARE,51,8816.98,8841.0,0.0,8845.0,1408.0
486,KM.BUKITRAYA,KIJANG,31,8107.0,8109.0,0.0,8112.0,996.0
484,KM.LABOBAR,AMBON,2,8757.98,8757.98,0.0,8760.98,1631.9799999999996
501,KM.CIREMAI,SERUI,60,8795.0,8795.0,0.0,8797.0,1346.0
495,KM.NGGAPULU,MAKASSAR,40,8417.98,8717.98,0.0,8721.98,1400.9799999999996
481,KM.CIREMAI,SURABAYA,62,7438.0,8394.98,0.0,8397.98,1400.9799999999996
502,KM.LEUSER,NAMROLE,47,8894.0,8894.0,0.0,8895.0,1432.0
490,KM.WILIS,ENDE,21,8825.0,8825.0,0.0,8827.0,1607.0
498,KM.DOROLONDA,MANOKWARI,41,8751.0,8751.0,0.0,8753.0,1367.0
492,KM.SANGIANG,BANDA,6,8739.0,8739.0,0.0,8741.0,1366.0
482,KM.BUKITSIGUNTANG,NUNUKAN,49,8773.98,8773.98,0.0,8776.98,1723.9799999999996
506,KM.SINABUNG,TERNATE,68,8777.98,8777.98,-4.3653969328261155e-13,8779.96,1291.9799999999996
506,KM.SINABUNG,BACAN,4,8785.98,8785.98,0.0,8786.98,1291.9799999999996
500,KM.KELUD,TANJUNGBALAIKARIMUN,63,7570.0,7570.0,0.0,7571.0,236.0
479,KM.AWU,WAINGAPU,73,8843.0,8843.0,0.0,8846.0,1789.0
493,KM.LAMBELU,BALIKPAPAN,5,8739.0,8801.98,0.0,8806.98,1544.9799999999996
486,KM.BUKITRAYA,LETUNG,37,8124.0,8124.0,0.0,8125.0,996.0
481,KM.CIREMAI,MAKASSAR,40,8424.98,8722.0,0.0,8725.0,1698.0
489,KM.LAWIT,KUMAI,32,7107.0,8227.0,0.0,8233.0,1120.0
491,KM.DOBONSOLO,TANJUNGPRIOK,65,7216.0,7608.0,0.0,7618.0,392.0
486,KM.BUKITRAYA,TAREMPA,67,8129.0,8129.0,0.0,8131.0,996.0
493,KM.LAMBELU,TARAKAN,66,8832.98,8832.98,0.0,8835.98,1544.9799999999996
507,KM.GUNUNGDEMPO,SURABAYA,62,7632.0,8397.98,0.0,8401.98,966.9799999999996
486,KM.BUKITRAYA,NATUNA,48,8142.0,8143.0,0.0,8146.0,997.0
490,KM.WILIS,KUPANG,33,8843.0,8843.0,0.0,8849.0,1607.0
495,KM.NGGAPULU,BAUBAU,10,8735.98,8735.98,0.0,8737.98,1400.9799999999996
506,KM.SINABUNG,SORONG,61,8801.98,8801.98,0.0,8804.98,1291.9799999999996
501,KM.CIREMAI,JAYAPURA,26,8815.0,8815.0,0.0,8821.0,1346.0
492,KM.SANGIANG,GESER,23,8751.0,8751.0,0.0,8753.0,1366.0
494,KM.TATAMAILAU,SORONG,61,8669.0,8774.0,0.0,8777.0,1497.0
481,KM.CIREMAI,BAUBAU,10,8739.0,8739.0,0.0,8741.0,1698.0
492,KM.SANGIANG,FAKFAK,22,8766.0,8766.0,0.0,8775.0,1366.0
488,KM.BINAIYA,MAKASSAR,40,8823.0,8823.0,0.0,8828.0,1656.0
493,KM.LAMBELU,NUNUKAN,49,8841.98,8841.98,0.0,8844.98,1544.9799999999996
487,KM.KELUD,BATAM,8,7627.0,7627.0,1.0,7633.0,470.0
484,KM.LABOBAR,BANDA,6,8768.98,8768.98,0.0,8770.98,1631.9799999999996
481,KM.CIREMAI,AMBON,2,8765.0,8765.0,0.0,8768.0,1698.0
485,KM.GUNUNGDEMPO,MAKASSAR,40,8411.98,8828.0,0.0,8831.0,1702.0
507,KM.GUNUNGDEMPO,MAKASSAR,40,8428.98,8830.0,0.0,8833.0,1368.0
508,KM.BUKITRAYA,SERASAN,59,8157.0,8157.0,0.0,8159.0,659.0
485,KM.GUNUNGDEMPO,SORONG,61,8880.0,8880.0,0.0,8883.0,1702.0
505,KM.LABOBAR,BANDA,6,8771.98,8771.98,0.0,8773.98,1298.9799999999996
486,KM.BUKITRAYA,MIDAI,44,8150.0,8150.0,0.0,8151.0,997.0
508,KM.BUKITRAYA,PONTIANAK,52,8178.0,8221.0,15.0,8238.0,717.0
503,KM.BUKITSIGUNTANG,MAKASSAR,40,8850.0,8850.0,0.0,8854.0,1408.0
484,KM.LABOBAR,TUAL,71,8783.98,8783.98,0.0,8786.98,1631.9799999999996
490,KM.WILIS,KALABAHI,28,8866.0,8866.0,0.0,8869.0,1607.0
486,KM.BUKITRAYA,SERASAN,59,8159.0,8159.0,0.0,8161.0,997.0
496,KM.TILONGKABILA,LABUANBAJO,34,8834.0,8834.0,-4.3653969328261155e-13,8835.98,1540.0
487,KM.KELUD,TANJUNGBALAIKARIMUN,63,7636.0,7636.0,0.0,7637.0,470.0
501,KM.CIREMAI,SERUI,60,8838.0,8838.0,0.0,8840.0,1346.0
497,KM.AWU,BENOA,12,8421.98,8802.0,0.0,8807.0,1454.0
496,KM.TILONGKABILA,MAKASSAR,40,8854.0,8854.0,0.0,8859.0,1540.0
503,KM.BUKITSIGUNTANG,MAUMERE,42,8872.0,8872.0,0.0,8874.0,1408.0
488,KM.BINAIYA,AWERANGE,3,8834.0,8834.0,0.0,8836.0,1656.0
484,KM.LABOBAR,DOBO,20,8793.98,8793.98,0.0,8796.98,1631.9799999999996
479,KM.AWU,ENDE,21,8855.0,8855.0,0.0,8857.0,1789.0
486,KM.BUKITRAYA,PONTIANAK,52,8180.0,8240.0,0.0,8242.0,1057.0
503,KM.BUKITSIGUNTANG,LEWOLEBA,38,8880.0,8880.0,0.0,8882.0,1408.0
502,KM.LEUSER,AMBON,2,8905.0,8905.0,0.0,8908.0,1432.0
503,KM.BUKITSIGUNTANG,KUPANG,33,8889.0,8889.0,0.0,8894.0,1408.0
498,KM.DOROLONDA,NABIRE,45,8764.0,8764.0,0.0,8766.0,1367.0
503,KM.BUKITSIGUNTANG,LEWOLEBA,38,8901.0,8901.0,0.0,8903.0,1408.0
494,KM.TATAMAILAU,FAKFAK,22,8792.0,8792.0,0.0,8795.0,1497.0
495,KM.NGGAPULU,NAMLEA,46,8760.98,8760.98,0.0,8762.98,1400.9799999999996
500,KM.KELUD,BELAWAN,11,7593.0,7593.0,0.0,7614.0,236.0
496,KM.TILONGKABILA,BAUBAU,10,8880.0,8880.0,0.0,8882.0,1540.0
494,KM.TATAMAILAU,KAIMANA,27,8808.0,8808.0,0.0,8811.0,1497.0
486,KM.BUKITRAYA,SURABAYA,62,8289.0,8401.98,0.0,8405.98,1169.9799999999996
488,KM.BINAIYA,BONTANG,17,8864.0,8864.0,0.0,8867.0,1656.0
482,KM.BUKITSIGUNTANG,BALIKPAPAN,5,8803.98,8806.98,0.0,8808.98,1726.9799999999996
484,KM.LABOBAR,KAIMANA,27,8805.98,8811.0,-4.3653969328261155e-13,8812.98,1637.0
493,KM.LAMBELU,PANTOLOAN,50,8865.98,8865.98,0.0,8867.98,1544.9799999999996
495,KM.NGGAPULU,AMBON,2,8768.98,8768.98,0.0,8772.98,1400.9799999999996
495,KM.NGGAPULU,TERNATE,68,8792.98,8792.98,0.0,8794.98,1400.9799999999996
498,KM.DOROLONDA,WAREN,75,8772.0,8772.0,0.0,8774.0,1367.0
482,KM.BUKITSIGUNTANG,PAREPARE,51,8823.98,8845.0,0.0,8849.0,1748.0
506,KM.SINABUNG,MANOKWARI,41,8818.98,8818.98,0.0,8820.98,1291.9799999999996
502,KM.LEUSER,SAUMLAKI,57,8942.0,8942.0,-4.3653969328261155e-13,8943.98,1432.0
481,KM.CIREMAI,SORONG,61,8788.0,8804.98,0.0,8807.98,1714.9799999999996
498,KM.DOROLONDA,JAYAPURA,26,8794.0,8821.0,0.0,8826.0,1394.0
480,KM.KELUD,TANJUNGBALAIKARIMUN,63,7575.0,7637.0,0.0,7638.0,639.0
494,KM.TATAMAILAU,TUAL,71,8823.0,8823.0,0.0,8828.0,1497.0
494,KM.TATAMAILAU,TIMIKA,70,8851.0,8851.0,0.0,8854.0,1497.0
485,KM.GUNUNGDEMPO,MANOKWARI,41,8895.0,8895.0,0.0,8897.0,1702.0
479,KM.AWU,KUPANG,33,8870.0,8870.0,0.0,8875.0,1789.0
482,KM.BUKITSIGUNTANG,MAKASSAR,40,8854.0,8854.0,0.0,8858.0,1748.0
481,KM.CIREMAI,SERUI,60,8829.98,8840.0,0.0,8842.0,1725.0
483,KM.EGON,BONTANG,17,8866.0,8867.0,0.0,8870.0,1732.0
480,KM.KELUD,BELAWAN,11,7660.0,7660.0,0.0,7681.0,639.0
489,KM.LAWIT,SURABAYA,62,8261.0,8405.98,0.0,8411.98,1264.9799999999996
504,KM.EGON,LEMBAR,36,8355.0,8805.0,0.0,8808.0,1443.0
505,KM.LABOBAR,TUAL,71,8786.98,8828.0,0.0,8831.0,1340.0
484,KM.LABOBAR,FAKFAK,22,8823.0,8823.0,0.0,8826.0,1637.0
492,KM.SANGIANG,GESER,23,8788.0,8788.0,0.0,8790.0,1366.0
487,KM.KELUD,BELAWAN,11,7659.0,7681.0,0.0,7702.0,492.0
496,KM.TILONGKABILA,RAHA,53,8886.0,8886.0,0.0,8888.0,1540.0
508,KM.BUKITRAYA,SURABAYA,62,8285.0,8411.98,0.0,8415.98,843.9799999999996
504,KM.EGON,SURABAYA,62,8830.0,8830.0,0.0,8834.0,1443.0
503,KM.BUKITSIGUNTANG,MAUMERE,42,8909.0,8909.0,0.0,8911.0,1408.0
498,KM.DOROLONDA,WAREN,75,8845.0,8845.0,0.0,8847.0,1394.0
496,KM.TILONGKABILA,KENDARI,30,8894.0,8894.0,0.0,8898.0,1540.0
485,KM.GUNUNGDEMPO,WASIOR,76,8904.0,8904.0,0.0,8905.0,1702.0
482,KM.BUKITSIGUNTANG,MAUMERE,42,8876.0,8911.0,0.0,8913.0,1783.0
507,KM.GUNUNGDEMPO,SORONG,61,8882.0,8882.0,0.0,8885.0,1368.0
506,KM.SINABUNG,BIAK,13,8829.98,8829.98,0.0,8831.98,1291.9799999999996
494,KM.TATAMAILAU,AGATS,1,8867.0,8867.0,0.0,8870.0,1497.0
494,KM.TATAMAILAU,MERAUKE,43,8915.0,8915.0,0.0,8925.0,1497.0
492,KM.SANGIANG,BANDA,6,8799.0,8799.0,0.0,8801.0,1366.0
494,KM.TATAMAILAU,AGATS,1,8965.0,8965.0,0.0,8969.0,1497.0
494,KM.TATAMAILAU,TIMIKA,70,8985.0,8985.0,0.0,8987.0,1497.0
490,KM.WILIS,KUPANG,33,8885.0,8885.0,0.0,8893.0,1607.0
482,KM.BUKITSIGUNTANG,LEWOLEBA,38,8919.0,8919.0,0.0,8921.0,1783.0
507,KM.GUNUNGDEMPO,MANOKWARI,41,8897.0,8897.0,0.0,8899.0,1368.0
493,KM.LAMBELU,BALIKPAPAN,5,8880.98,8880.98,0.0,8882.98,1544.9799999999996
493,KM.LAMBELU,PAREPARE,51,8898.98,8898.98,0.0,8900.98,1544.9799999999996
501,KM.CIREMAI,SORONG,61,8860.0,8883.0,0.0,8886.0,1369.0
504,KM.EGON,BATULICIN,9,8861.0,8861.0,0.0,8865.0,1443.0
491,KM.DOBONSOLO,SURABAYA,62,7645.0,8786.98,0.0,8790.98,1533.9799999999996
491,KM.DOBONSOLO,MAKASSAR,40,8821.98,8858.0,0.0,8862.0,1570.0
506,KM.SINABUNG,JAYAPURA,26,8852.98,8852.98,0.0,8858.98,1291.9799999999996
482,KM.BUKITSIGUNTANG,KUPANG,33,8928.0,8928.0,0.0,8933.0,1783.0
497,KM.AWU,BIMA,14,8828.0,8829.0,0.0,8831.0,1455.0
483,KM.EGON,PAREPARE,51,8896.0,8900.98,0.0,8903.98,1736.9799999999996
484,KM.LABOBAR,KAIMANA,27,8836.0,8836.0,0.0,8838.0,1637.0
489,KM.LAWIT,SAMPIT,55,8440.98,8469.0,0.0,8489.0,1293.0
489,KM.LAWIT,SEMARANG,58,8521.0,8521.0,0.0,8523.0,1293.0
508,KM.BUKITRAYA,PONTIANAK,52,8462.98,8477.0,0.0,8479.0,858.0
485,KM.GUNUNGDEMPO,NABIRE,45,8912.0,8912.0,0.0,8914.0,1702.0
493,KM.LAMBELU,MAKASSAR,40,8905.98,8905.98,0.0,8908.98,1544.9799999999996
489,KM.LAWIT,KUMAI,32,8548.0,8548.0,8.0,8560.0,1301.0
502,KM.LEUSER,TUAL,71,8969.0,8969.0,0.0,8973.0,1432.0
492,KM.SANGIANG,AMBON,2,8818.0,8818.0,-4.369837824924616e-13,8829.98,1366.0
506,KM.SINABUNG,BIAK,13,8878.98,8878.98,0.0,8880.98,1291.9799999999996
501,KM.CIREMAI,AMBON,2,8904.0,8904.0,0.0,8907.0,1369.0
497,KM.AWU,WAINGAPU,73,8845.0,8846.0,0.0,8849.0,1456.0
505,KM.LABOBAR,DOBO,20,8838.0,8838.0,0.0,8841.0,1340.0
495,KM.NGGAPULU,JAILOLO,25,8796.98,8796.98,0.0,8798.98,1400.9799999999996
502,KM.LEUSER,DOBO,20,8984.0,8984.0,0.0,8986.0,1432.0
484,KM.LABOBAR,DOBO,20,8847.0,8986.0,0.0,8988.0,1776.0
490,KM.WILIS,ENDE,21,8909.0,8909.0,0.0,8911.0,1607.0
493,KM.LAMBELU,BAUBAU,10,8923.98,8923.98,0.0,8925.98,1544.9799999999996
488,KM.BINAIYA,PAREPARE,51,8894.0,8903.98,0.0,8905.98,1665.9799999999996
493,KM.LAMBELU,MAUMERE,42,8938.98,8938.98,0.0,8940.98,1544.9799999999996
498,KM.DOROLONDA,NABIRE,45,8853.0,8914.0,0.0,8916.0,1455.0
490,KM.WILIS,WAINGAPU,73,8922.0,8922.0,0.0,8924.0,1607.0
496,KM.TILONGKABILA,LUWUK,39,8915.0,8915.0,0.0,8918.0,1540.0
493,KM.LAMBELU,LARANTUKA,35,8945.98,8945.98,0.0,8947.98,1544.9799999999996
479,KM.AWU,KALABAHI,28,8888.0,8888.0,0.0,8891.0,1789.0
506,KM.SINABUNG,MANOKWARI,41,8889.98,8899.0,0.0,8901.0,1301.0
495,KM.NGGAPULU,BITUNG,15,8807.98,8807.98,0.0,8818.98,1400.9799999999996
491,KM.DOBONSOLO,BAUBAU,10,8878.0,8882.0,0.0,8884.0,1574.0
497,KM.AWU,ENDE,21,8858.0,8911.0,0.0,8913.0,1509.0
508,KM.BUKITRAYA,SERASAN,59,8494.0,8494.0,0.0,8496.0,858.0
483,KM.EGON,BONTANG,17,8929.98,8929.98,0.0,8932.98,1736.9799999999996
496,KM.TILONGKABILA,GORONTALO,24,8929.0,8929.0,0.0,8931.0,1540.0
496,KM.TILONGKABILA,BITUNG,15,8946.0,8946.0,0.0,8959.0,1540.0
505,KM.LABOBAR,KAIMANA,27,8850.0,8850.0,-4.3653969328261155e-13,8851.98,1340.0
507,KM.GUNUNGDEMPO,WASIOR,76,8906.0,8906.0,0.0,8907.0,1368.0
492,KM.SANGIANG,NAMLEA,46,8840.0,8840.0,0.0,8847.0,1366.0
496,KM.TILONGKABILA,GORONTALO,24,8974.0,8974.0,0.0,8976.0,1540.0
486,KM.BUKITRAYA,PONTIANAK,52,8452.98,8479.0,0.0,8481.0,1196.0
491,KM.DOBONSOLO,SORONG,61,8925.0,8925.0,0.0,8928.0,1574.0
508,KM.BUKITRAYA,MIDAI,44,8504.0,8504.0,0.0,8505.0,858.0
497,KM.AWU,KUPANG,33,8926.0,8926.0,0.0,8931.0,1509.0
504,KM.EGON,PAREPARE,51,8887.0,8905.98,0.0,8907.98,1461.9799999999996
498,KM.DOROLONDA,MANOKWARI,41,8926.0,8926.0,0.0,8928.0,1455.0
486,KM.BUKITRAYA,SERASAN,59,8496.0,8496.0,0.0,8498.0,1196.0
479,KM.AWU,KUPANG,33,8904.0,8931.0,0.0,8936.0,1816.0
497,KM.AWU,KALABAHI,28,8944.0,8944.0,0.0,8947.0,1509.0
488,KM.BINAIYA,BONTANG,17,8932.98,8932.98,0.0,8936.98,1665.9799999999996
495,KM.NGGAPULU,JAILOLO,25,8828.98,8828.98,0.0,8830.98,1400.9799999999996
502,KM.LEUSER,TIMIKA,70,9005.0,9005.0,-4.369837824924616e-13,9015.98,1432.0
502,KM.LEUSER,AGATS,1,9029.0,9029.0,0.0,9031.0,1432.0
493,KM.LAMBELU,BAUBAU,10,8959.98,8959.98,0.0,8961.98,1544.9799999999996
491,KM.DOBONSOLO,MANOKWARI,41,8942.0,8942.0,0.0,8945.0,1574.0
488,KM.BINAIYA,AWERANGE,3,8963.98,8963.98,0.0,8965.98,1665.9799999999996
505,KM.LABOBAR,FAKFAK,22,8862.0,8862.0,0.0,8865.0,1340.0
489,KM.LAWIT,SEMARANG,58,8585.0,8585.0,0.0,8595.0,1301.0
485,KM.GUNUNGDEMPO,JAYAPURA,26,8937.0,8937.0,0.0,8943.0,1702.0
484,KM.LABOBAR,TUAL,71,8995.0,8995.0,0.0,8997.0,1776.0
488,KM.BINAIYA,MAKASSAR,40,8971.98,8971.98,0.0,8975.98,1665.9799999999996
491,KM.DOBONSOLO,SORONG,61,8959.0,8959.0,0.0,8961.0,1574.0
498,KM.DOROLONDA,SORONG,61,8940.0,8940.0,-4.3653969328261155e-13,8942.98,1455.0
505,KM.LABOBAR,KAIMANA,27,8875.0,8875.0,0.0,8877.0,1340.0
486,KM.BUKITRAYA,MIDAI,44,8506.0,8506.0,0.0,8507.0,1196.0
488,KM.BINAIYA,LABUANBAJO,34,8994.98,8994.98,0.0,8996.98,1665.9799999999996
505,KM.LABOBAR,DOBO,20,8886.0,8988.0,0.0,8990.0,1442.0
479,KM.AWU,ENDE,21,8949.0,8949.0,0.0,8951.0,1816.0
481,KM.CIREMAI,JAYAPURA,26,8860.0,8943.0,0.0,8949.0,1808.0
496,KM.TILONGKABILA,LUWUK,39,8987.0,8987.0,0.0,8989.0,1540.0
502,KM.LEUSER,MERAUKE,43,9075.0,9075.0,0.0,9098.0,1432.0
507,KM.GUNUNGDEMPO,NABIRE,45,8914.0,8916.0,0.0,8918.0,1370.0
493,KM.LAMBELU,MAKASSAR,40,8976.98,8976.98,0.0,8980.98,1544.9799999999996
481,KM.CIREMAI,SERUI,60,8966.0,8966.0,0.0,8968.0,1808.0
488,KM.BINAIYA,BIMA,14,9004.98,9004.98,0.0,9005.98,1665.9799999999996
507,KM.GUNUNGDEMPO,JAYAPURA,26,8941.0,8949.0,0.0,8955.0,1378.0
506,KM.SINABUNG,SORONG,61,8915.0,8942.98,0.0,8944.98,1328.9799999999996
506,KM.SINABUNG,BACAN,4,8959.98,8959.98,-4.3653969328261155e-13,8960.96,1328.9799999999996
487,KM.KELUD,TANJUNGBALAIKARIMUN,63,7724.0,7724.0,0.0,7726.0,492.0
502,KM.LEUSER,AGATS,1,9134.0,9134.0,-4.3653969328261155e-13,9135.98,1432.0
491,KM.DOBONSOLO,BAUBAU,10,9001.0,9001.0,0.0,9003.0,1574.0
486,KM.BUKITRAYA,NATUNA,48,8511.0,8511.0,0.0,8513.0,1196.0
496,KM.TILONGKABILA,KENDARI,30,9007.0,9007.0,0.0,9011.0,1540.0
496,KM.TILONGKABILA,RAHA,53,9018.0,9018.0,0.0,9019.0,1540.0
504,KM.EGON,BONTANG,17,8932.98,8936.98,0.0,8939.98,1465.9799999999996
493,KM.LAMBELU,PAREPARE,51,8985.98,8985.98,0.0,8988.98,1544.9799999999996
479,KM.AWU,WAINGAPU,73,8960.0,8960.0,0.0,8963.0,1816.0
481,KM.CIREMAI,SORONG,61,8989.0,8989.0,0.0,8991.0,1808.0
493,KM.LAMBELU,BALIKPAPAN,5,9004.98,9004.98,0.0,9006.98,1544.9799999999996
486,KM.BUKITRAYA,TAREMPA,67,8524.0,8524.0,0.0,8525.0,1196.0
485,KM.GUNUNGDEMPO,NABIRE,45,8965.0,8965.0,0.0,8967.0,1702.0
507,KM.GUNUNGDEMPO,NABIRE,45,8977.0,8977.0,0.0,8979.0,1378.0
482,KM.BUKITSIGUNTANG,LEWOLEBA,38,8940.0,8940.0,0.0,8942.0,1783.0
484,KM.LABOBAR,BANDA,6,9009.0,9009.0,0.0,9010.0,1776.0
508,KM.BUKITRAYA,NATUNA,48,8509.0,8513.0,0.0,8515.0,862.0
501,KM.CIREMAI,BAUBAU,10,8928.0,8961.98,0.0,8963.98,1402.9799999999996
482,KM.BUKITSIGUNTANG,MAUMERE,42,8948.0,8948.0,0.0,8950.0,1783.0
502,KM.LEUSER,TIMIKA,70,9148.0,9148.0,0.0,9150.0,1432.0
505,KM.LABOBAR,TUAL,71,8997.0,8997.0,0.0,8999.0,1442.0
505,KM.LABOBAR,BANDA,6,9011.0,9011.0,0.0,9012.0,1442.0
508,KM.BUKITRAYA,TAREMPA,67,8526.0,8526.0,0.0,8527.0,862.0
500,KM.KELUD,TANJUNGBALAIKARIMUN,63,7636.0,7726.0,0.0,7728.0,326.0
495,KM.NGGAPULU,TERNATE,68,8832.98,8832.98,0.0,8834.98,1400.9799999999996
499,KM.KELIMUTU,PONTIANAK,52,8269.0,8481.0,15.0,8499.0,1187.0
496,KM.TILONGKABILA,BAUBAU,10,9024.0,9024.0,0.0,9026.0,1540.0
481,KM.CIREMAI,AMBON,2,9010.0,9010.0,0.0,9013.0,1808.0
493,KM.LAMBELU,PANTOLOAN,50,9019.98,9019.98,0.0,9021.98,1544.9799999999996
490,KM.WILIS,WAIKELO,72,8933.0,8933.0,0.0,8934.0,1607.0
479,KM.AWU,BIMA,14,8977.0,9005.98,0.0,9007.98,1844.9799999999996
502,KM.LEUSER,DOBO,20,9167.0,9167.0,0.0,9170.0,1432.0
482,KM.BUKITSIGUNTANG,MAKASSAR,40,8968.0,8975.98,0.0,8979.98,1790.9799999999996
484,KM.LABOBAR,AMBON,2,9018.0,9018.0,0.0,9020.0,1776.0
484,KM.LABOBAR,BAUBAU,10,9043.0,9043.0,0.0,9045.0,1776.0
501,KM.CIREMAI,MAKASSAR,40,8976.98,8979.98,0.0,8982.98,1405.9799999999996
485,KM.GUNUNGDEMPO,WASIOR,76,8973.0,8973.0,-4.3653969328261155e-13,8973.98,1702.0
504,KM.EGON,PAREPARE,51,8965.98,8988.98,0.0,8991.98,1488.9799999999996
497,KM.AWU,KUPANG,33,8960.0,8960.0,0.0,8965.0,1509.0
485,KM.GUNUNGDEMPO,MANOKWARI,41,8981.0,8981.0,0.0,8983.0,1702.0
494,KM.TATAMAILAU,TUAL,71,9009.0,9009.0,0.0,9012.0,1497.0
482,KM.BUKITSIGUNTANG,PAREPARE,51,8984.98,8991.98,0.0,8994.98,1797.9799999999996
499,KM.KELIMUTU,SEMARANG,58,8539.0,8595.0,0.0,8607.0,1243.0
494,KM.TATAMAILAU,KAIMANA,27,9024.0,9024.0,0.0,9026.0,1497.0
502,KM.LEUSER,TUAL,71,9180.0,9180.0,0.0,9185.0,1432.0
485,KM.GUNUNGDEMPO,SORONG,61,8995.0,8995.0,0.0,8997.0,1702.0
504,KM.EGON,BONTANG,17,9017.98,9017.98,0.0,9020.98,1488.9799999999996
503,KM.BUKITSIGUNTANG,MAKASSAR,40,8929.0,8980.98,0.0,8984.98,1459.9799999999996
503,KM.BUKITSIGUNTANG,PAREPARE,51,8989.98,8994.98,0.0,8997.98,1464.9799999999996
498,KM.DOROLONDA,AMBON,2,8963.0,9013.0,0.0,9016.0,1505.0
503,KM.BUKITSIGUNTANG,BALIKPAPAN,5,9013.98,9013.98,0.0,9015.98,1464.9799999999996
492,KM.SANGIANG,SANANA,56,8860.0,8860.0,0.0,8862.0,1366.0
492,KM.SANGIANG,BACAN,4,8883.0,8960.96,0.0,8962.96,1443.9599999999991
501,KM.CIREMAI,SURABAYA,62,9006.98,9006.98,0.0,9009.98,1405.9799999999996
504,KM.EGON,PAREPARE,51,9045.98,9045.98,0.0,9047.98,1488.9799999999996
483,KM.EGON,PAREPARE,51,8957.98,9047.98,0.0,9049.98,1826.9799999999996
495,KM.NGGAPULU,AMBON,2,8854.98,9016.0,0.0,9019.0,1562.0
482,KM.BUKITSIGUNTANG,BALIKPAPAN,5,9010.98,9015.98,0.0,9017.98,1802.9799999999996
498,KM.DOROLONDA,NAMLEA,46,9021.0,9021.0,0.0,9023.0,1505.0
504,KM.EGON,BATULICIN,9,9068.98,9068.98,0.0,9071.98,1488.9799999999996
496,KM.TILONGKABILA,MAKASSAR,40,9048.0,9048.0,0.0,9053.0,1540.0
497,KM.AWU,ENDE,21,8978.0,8978.0,0.0,8980.0,1509.0
489,KM.LAWIT,KARIMUNJAWA,29,8602.0,8602.0,0.0,8631.0,1301.0
482,KM.BUKITSIGUNTANG,TARAKAN,66,9041.98,9041.98,0.0,9045.98,1802.9799999999996
489,KM.LAWIT,SEMARANG,58,8637.0,8637.0,0.0,8640.0,1301.0
505,KM.LABOBAR,AMBON,2,9020.0,9020.0,0.0,9022.0,1442.0
481,KM.CIREMAI,BAUBAU,10,9035.0,9035.0,0.0,9037.0,1808.0
484,KM.LABOBAR,MAKASSAR,40,9059.0,9059.0,0.0,9061.0,1776.0
504,KM.EGON,SURABAYA,62,9096.98,9096.98,0.0,9100.98,1488.9799999999996
507,KM.GUNUNGDEMPO,WASIOR,76,8985.0,8985.0,-4.3653969328261155e-13,8985.98,1378.0
503,KM.BUKITSIGUNTANG,TARAKAN,66,9039.98,9045.98,0.0,9049.98,1470.9799999999996
498,KM.DOROLONDA,BAUBAU,10,9046.0,9046.0,0.0,9048.0,1505.0
508,KM.BUKITRAYA,LETUNG,37,8531.0,8531.0,0.0,8532.0,862.0
499,KM.KELIMUTU,KUMAI,32,8632.0,8635.0,3.02,8641.0,1249.0200000000004
496,KM.TILONGKABILA,LABUANBAJO,34,9071.0,9071.0,0.0,9073.0,1540.0
502,KM.LEUSER,SAUMLAKI,57,9206.0,9206.0,-4.3653969328261155e-13,9207.98,1432.0
499,KM.KELIMUTU,SEMARANG,58,8665.02,8665.02,0.0,8676.02,1249.0200000000004
495,KM.NGGAPULU,NAMLEA,46,9024.0,9024.0,-4.3653969328261155e-13,9025.98,1562.0
495,KM.NGGAPULU,BAUBAU,10,9048.0,9048.0,-4.3653969328261155e-13,9049.98,1562.0
479,KM.AWU,BENOA,12,9028.98,9028.98,0.0,9034.98,1844.9799999999996
493,KM.LAMBELU,TARAKAN,66,9041.98,9049.98,0.0,9053.98,1552.9799999999996
486,KM.BUKITRAYA,LETUNG,37,8529.0,8532.0,0.0,8533.0,1199.0
482,KM.BUKITSIGUNTANG,NUNUKAN,49,9051.98,9051.98,0.0,9053.98,1802.9799999999996
499,KM.KELIMUTU,PONTIANAK,52,8719.02,8723.0,11.0,8737.0,1264.0
505,KM.LABOBAR,BAUBAU,10,9045.0,9048.0,0.0,9050.0,1445.0
502,KM.LEUSER,AMBON,2,9239.0,9239.0,0.0,9243.0,1432.0
480,KM.KELUD,TANJUNGBALAIKARIMUN,63,7703.0,7728.0,0.0,7730.0,664.0
496,KM.TILONGKABILA,BIMA,14,9080.0,9080.0,0.0,9082.0,1540.0
490,KM.WILIS,BIMA,14,8945.0,9082.0,0.0,9083.0,1744.0
506,KM.SINABUNG,TERNATE,68,8966.98,8966.98,0.0,8968.98,1328.9799999999996
505,KM.LABOBAR,MAKASSAR,40,9064.0,9064.0,0.0,9067.0,1445.0
507,KM.GUNUNGDEMPO,MANOKWARI,41,8993.0,8993.0,0.0,8995.0,1378.0
497,KM.AWU,WAINGAPU,73,8989.0,8989.0,0.0,8992.0,1509.0
495,KM.NGGAPULU,MAKASSAR,40,9066.0,9066.0,0.0,9069.0,1562.0
502,KM.LEUSER,NAMROLE,47,9252.0,9252.0,0.0,9254.0,1432.0
484,KM.LABOBAR,SURABAYA,62,9086.0,9086.0,0.0,9089.0,1776.0
482,KM.BUKITSIGUNTANG,BALIKPAPAN,5,9080.98,9080.98,0.0,9082.98,1802.9799999999996
489,KM.LAWIT,SAMPIT,55,8674.0,8674.0,-4.369837824924616e-13,8692.98,1301.0
486,KM.BUKITRAYA,KIJANG,31,8547.0,8547.0,0.0,8550.0,1199.0
488,KM.BINAIYA,BENOA,12,9028.98,9034.98,0.0,9047.98,1671.9799999999996
480,KM.KELUD,BATAM,8,7733.0,7733.0,0.0,7736.0,664.0
494,KM.TATAMAILAU,FAKFAK,22,9038.0,9038.0,0.0,9041.0,1497.0
497,KM.AWU,BIMA,14,9006.0,9083.0,0.0,9085.0,1586.0
481,KM.CIREMAI,MAKASSAR,40,9050.0,9067.0,0.0,9070.0,1825.0
485,KM.GUNUNGDEMPO,MAKASSAR,40,9045.0,9069.0,0.0,9071.0,1726.0
505,KM.LABOBAR,SURABAYA,62,9092.0,9092.0,0.0,9095.0,1445.0
507,KM.GUNUNGDEMPO,SORONG,61,9007.0,9007.0,0.0,9009.0,1378.0
498,KM.DOROLONDA,MAKASSAR,40,9062.0,9070.0,-4.3653969328261155e-13,9072.98,1513.0
485,KM.GUNUNGDEMPO,SURABAYA,62,9095.0,9095.0,0.0,9097.0,1726.0
482,KM.BUKITSIGUNTANG,PAREPARE,51,9098.98,9098.98,0.0,9101.98,1802.9799999999996
497,KM.AWU,BENOA,12,9106.0,9106.0,0.0,9112.0,1586.0
493,KM.LAMBELU,NUNUKAN,49,9059.98,9059.98,0.0,9062.98,1552.9799999999996
491,KM.DOBONSOLO,MAKASSAR,40,9018.0,9071.0,0.0,9074.0,1627.0
504,KM.EGON,LEMBAR,36,9123.98,9123.98,0.0,9125.98,1488.9799999999996
490,KM.WILIS,LABUANBAJO,34,9092.0,9092.0,0.0,9093.0,1744.0
507,KM.GUNUNGDEMPO,MAKASSAR,40,9057.0,9072.98,0.0,9074.98,1393.9799999999996
494,KM.TATAMAILAU,SORONG,61,9056.0,9056.0,0.0,9059.0,1497.0
493,KM.LAMBELU,BALIKPAPAN,5,9089.98,9089.98,0.0,9091.98,1552.9799999999996
483,KM.EGON,BATULICIN,9,9070.98,9071.98,0.0,9074.98,1827.9799999999996
490,KM.WILIS,MAKASSAR,40,9117.0,9117.0,0.0,9120.0,1744.0
491,KM.DOBONSOLO,SURABAYA,62,9101.0,9101.0,0.0,9103.0,1627.0
493,KM.LAMBELU,PAREPARE,51,9107.98,9107.98,0.0,9109.98,1552.9799999999996
494,KM.TATAMAILAU,TIDORE,69,9083.0,9083.0,0.0,9084.0,1497.0
500,KM.KELUD,BATAM,8,7732.0,7736.0,0.0,7740.0,330.0
492,KM.SANGIANG,TERNATE,68,8974.96,8974.96,0.0,8977.96,1443.9599999999991
503,KM.BUKITSIGUNTANG,NUNUKAN,49,9055.98,9062.98,0.0,9064.98,1477.9799999999996
506,KM.SINABUNG,BITUNG,15,8978.98,8978.98,0.0,8981.98,1328.9799999999996
502,KM.LEUSER,WANCI,74,9274.0,9274.0,0.0,9275.0,1432.0
486,KM.BUKITRAYA,BLINYU,16,8566.0,8566.0,-4.3653969328261155e-13,8566.98,1199.0
489,KM.LAWIT,SURABAYA,62,8721.0,9100.98,0.0,9102.98,1680.9799999999996
495,KM.NGGAPULU,SURABAYA,62,9097.0,9102.98,0.0,9105.98,1567.9799999999996
502,KM.LEUSER,BAUBAU,10,9284.0,9284.0,0.0,9286.0,1432.0
506,KM.SINABUNG,BANGGAI,7,8996.98,8996.98,0.0,8998.98,1328.9799999999996
499,KM.KELIMUTU,TANJUNGPANDAN,64,8759.0,8759.0,0.0,8761.0,1264.0
508,KM.BUKITRAYA,KIJANG,31,8546.0,8550.0,0.0,8553.0,866.0
502,KM.LEUSER,MAKASSAR,40,9308.0,9308.0,0.0,9312.0,1432.0
483,KM.EGON,SURABAYA,62,9099.98,9103.0,0.0,9107.0,1831.0
481,KM.CIREMAI,SURABAYA,62,9095.0,9105.98,-4.3653969328261155e-13,9107.96,1835.9799999999996
487,KM.KELUD,BATAM,8,7729.0,7740.0,3.0,7746.0,506.0
488,KM.BINAIYA,LABUANBAJO,34,9074.98,9093.0,0.0,9096.0,1690.0
496,KM.TILONGKABILA,LEMBAR,36,9100.0,9125.98,0.0,9127.98,1565.9799999999996
507,KM.GUNUNGDEMPO,SURABAYA,62,9098.98,9107.0,0.0,9109.0,1402.0
506,KM.SINABUNG,BAUBAU,10,9015.98,9050.0,0.0,9052.0,1363.0
502,KM.LEUSER,LABUANBAJO,34,9332.0,9332.0,0.0,9333.0,1432.0
503,KM.BUKITSIGUNTANG,BALIKPAPAN,5,9091.98,9091.98,0.0,9093.98,1477.9799999999996
508,KM.BUKITRAYA,BLINYU,16,8569.0,8569.0,-4.3653969328261155e-13,8569.98,866.0
503,KM.BUKITSIGUNTANG,PAREPARE,51,9109.98,9109.98,0.0,9112.98,1477.9799999999996
502,KM.LEUSER,BIMA,14,9342.0,9342.0,0.0,9343.0,1432.0
483,KM.EGON,LEMBAR,36,9130.0,9130.0,0.0,9132.0,1831.0
479,KM.AWU,SURABAYA,62,9062.98,9107.96,0.0,9112.96,1889.9599999999991
506,KM.SINABUNG,MAKASSAR,40,9068.0,9120.0,0.0,9122.0,1415.0
502,KM.LEUSER,BENOA,12,9364.0,9364.0,0.0,9366.0,1432.0
497,KM.AWU,SURABAYA,62,9140.0,9140.0,0.0,9145.0,1586.0
521,KM.AWU,KUMAI,32,7587.0,8643.0,0.0,8679.0,1056.0
524,KM.KELUD,TANJUNGPRIOK,65,7606.0,7618.0,0.0,7642.0,12.0
517,KM.LAMBELU,MAKASSAR,40,7562.0,9122.0,0.0,9130.0,1560.0
518,KM.SIRIMAU,SORONG,61,7564.0,9009.0,0.0,9034.0,1445.0
532,KM.TIDAR,KIJANG,31,7733.0,8553.0,0.0,8557.0,820.0
523,KM.TATAMAILAU,BITUNG,15,7600.0,8981.98,0.0,8988.98,1381.9799999999996
526,KM.BUKITSIGUNTANG,MAKASSAR,40,7640.0,9130.0,0.0,9148.0,1490.0
527,KM.EGON,WAINGAPU,73,7663.0,8992.0,0.0,9007.0,1329.0
521,KM.AWU,SURABAYA,62,8707.0,9112.96,0.0,9118.96,1461.9599999999991
522,KM.DOROLONDA,SURABAYA,62,7587.0,9118.96,0.0,9128.96,1531.9599999999991
526,KM.BUKITSIGUNTANG,PAREPARE,51,9153.0,9153.0,0.0,9157.0,1490.0
530,KM.GUNUNGDEMPO,TANJUNGPRIOK,65,7730.0,7730.0,0.0,7743.0,0.0
529,KM.WILIS,BATULICIN,9,7719.0,9074.98,0.0,9103.98,1355.9799999999996
513,KM.LAWIT,KUMAI,32,7450.0,8679.0,0.0,8685.0,1229.0
525,KM.CIREMAI,TANJUNGPRIOK,65,7627.0,7642.0,0.0,7660.0,15.0
536,KM.KELIMUTU,TANJUNGPRIOK,65,7776.0,7776.0,0.0,7785.0,0.0
514,KM.DOBONSOLO,TANJUNGPRIOK,65,7503.0,7743.0,0.0,7755.0,240.0
511,KM.BINAIYA,BENOA,12,7433.0,9366.0,0.0,9381.0,1933.0
518,KM.SIRIMAU,AMBON,2,9068.0,9068.0,0.0,9071.0,1445.0
510,KM.WILIS,BATULICIN,9,7406.0,9103.98,0.0,9109.98,1697.9799999999996
511,KM.BINAIYA,BIMA,14,9404.0,9404.0,0.0,9406.0,1933.0
522,KM.DOROLONDA,BALIKPAPAN,5,9157.96,9157.96,0.0,9159.96,1531.9599999999991
529,KM.WILIS,MAKASSAR,40,9133.98,9148.0,0.0,9154.0,1370.0
529,KM.WILIS,LABUANBAJO,34,9178.0,9333.0,0.0,9334.0,1525.0
530,KM.GUNUNGDEMPO,SURABAYA,62,7767.0,9128.96,0.0,9132.96,1361.9599999999991
527,KM.EGON,LEMBAR,36,9036.0,9132.0,0.0,9137.0,1425.0
528,KM.LABOBAR,TANJUNGPRIOK,65,7676.0,7755.0,0.0,7768.0,79.0
516,KM.SANGIANG,BITUNG,15,7553.0,8988.98,0.0,9035.98,1435.9799999999996
523,KM.TATAMAILAU,TIDORE,69,9001.98,9084.0,0.0,9085.0,1464.0
514,KM.DOBONSOLO,SURABAYA,62,7782.0,9132.96,0.0,9136.96,1590.9599999999991
525,KM.CIREMAI,SURABAYA,62,7683.0,9136.96,0.0,9140.96,1468.9599999999991
523,KM.TATAMAILAU,SORONG,61,9109.0,9109.0,0.0,9112.0,1464.0
523,KM.TATAMAILAU,FAKFAK,22,9127.0,9127.0,0.0,9130.0,1464.0
521,KM.AWU,BENOA,12,9145.96,9381.0,0.0,9386.0,1697.0
525,KM.CIREMAI,MAKASSAR,40,9167.96,9167.96,0.0,9171.96,1468.9599999999991
522,KM.DOROLONDA,PANTOLOAN,50,9171.96,9171.96,0.0,9173.96,1531.9599999999991
529,KM.WILIS,BIMA,14,9343.0,9406.0,0.0,9407.0,1588.0
538,KM.PANGRANGO,AMBON,2,7804.0,9071.0,0.0,9078.0,1267.0
522,KM.DOROLONDA,BITUNG,15,9202.96,9202.96,0.0,9205.96,1531.9599999999991
522,KM.DOROLONDA,TERNATE,68,9214.96,9214.96,0.0,9216.96,1531.9599999999991
521,KM.AWU,BIMA,14,9407.0,9407.0,0.0,9409.0,1697.0
514,KM.DOBONSOLO,MAKASSAR,40,9167.96,9171.96,0.0,9175.96,1594.9599999999991
531,KM.BUKITRAYA,TANJUNGPRIOK,65,7732.0,7768.0,0.0,7778.0,36.0
526,KM.BUKITSIGUNTANG,BALIKPAPAN,5,9172.0,9172.0,0.0,9177.0,1490.0
522,KM.DOROLONDA,SORONG,61,9235.96,9235.96,0.0,9238.96,1531.9599999999991
517,KM.LAMBELU,PAREPARE,51,9135.0,9157.0,0.0,9159.0,1582.0
520,KM.TILONGKABILA,BENOA,12,7568.0,9386.0,0.0,9411.0,1818.0
527,KM.EGON,SURABAYA,62,9159.0,9159.0,0.0,9163.0,1425.0
519,KM.NGGAPULU,TANJUNGPRIOK,65,7564.0,7778.0,0.0,7807.0,214.0
528,KM.LABOBAR,SURABAYA,62,7794.0,9145.0,0.0,9149.0,1430.0
530,KM.GUNUNGDEMPO,MAKASSAR,40,9159.96,9175.96,0.0,9178.96,1377.9599999999991
520,KM.TILONGKABILA,LEMBAR,36,9417.0,9417.0,0.0,9419.0,1818.0
536,KM.KELIMUTU,TANJUNGPANDAN,64,7804.0,8761.0,0.0,8763.0,957.0
533,KM.SINABUNG,SURABAYA,62,7738.0,9149.0,0.0,9156.0,1411.0
532,KM.TIDAR,TANJUNGPRIOK,65,8592.0,8592.0,0.0,8600.0,820.0
532,KM.TIDAR,SURABAYA,62,8629.0,9156.0,0.0,9160.0,1347.0
511,KM.BINAIYA,LABUANBAJO,34,9414.0,9414.0,0.0,9416.0,1933.0
523,KM.TATAMAILAU,KAIMANA,27,9143.0,9143.0,0.0,9146.0,1464.0
525,KM.CIREMAI,BAUBAU,10,9185.96,9185.96,0.0,9188.96,1468.9599999999991
528,KM.LABOBAR,MAKASSAR,40,9178.0,9178.96,0.0,9181.96,1430.9599999999991
524,KM.KELUD,BATAM,8,7674.0,7747.0,1.0,7753.0,86.0
518,KM.SIRIMAU,WANCI,74,9100.0,9275.0,0.0,9277.0,1620.0
535,KM.BINAIYA,BENOA,12,7775.0,9411.0,0.0,9420.0,1636.0
517,KM.LAMBELU,BALIKPAPAN,5,9175.0,9177.0,0.0,9182.0,1584.0
526,KM.BUKITSIGUNTANG,TARAKAN,66,9202.0,9202.0,0.0,9206.0,1490.0
509,KM.TIDAR,KIJANG,31,7400.0,8557.0,0.0,8561.0,1157.0
525,KM.CIREMAI,NAMLEA,46,9211.96,9211.96,0.0,9214.96,1468.9599999999991
531,KM.BUKITRAYA,BLINYU,16,7806.0,8569.98,0.0,8570.98,799.9799999999996
516,KM.SANGIANG,TERNATE,68,9055.98,9216.96,0.0,9221.96,1596.9599999999991
534,KM.KELUD,TANJUNGPRIOK,65,7774.0,7807.0,0.0,7831.0,33.0
526,KM.BUKITSIGUNTANG,NUNUKAN,49,9212.0,9212.0,0.0,9215.0,1490.0
517,KM.LAMBELU,TARAKAN,66,9208.0,9208.0,0.0,9211.0,1584.0
526,KM.BUKITSIGUNTANG,BALIKPAPAN,5,9242.0,9242.0,0.0,9244.0,1490.0
517,KM.LAMBELU,NUNUKAN,49,9217.0,9217.0,0.0,9220.0,1584.0
527,KM.EGON,BATULICIN,9,9190.0,9190.0,0.0,9193.0,1425.0
519,KM.NGGAPULU,SURABAYA,62,7834.0,9160.0,0.0,9164.0,1540.0
525,KM.CIREMAI,AMBON,2,9219.96,9219.96,0.0,9223.96,1468.9599999999991
524,KM.KELUD,TANJUNGBALAIKARIMUN,63,7756.0,7756.0,0.0,7757.0,86.0
512,KM.KELUD,TANJUNGPRIOK,65,7440.0,7831.0,0.0,7853.0,391.0
535,KM.BINAIYA,BIMA,14,9443.0,9443.0,0.0,9445.0,1636.0
522,KM.DOROLONDA,MANOKWARI,41,9250.96,9250.96,0.0,9252.96,1531.9599999999991
526,KM.BUKITSIGUNTANG,PAREPARE,51,9259.0,9259.0,0.0,9263.0,1490.0
520,KM.TILONGKABILA,BIMA,14,9437.0,9445.0,0.0,9449.0,1826.0
530,KM.GUNUNGDEMPO,SORONG,61,9227.96,9227.96,0.0,9230.96,1377.9599999999991
538,KM.PANGRANGO,BANDA,6,9095.0,9095.0,0.0,9107.0,1267.0
530,KM.GUNUNGDEMPO,MANOKWARI,41,9242.96,9252.96,0.0,9254.96,1387.9599999999991
518,KM.SIRIMAU,BAUBAU,10,9285.0,9285.0,0.0,9288.0,1620.0
519,KM.NGGAPULU,MAKASSAR,40,9193.0,9193.0,0.0,9197.0,1540.0
523,KM.TATAMAILAU,TUAL,71,9158.0,9185.0,0.0,9190.0,1491.0
526,KM.BUKITSIGUNTANG,MAKASSAR,40,9268.0,9268.0,0.0,9272.0,1490.0
511,KM.BINAIYA,MAKASSAR,40,9436.0,9436.0,0.0,9441.0,1933.0
531,KM.BUKITRAYA,KIJANG,31,8585.98,8585.98,0.0,8588.98,799.9799999999996
534,KM.KELUD,BATAM,8,7863.0,7863.0,2.0,7870.0,35.0
515,KM.KELIMUTU,TANJUNGPRIOK,65,7515.0,7853.0,0.0,7863.0,338.0
523,KM.TATAMAILAU,DOBO,20,9201.0,9201.0,0.0,9203.0,1491.0
509,KM.TIDAR,TANJUNGPRIOK,65,8596.0,8596.0,0.0,8604.0,1157.0
523,KM.TATAMAILAU,TIMIKA,70,9221.0,9221.0,0.0,9224.0,1491.0
531,KM.BUKITRAYA,LETUNG,37,8600.98,8600.98,0.0,8602.98,799.9799999999996
520,KM.TILONGKABILA,LABUANBAJO,34,9456.0,9456.0,-4.3653969328261155e-13,9457.98,1826.0
518,KM.SIRIMAU,MAUMERE,42,9308.0,9308.0,0.0,9310.0,1620.0
517,KM.LAMBELU,PANTOLOAN,50,9241.0,9241.0,0.0,9243.0,1584.0
513,KM.LAWIT,SURABAYA,62,8713.0,9163.0,0.0,9168.0,1679.0
510,KM.WILIS,MAKASSAR,40,9139.98,9312.0,0.0,9318.0,1870.0
532,KM.TIDAR,MAKASSAR,40,9192.0,9318.0,-4.3653969328261155e-13,9320.98,1473.0
521,KM.AWU,WAINGAPU,73,9423.0,9423.0,0.0,9426.0,1697.0
535,KM.BINAIYA,LABUANBAJO,34,9453.0,9457.98,0.0,9459.98,1640.9799999999996
510,KM.WILIS,LABUANBAJO,34,9342.0,9459.98,0.0,9460.98,1987.9799999999996
522,KM.DOROLONDA,NABIRE,45,9262.96,9262.96,0.0,9264.96,1531.9599999999991
514,KM.DOBONSOLO,BAUBAU,10,9191.96,9286.0,0.0,9289.0,1689.0
516,KM.SANGIANG,BACAN,4,9233.96,9233.96,0.0,9236.96,1596.9599999999991
521,KM.AWU,ENDE,21,9435.0,9435.0,0.0,9437.0,1697.0
533,KM.SINABUNG,MAKASSAR,40,9187.0,9320.98,0.0,9323.98,1544.9799999999996
527,KM.EGON,PAREPARE,51,9215.0,9263.0,0.0,9265.0,1473.0
536,KM.KELIMUTU,PONTIANAK,52,8787.0,8787.0,0.0,8790.0,957.0
528,KM.LABOBAR,BAUBAU,10,9197.96,9288.0,0.0,9290.0,1521.0
523,KM.TATAMAILAU,AGATS,1,9238.0,9238.0,0.0,9240.0,1491.0
530,KM.GUNUNGDEMPO,WASIOR,76,9261.96,9261.96,0.0,9262.96,1387.9599999999991
518,KM.SIRIMAU,LEWOLEBA,38,9320.0,9320.0,0.0,9322.0,1620.0
517,KM.LAMBELU,BALIKPAPAN,5,9256.0,9256.0,0.0,9258.0,1584.0
537,KM.LAWIT,KUMAI,32,7785.0,8685.0,2.0,8689.0,902.0
523,KM.TATAMAILAU,MERAUKE,43,9281.0,9281.0,0.0,9292.0,1491.0
522,KM.DOROLONDA,SERUI,60,9270.96,9270.96,0.0,9272.96,1531.9599999999991
516,KM.SANGIANG,SANANA,56,9258.96,9258.96,0.0,9260.96,1596.9599999999991
518,KM.SIRIMAU,KUPANG,33,9334.0,9334.0,0.0,9341.0,1620.0
537,KM.LAWIT,SURABAYA,62,8717.0,9164.0,0.0,9170.0,1349.0
537,KM.LAWIT,BENOA,12,9199.0,9420.0,0.0,9425.0,1570.0
516,KM.SANGIANG,NAMLEA,46,9273.96,9273.96,0.0,9275.96,1596.9599999999991
513,KM.LAWIT,BENOA,12,9197.0,9425.0,0.0,9430.0,1907.0
510,KM.WILIS,BIMA,14,9469.98,9469.98,0.0,9470.98,1987.9799999999996
529,KM.WILIS,WAIKELO,72,9418.0,9418.0,0.0,9419.0,1588.0
517,KM.LAMBELU,PAREPARE,51,9274.0,9274.0,0.0,9276.0,1584.0
522,KM.DOROLONDA,JAYAPURA,26,9292.96,9292.96,0.0,9297.96,1531.9599999999991
514,KM.DOBONSOLO,SORONG,61,9331.0,9331.0,0.0,9334.0,1689.0
532,KM.TIDAR,BAUBAU,10,9337.0,9337.0,0.0,9340.0,1473.0
529,KM.WILIS,WAINGAPU,73,9428.0,9428.0,0.0,9432.0,1588.0
519,KM.NGGAPULU,BAUBAU,10,9211.0,9290.0,0.0,9292.0,1619.0
538,KM.PANGRANGO,AMBON,2,9122.0,9223.96,0.0,9236.96,1368.9599999999991
536,KM.KELIMUTU,TANJUNGPRIOK,65,8831.0,8831.0,0.0,8834.0,957.0
538,KM.PANGRANGO,NAMROLE,47,9247.96,9254.0,0.0,9256.0,1375.0
519,KM.NGGAPULU,NAMLEA,46,9315.0,9315.0,0.0,9317.0,1619.0
522,KM.DOROLONDA,SERUI,60,9316.96,9316.96,0.0,9318.96,1531.9599999999991
509,KM.TIDAR,SURABAYA,62,8633.0,9168.0,0.0,9172.0,1692.0
509,KM.TIDAR,MAKASSAR,40,9204.0,9323.98,0.0,9326.98,1811.9799999999996
526,KM.BUKITSIGUNTANG,MAUMERE,42,9290.0,9310.0,0.0,9312.0,1510.0
520,KM.TILONGKABILA,MAKASSAR,40,9476.0,9476.0,0.0,9481.0,1826.0
533,KM.SINABUNG,BAUBAU,10,9339.98,9339.98,0.0,9341.98,1544.9799999999996
523,KM.TATAMAILAU,AGATS,1,9329.0,9329.0,0.0,9337.0,1491.0
518,KM.SIRIMAU,KALABAHI,28,9355.0,9355.0,0.0,9358.0,1620.0
513,KM.LAWIT,BIMA,14,9452.0,9470.98,0.0,9473.98,1925.9799999999996
519,KM.NGGAPULU,AMBON,2,9323.0,9323.0,0.0,9327.0,1619.0
512,KM.KELUD,BATAM,8,7885.0,7885.0,4.0,7894.0,395.0
528,KM.LABOBAR,AMBON,2,9315.0,9315.0,0.0,9318.0,1521.0
517,KM.LAMBELU,MAKASSAR,40,9281.0,9441.0,0.0,9444.0,1744.0
516,KM.SANGIANG,AMBON,2,9285.96,9318.0,0.0,9322.0,1629.0
511,KM.BINAIYA,PAREPARE,51,9448.0,9448.0,0.0,9450.0,1933.0
530,KM.GUNUNGDEMPO,NABIRE,45,9269.96,9269.96,0.0,9271.96,1387.9599999999991
532,KM.TIDAR,MAUMERE,42,9354.0,9354.0,0.0,9356.0,1473.0
523,KM.TATAMAILAU,TIMIKA,70,9350.0,9350.0,0.0,9362.0,1491.0
536,KM.KELIMUTU,SEMARANG,58,8858.0,8858.0,0.0,8869.0,957.0
526,KM.BUKITSIGUNTANG,LEWOLEBA,38,9318.0,9322.0,0.0,9324.0,1514.0
527,KM.EGON,BONTANG,17,9290.0,9290.0,0.0,9292.0,1473.0
528,KM.LABOBAR,BANDA,6,9326.0,9326.0,0.0,9328.0,1521.0
518,KM.SIRIMAU,SAUMLAKI,57,9405.0,9405.0,0.0,9407.0,1620.0
517,KM.LAMBELU,BAUBAU,10,9459.0,9459.0,0.0,9461.0,1744.0
526,KM.BUKITSIGUNTANG,KUPANG,33,9331.0,9331.0,0.0,9336.0,1514.0
537,KM.LAWIT,BIMA,14,9448.0,9473.98,0.0,9476.98,1595.9799999999996
518,KM.SIRIMAU,TUAL,71,9427.0,9427.0,0.0,9433.0,1620.0
536,KM.KELIMUTU,KUMAI,32,8896.0,8896.0,0.0,8898.0,957.0
511,KM.BINAIYA,BONTANG,17,9477.0,9477.0,0.0,9479.0,1933.0
514,KM.DOBONSOLO,MANOKWARI,41,9348.0,9348.0,0.0,9350.0,1689.0
530,KM.GUNUNGDEMPO,JAYAPURA,26,9294.96,9297.96,0.0,9303.96,1390.9599999999991
515,KM.KELIMUTU,TANJUNGPANDAN,64,7882.0,8763.0,0.0,8765.0,1219.0
514,KM.DOBONSOLO,BIAK,13,9360.0,9360.0,0.0,9362.0,1689.0
520,KM.TILONGKABILA,BAUBAU,10,9502.0,9502.0,0.0,9504.0,1826.0
519,KM.NGGAPULU,TERNATE,68,9347.0,9347.0,0.0,9349.0,1619.0
517,KM.LAMBELU,MAUMERE,42,9474.0,9474.0,0.0,9476.0,1744.0
516,KM.SANGIANG,BANDA,6,9338.0,9338.0,0.0,9340.0,1629.0
517,KM.LAMBELU,LARANTUKA,35,9481.0,9481.0,0.0,9483.0,1744.0
514,KM.DOBONSOLO,JAYAPURA,26,9382.0,9382.0,0.0,9387.0,1689.0
537,KM.LAWIT,WAINGAPU,73,9490.98,9490.98,0.0,9493.98,1595.9799999999996
527,KM.EGON,PAREPARE,51,9318.0,9450.0,0.0,9452.0,1605.0
520,KM.TILONGKABILA,RAHA,53,9508.0,9508.0,0.0,9510.0,1826.0
509,KM.TIDAR,BAUBAU,10,9342.98,9461.0,0.0,9464.0,1930.0
511,KM.BINAIYA,PAREPARE,51,9506.0,9506.0,0.0,9508.0,1933.0
519,KM.NGGAPULU,JAILOLO,25,9351.0,9351.0,0.0,9353.0,1619.0
517,KM.LAMBELU,BAUBAU,10,9495.0,9495.0,0.0,9497.0,1744.0
537,KM.LAWIT,ENDE,21,9503.98,9503.98,0.0,9505.98,1595.9799999999996
509,KM.TIDAR,MAUMERE,42,9478.0,9478.0,0.0,9480.0,1930.0
509,KM.TIDAR,LARANTUKA,35,9486.0,9486.0,0.0,9488.0,1930.0
532,KM.TIDAR,LARANTUKA,35,9362.0,9488.0,0.0,9490.0,1599.0
533,KM.SINABUNG,SORONG,61,9384.98,9384.98,0.0,9387.98,1544.9799999999996
509,KM.TIDAR,LEWOLEBA,38,9491.0,9491.0,0.0,9492.0,1930.0
512,KM.KELUD,TANJUNGBALAIKARIMUN,63,7897.0,7897.0,0.0,7898.0,395.0
520,KM.TILONGKABILA,KENDARI,30,9516.0,9516.0,0.0,9520.0,1826.0
509,KM.TIDAR,KUPANG,33,9500.0,9500.0,0.0,9505.0,1930.0
530,KM.GUNUNGDEMPO,NABIRE,45,9325.96,9325.96,0.0,9327.96,1390.9599999999991
525,KM.CIREMAI,KAIMANA,27,9247.96,9247.96,0.0,9250.96,1468.9599999999991
525,KM.CIREMAI,FAKFAK,22,9261.96,9261.96,0.0,9264.96,1468.9599999999991
515,KM.KELIMUTU,PONTIANAK,52,8788.0,8790.0,0.0,8793.0,1221.0
525,KM.CIREMAI,SORONG,61,9277.96,9334.0,0.0,9337.0,1525.0
532,KM.TIDAR,LEWOLEBA,38,9493.0,9493.0,-4.3653969328261155e-13,9494.98,1599.0
510,KM.WILIS,WAIKELO,72,9481.98,9481.98,0.0,9482.98,1987.9799999999996
535,KM.BINAIYA,MAKASSAR,40,9479.98,9479.98,0.0,9484.98,1640.9799999999996
514,KM.DOBONSOLO,BIAK,13,9407.0,9407.0,0.0,9409.0,1689.0
523,KM.TATAMAILAU,DOBO,20,9380.0,9380.0,0.0,9382.0,1491.0
525,KM.CIREMAI,MANOKWARI,41,9349.0,9350.0,0.0,9353.0,1526.0
532,KM.TIDAR,KUPANG,33,9503.0,9503.0,0.0,9510.0,1599.0
523,KM.TATAMAILAU,TUAL,71,9392.0,9433.0,0.0,9436.0,1532.0
518,KM.SIRIMAU,DOBO,20,9444.0,9444.0,0.0,9447.0,1620.0
521,KM.AWU,KUPANG,33,9450.0,9505.0,0.0,9510.0,1752.0
510,KM.WILIS,WAINGAPU,73,9491.98,9493.98,0.0,9497.98,1989.9799999999996
522,KM.DOROLONDA,NABIRE,45,9324.96,9327.96,0.0,9329.96,1534.9599999999991
519,KM.NGGAPULU,BITUNG,15,9362.0,9362.0,0.0,9373.0,1619.0
525,KM.CIREMAI,SERUI,60,9362.0,9362.0,0.0,9364.0,1526.0
516,KM.SANGIANG,GESER,23,9350.0,9350.0,0.0,9352.0,1629.0
534,KM.KELUD,TANJUNGBALAIKARIMUN,63,7873.0,7898.0,0.0,7899.0,60.0
516,KM.SANGIANG,FAKFAK,22,9365.0,9365.0,0.0,9374.0,1629.0
521,KM.AWU,KALABAHI,28,9523.0,9523.0,0.0,9526.0,1752.0
534,KM.KELUD,BELAWAN,11,7921.0,7921.0,0.0,7942.0,60.0
538,KM.PANGRANGO,AMBON,2,9267.0,9322.0,-4.3653969328261155e-13,9325.98,1430.0
535,KM.BINAIYA,AWERANGE,3,9490.98,9490.98,0.0,9492.98,1640.9799999999996
513,KM.LAWIT,WAINGAPU,73,9488.98,9497.98,0.0,9500.98,1934.9799999999996
513,KM.LAWIT,ENDE,21,9510.98,9510.98,0.0,9512.98,1934.9799999999996
514,KM.DOBONSOLO,MANOKWARI,41,9418.0,9418.0,0.0,9420.0,1689.0
536,KM.KELIMUTU,SURABAYA,62,8925.0,9170.0,0.0,9173.0,1202.0
529,KM.WILIS,ENDE,21,9443.0,9512.98,0.0,9514.98,1657.9799999999996
518,KM.SIRIMAU,TIMIKA,70,9468.0,9468.0,0.0,9470.0,1620.0
525,KM.CIREMAI,JAYAPURA,26,9382.0,9387.0,0.0,9393.0,1531.0
520,KM.TILONGKABILA,LUWUK,39,9537.0,9537.0,0.0,9540.0,1826.0
514,KM.DOBONSOLO,SORONG,61,9434.0,9434.0,0.0,9436.0,1689.0
513,KM.LAWIT,KALABAHI,28,9531.98,9531.98,0.0,9533.98,1934.9799999999996
513,KM.LAWIT,KUPANG,33,9546.98,9546.98,0.0,9550.98,1934.9799999999996
522,KM.DOROLONDA,MANOKWARI,41,9339.96,9420.0,0.0,9422.0,1615.0
529,KM.WILIS,KUPANG,33,9530.98,9530.98,0.0,9538.98,1657.9799999999996
536,KM.KELIMUTU,BATULICIN,9,9204.0,9204.0,0.0,9206.0,1202.0
516,KM.SANGIANG,GESER,23,9387.0,9387.0,0.0,9389.0,1629.0
511,KM.BINAIYA,MAKASSAR,40,9515.0,9515.0,0.0,9518.0,1933.0
537,KM.LAWIT,KALABAHI,28,9523.98,9533.98,0.0,9535.98,1605.9799999999996
523,KM.TATAMAILAU,KAIMANA,27,9448.0,9448.0,0.0,9450.0,1532.0
529,KM.WILIS,KALABAHI,28,9555.98,9555.98,0.0,9567.98,1657.9799999999996
511,KM.BINAIYA,LABUANBAJO,34,9537.0,9537.0,0.0,9539.0,1933.0
517,KM.LAMBELU,MAKASSAR,40,9512.0,9512.0,0.0,9516.0,1744.0
526,KM.BUKITSIGUNTANG,LEWOLEBA,38,9343.0,9494.98,0.0,9496.98,1665.9799999999996
509,KM.TIDAR,LEWOLEBA,38,9513.0,9513.0,0.0,9515.0,1930.0
526,KM.BUKITSIGUNTANG,MAUMERE,42,9502.98,9502.98,0.0,9504.98,1665.9799999999996
520,KM.TILONGKABILA,GORONTALO,24,9551.0,9551.0,0.0,9553.0,1826.0
529,KM.WILIS,KUPANG,33,9583.98,9583.98,0.0,9591.98,1657.9799999999996
535,KM.BINAIYA,BONTANG,17,9520.98,9520.98,0.0,9522.98,1640.9799999999996
527,KM.EGON,BATULICIN,9,9473.0,9473.0,0.0,9476.0,1605.0
516,KM.SANGIANG,BANDA,6,9398.0,9398.0,0.0,9400.0,1629.0
523,KM.TATAMAILAU,FAKFAK,22,9462.0,9462.0,0.0,9464.0,1532.0
512,KM.KELUD,BELAWAN,11,7920.0,7942.0,0.0,7963.0,417.0
532,KM.TIDAR,LEWOLEBA,38,9518.0,9518.0,0.0,9520.0,1599.0
510,KM.WILIS,ENDE,21,9508.98,9514.98,0.0,9516.98,1995.9799999999996
532,KM.TIDAR,LARANTUKA,35,9523.0,9523.0,0.0,9525.0,1599.0
536,KM.KELIMUTU,SURABAYA,62,9235.0,9235.0,0.0,9237.0,1202.0
517,KM.LAMBELU,PAREPARE,51,9521.0,9521.0,0.0,9524.0,1744.0
535,KM.BINAIYA,PAREPARE,51,9549.98,9549.98,0.0,9551.98,1640.9799999999996
513,KM.LAWIT,ROTE,54,9555.98,9555.98,0.0,9557.98,1934.9799999999996
509,KM.TIDAR,LARANTUKA,35,9518.0,9525.0,0.0,9527.0,1937.0
511,KM.BINAIYA,BIMA,14,9547.0,9547.0,0.0,9548.0,1933.0
538,KM.PANGRANGO,BANDA,6,9343.0,9400.0,0.0,9402.0,1487.0
530,KM.GUNUNGDEMPO,WASIOR,76,9333.96,9333.96,-4.3653969328261155e-13,9334.939999999999,1390.9599999999991
517,KM.LAMBELU,BALIKPAPAN,5,9540.0,9540.0,0.0,9542.0,1744.0
525,KM.CIREMAI,SERUI,60,9411.0,9411.0,0.0,9413.0,1531.0
513,KM.LAWIT,KUPANG,33,9562.98,9562.98,-4.3653969328261155e-13,9566.96,1934.9799999999996
524,KM.KELUD,BELAWAN,11,7779.0,7963.0,0.0,7984.0,270.0
519,KM.NGGAPULU,JAILOLO,25,9383.0,9383.0,0.0,9385.0,1619.0
525,KM.CIREMAI,MANOKWARI,41,9422.0,9422.0,0.0,9424.0,1531.0
525,KM.CIREMAI,SORONG,61,9437.0,9437.0,0.0,9440.0,1531.0
517,KM.LAMBELU,PANTOLOAN,50,9555.0,9555.0,0.0,9557.0,1744.0
523,KM.TATAMAILAU,SORONG,61,9479.0,9479.0,0.0,9482.0,1532.0
520,KM.TILONGKABILA,BITUNG,15,9568.0,9568.0,0.0,9581.0,1826.0
516,KM.SANGIANG,AMBON,2,9417.0,9417.0,-4.369837824924616e-13,9428.98,1629.0
515,KM.KELIMUTU,SEMARANG,58,8833.0,8869.0,0.0,8886.0,1257.0
535,KM.BINAIYA,BONTANG,17,9578.98,9578.98,0.0,9582.98,1640.9799999999996
524,KM.KELUD,TANJUNGBALAIKARIMUN,63,8006.0,8006.0,0.0,8008.0,270.0
509,KM.TIDAR,MAUMERE,42,9533.0,9533.0,0.0,9535.0,1937.0
535,KM.BINAIYA,AWERANGE,3,9609.98,9609.98,0.0,9611.98,1640.9799999999996
519,KM.NGGAPULU,TERNATE,68,9387.0,9387.0,0.0,9389.0,1619.0
534,KM.KELUD,TANJUNGBALAIKARIMUN,63,7964.0,8008.0,0.0,8010.0,104.0
526,KM.BUKITSIGUNTANG,MAKASSAR,40,9522.98,9522.98,0.0,9526.98,1665.9799999999996
510,KM.WILIS,KUPANG,33,9532.98,9566.96,0.0,9574.96,2029.9599999999991
528,KM.LABOBAR,TUAL,71,9341.0,9436.0,0.0,9439.0,1616.0
516,KM.SANGIANG,NAMLEA,46,9439.0,9439.0,0.0,9446.0,1629.0
532,KM.TIDAR,MAUMERE,42,9531.0,9535.0,0.0,9537.0,1603.0
520,KM.TILONGKABILA,GORONTALO,24,9596.0,9596.0,0.0,9598.0,1826.0
533,KM.SINABUNG,MANOKWARI,41,9402.98,9424.0,0.0,9426.0,1566.0
533,KM.SINABUNG,BIAK,13,9435.0,9435.0,0.0,9437.0,1566.0
525,KM.CIREMAI,FAKFAK,22,9453.0,9464.0,0.0,9467.0,1542.0
520,KM.TILONGKABILA,LUWUK,39,9609.0,9609.0,0.0,9611.0,1826.0
515,KM.KELIMUTU,KUMAI,32,8911.0,8911.0,0.0,8914.0,1257.0
531,KM.BUKITRAYA,TAREMPA,67,8606.98,8606.98,0.0,8608.98,799.9799999999996
511,KM.BINAIYA,BENOA,12,9571.0,9571.0,0.0,9575.0,1933.0
512,KM.KELUD,TANJUNGBALAIKARIMUN,63,7985.0,8010.0,0.0,8012.0,442.0
537,KM.LAWIT,KUPANG,33,9548.98,9574.96,0.0,9578.96,1631.9599999999991
521,KM.AWU,KUPANG,33,9539.0,9578.96,0.0,9583.96,1791.9599999999991
525,KM.CIREMAI,KAIMANA,27,9478.0,9478.0,0.0,9481.0,1542.0
535,KM.BINAIYA,MAKASSAR,40,9617.98,9617.98,0.0,9621.98,1640.9799999999996
518,KM.SIRIMAU,AGATS,1,9482.0,9482.0,0.0,9490.0,1620.0
518,KM.SIRIMAU,MERAUKE,43,9532.0,9532.0,0.0,9554.0,1620.0
509,KM.TIDAR,BAUBAU,10,9548.0,9548.0,0.0,9551.0,1937.0
528,KM.LABOBAR,DOBO,20,9446.0,9447.0,0.0,9449.0,1617.0
537,KM.LAWIT,ROTE,54,9583.96,9583.96,0.0,9585.96,1631.9599999999991
533,KM.SINABUNG,JAYAPURA,26,9458.0,9458.0,0.0,9463.0,1566.0
529,KM.WILIS,ENDE,21,9607.98,9607.98,0.0,9609.98,1657.9799999999996
538,KM.PANGRANGO,SAUMLAKI,57,9435.0,9435.0,0.0,9439.0,1487.0
525,KM.CIREMAI,DOBO,20,9490.0,9490.0,0.0,9492.0,1542.0
517,KM.LAMBELU,TARAKAN,66,9577.0,9577.0,0.0,9581.0,1744.0
513,KM.LAWIT,KALABAHI,28,9579.98,9579.98,0.0,9581.98,1934.9799999999996
509,KM.TIDAR,MAKASSAR,40,9568.0,9568.0,0.0,9572.0,1937.0
535,KM.BINAIYA,LABUANBAJO,34,9640.98,9640.98,0.0,9642.98,1640.9799999999996
528,KM.LABOBAR,TUAL,71,9456.0,9456.0,0.0,9457.0,1617.0
527,KM.EGON,SURABAYA,62,9501.0,9501.0,0.0,9505.0,1605.0
523,KM.TATAMAILAU,AMBON,2,9511.0,9511.0,0.0,9514.0,1532.0
528,KM.LABOBAR,BANDA,6,9469.0,9469.0,0.0,9470.0,1617.0
511,KM.BINAIYA,BIMA,14,9598.0,9598.0,0.0,9601.0,1933.0
520,KM.TILONGKABILA,KENDARI,30,9629.0,9629.0,0.0,9633.0,1826.0
521,KM.AWU,ENDE,21,9596.96,9609.98,0.0,9611.98,1804.9799999999996
537,KM.LAWIT,KUPANG,33,9590.96,9590.96,0.0,9594.96,1631.9599999999991
511,KM.BINAIYA,WAINGAPU,73,9615.0,9615.0,0.0,9617.0,1933.0
538,KM.PANGRANGO,BANDA,6,9467.0,9470.0,0.0,9472.0,1490.0
518,KM.SIRIMAU,AGATS,1,9594.0,9594.0,0.0,9596.0,1620.0
529,KM.WILIS,WAINGAPU,73,9620.98,9620.98,0.0,9622.98,1657.9799999999996
520,KM.TILONGKABILA,RAHA,53,9640.0,9640.0,0.0,9641.0,1826.0
522,KM.DOROLONDA,SORONG,61,9434.0,9440.0,0.0,9443.0,1621.0
537,KM.LAWIT,KALABAHI,28,9607.96,9607.96,0.0,9609.96,1631.9599999999991
538,KM.PANGRANGO,AMBON,2,9487.0,9487.0,0.0,9499.0,1490.0
516,KM.SANGIANG,SANANA,56,9459.0,9459.0,0.0,9461.0,1629.0
535,KM.BINAIYA,BIMA,14,9650.98,9650.98,0.0,9651.98,1640.9799999999996
521,KM.AWU,WAINGAPU,73,9620.98,9622.98,0.0,9625.98,1806.9799999999996
529,KM.WILIS,WAIKELO,72,9631.98,9631.98,0.0,9632.98,1657.9799999999996
533,KM.SINABUNG,BIAK,13,9484.0,9484.0,-4.3653969328261155e-13,9485.98,1566.0
538,KM.PANGRANGO,BANDA,6,9516.0,9516.0,0.0,9518.0,1490.0
530,KM.GUNUNGDEMPO,MANOKWARI,41,9341.96,9426.0,0.0,9428.0,1475.0
511,KM.BINAIYA,ENDE,21,9626.0,9626.0,0.0,9628.0,1933.0
518,KM.SIRIMAU,TIMIKA,70,9608.0,9608.0,0.0,9610.0,1620.0
519,KM.NGGAPULU,AMBON,2,9409.0,9499.0,0.0,9502.0,1709.0
536,KM.KELIMUTU,TANJUNGPRIOK,65,9275.0,9275.0,0.0,9278.0,1202.0
524,KM.KELUD,BATAM,8,8011.0,8011.0,0.0,8014.0,270.0
522,KM.DOROLONDA,TERNATE,68,9462.0,9462.0,0.0,9464.0,1621.0
516,KM.SANGIANG,BACAN,4,9482.0,9482.0,0.0,9484.0,1629.0
511,KM.BINAIYA,KUPANG,33,9641.0,9641.0,0.0,9644.0,1933.0
513,KM.LAWIT,ENDE,21,9600.98,9628.0,0.0,9630.0,1962.0
513,KM.LAWIT,WAINGAPU,73,9640.0,9640.0,0.0,9643.0,1962.0
537,KM.LAWIT,ENDE,21,9627.96,9630.0,0.0,9632.0,1634.0
519,KM.NGGAPULU,NAMLEA,46,9507.0,9507.0,-4.3653969328261155e-13,9508.98,1709.0
522,KM.DOROLONDA,BITUNG,15,9472.0,9581.0,0.0,9583.0,1730.0
525,KM.CIREMAI,TUAL,71,9499.0,9499.0,0.0,9503.0,1542.0
520,KM.TILONGKABILA,BAUBAU,10,9646.0,9646.0,0.0,9648.0,1826.0
518,KM.SIRIMAU,DOBO,20,9628.0,9628.0,0.0,9630.0,1620.0
536,KM.KELIMUTU,PONTIANAK,52,9320.0,9320.0,0.0,9322.0,1202.0
536,KM.KELIMUTU,SURABAYA,62,9374.0,9374.0,0.0,9378.0,1202.0
533,KM.SINABUNG,MANOKWARI,41,9496.0,9496.0,0.0,9498.0,1566.0
511,KM.BINAIYA,ENDE,21,9657.0,9657.0,0.0,9659.0,1933.0
516,KM.SANGIANG,TERNATE,68,9496.0,9496.0,0.0,9499.0,1629.0
518,KM.SIRIMAU,TUAL,71,9641.0,9641.0,0.0,9647.0,1620.0
525,KM.CIREMAI,BANDA,6,9515.0,9518.0,0.0,9520.0,1545.0
515,KM.KELIMUTU,SEMARANG,58,8938.0,8938.0,0.0,8947.0,1257.0
518,KM.SIRIMAU,SAUMLAKI,57,9666.0,9666.0,0.0,9668.0,1620.0
531,KM.BUKITRAYA,NATUNA,48,8619.98,8619.98,0.0,8622.98,799.9799999999996
526,KM.BUKITSIGUNTANG,PAREPARE,51,9531.98,9551.98,0.0,9554.98,1685.9799999999996
533,KM.SINABUNG,SORONG,61,9513.0,9513.0,0.0,9515.0,1566.0
518,KM.SIRIMAU,KALABAHI,28,9714.0,9714.0,0.0,9716.0,1620.0
519,KM.NGGAPULU,BAUBAU,10,9531.0,9551.0,-4.3653969328261155e-13,9552.98,1729.0
527,KM.EGON,LEMBAR,36,9528.0,9528.0,0.0,9531.0,1605.0
532,KM.TIDAR,BAUBAU,10,9550.0,9552.98,0.0,9555.98,1605.9799999999996
512,KM.KELUD,BATAM,8,8015.0,8015.0,0.0,8018.0,442.0
538,KM.PANGRANGO,SAUMLAKI,57,9551.0,9668.0,0.0,9672.0,1607.0
510,KM.WILIS,KALABAHI,28,9591.96,9716.0,0.0,9728.0,2154.0
517,KM.LAMBELU,NUNUKAN,49,9587.0,9587.0,0.0,9590.0,1744.0
518,KM.SIRIMAU,KUPANG,33,9729.0,9729.0,0.0,9734.0,1620.0
518,KM.SIRIMAU,LEWOLEBA,38,9746.0,9746.0,0.0,9748.0,1620.0
513,KM.LAWIT,BIMA,14,9658.0,9658.0,0.0,9660.0,1962.0
522,KM.DOROLONDA,PANTOLOAN,50,9610.0,9610.0,0.0,9612.0,1730.0
510,KM.WILIS,KUPANG,33,9744.0,9744.0,0.0,9752.0,2154.0
510,KM.WILIS,ENDE,21,9768.0,9768.0,0.0,9770.0,2154.0
532,KM.TIDAR,MAKASSAR,40,9572.98,9572.98,0.0,9576.98,1605.9799999999996
520,KM.TILONGKABILA,MAKASSAR,40,9670.0,9670.0,0.0,9675.0,1826.0
522,KM.DOROLONDA,BALIKPAPAN,5,9624.0,9624.0,-4.3653969328261155e-13,9625.98,1730.0
520,KM.TILONGKABILA,LABUANBAJO,34,9693.0,9693.0,0.0,9695.0,1826.0
509,KM.TIDAR,SURABAYA,62,9603.0,9603.0,0.0,9605.0,1937.0
514,KM.DOBONSOLO,BAUBAU,10,9476.0,9555.98,0.0,9557.98,1768.9799999999996
538,KM.PANGRANGO,BANDA,6,9700.0,9700.0,0.0,9702.0,1607.0
536,KM.KELIMUTU,KUMAI,32,9404.0,9404.0,0.0,9407.0,1202.0
513,KM.LAWIT,BENOA,12,9682.0,9682.0,0.0,9686.0,1962.0
535,KM.BINAIYA,BENOA,12,9674.98,9686.0,0.0,9701.0,1652.0
532,KM.TIDAR,SURABAYA,62,9607.98,9607.98,0.0,9609.98,1605.9799999999996
510,KM.WILIS,WAINGAPU,73,9781.0,9781.0,0.0,9783.0,2154.0
525,KM.CIREMAI,AMBON,2,9528.0,9528.0,0.0,9531.0,1545.0
536,KM.KELIMUTU,SEMARANG,58,9431.0,9431.0,0.0,9445.0,1202.0
518,KM.SIRIMAU,MAUMERE,42,9758.0,9758.0,0.0,9760.0,1620.0
510,KM.WILIS,WAIKELO,72,9792.0,9792.0,0.0,9793.0,2154.0
529,KM.WILIS,BIMA,14,9643.98,9660.0,0.0,9662.0,1674.0
519,KM.NGGAPULU,MAKASSAR,40,9569.0,9621.98,0.0,9624.98,1781.9799999999996
529,KM.WILIS,LABUANBAJO,34,9671.0,9695.0,0.0,9696.0,1698.0
521,KM.AWU,BIMA,14,9639.98,9662.0,0.0,9664.0,1829.0
530,KM.GUNUNGDEMPO,SORONG,61,9440.0,9482.0,0.0,9484.0,1517.0
517,KM.LAMBELU,BALIKPAPAN,5,9617.0,9625.98,0.0,9627.98,1752.9799999999996
510,KM.WILIS,BIMA,14,9804.0,9804.0,0.0,9806.0,2154.0
514,KM.DOBONSOLO,MAKASSAR,40,9572.98,9624.98,0.0,9627.98,1820.9799999999996
509,KM.TIDAR,TANJUNGPRIOK,65,9634.0,9634.0,0.0,9636.0,1937.0
517,KM.LAMBELU,PAREPARE,51,9643.98,9643.98,0.0,9645.98,1752.9799999999996
530,KM.GUNUNGDEMPO,MAKASSAR,40,9532.0,9627.98,0.0,9629.98,1612.9799999999996
520,KM.TILONGKABILA,BIMA,14,9702.0,9806.0,0.0,9808.0,1930.0
526,KM.BUKITSIGUNTANG,BALIKPAPAN,5,9570.98,9627.98,0.0,9629.98,1742.9799999999996
537,KM.LAWIT,WAINGAPU,73,9641.0,9783.0,0.0,9786.0,1776.0
510,KM.WILIS,LABUANBAJO,34,9815.0,9815.0,0.0,9816.0,2154.0
515,KM.KELIMUTU,PONTIANAK,52,8990.0,9322.0,0.0,9324.0,1589.0
518,KM.SIRIMAU,BAUBAU,10,9779.0,9779.0,0.0,9782.0,1620.0
530,KM.GUNUNGDEMPO,SURABAYA,62,9653.98,9653.98,0.0,9655.98,1612.9799999999996
519,KM.NGGAPULU,SURABAYA,62,9652.98,9652.98,0.0,9655.98,1781.9799999999996
533,KM.SINABUNG,BAUBAU,10,9558.0,9648.0,0.0,9651.0,1656.0
531,KM.BUKITRAYA,MIDAI,44,8626.98,8626.98,0.0,8628.98,799.9799999999996
536,KM.KELIMUTU,PONTIANAK,52,9491.0,9491.0,0.0,9494.0,1202.0
523,KM.TATAMAILAU,TERNATE,68,9541.0,9541.0,0.0,9542.0,1532.0
510,KM.WILIS,MAKASSAR,40,9840.0,9840.0,0.0,9843.0,2154.0
535,KM.BINAIYA,LABUANBAJO,34,9728.0,9816.0,0.0,9819.0,1740.0
526,KM.BUKITSIGUNTANG,TARAKAN,66,9653.98,9653.98,0.0,9657.98,1742.9799999999996
536,KM.KELIMUTU,TANJUNGPANDAN,64,9515.0,9515.0,0.0,9517.0,1202.0
520,KM.TILONGKABILA,LEMBAR,36,9826.0,9826.0,0.0,9828.0,1930.0
533,KM.SINABUNG,MAKASSAR,40,9668.0,9675.0,0.0,9677.0,1663.0
528,KM.LABOBAR,AMBON,2,9478.0,9514.0,0.0,9516.0,1653.0
537,KM.LAWIT,BIMA,14,9800.0,9808.0,0.0,9810.0,1784.0
521,KM.AWU,BENOA,12,9685.0,9701.0,0.0,9707.0,1845.0
511,KM.BINAIYA,WAINGAPU,73,9668.0,9786.0,0.0,9788.0,2051.0
525,KM.CIREMAI,NAMLEA,46,9536.0,9536.0,0.0,9539.0,1545.0
534,KM.KELUD,BATAM,8,8013.0,8018.0,0.0,8021.0,109.0
525,KM.CIREMAI,BAUBAU,10,9562.0,9651.0,0.0,9653.0,1634.0
513,KM.LAWIT,SURABAYA,62,9716.0,9716.0,0.0,9718.0,1962.0
518,KM.SIRIMAU,WANCI,74,9790.0,9790.0,0.0,9792.0,1620.0
518,KM.SIRIMAU,AMBON,2,9820.0,9820.0,0.0,9822.0,1620.0
532,KM.TIDAR,TANJUNGPRIOK,65,9638.98,9638.98,0.0,9640.98,1605.9799999999996
526,KM.BUKITSIGUNTANG,NUNUKAN,49,9663.98,9663.98,0.0,9665.98,1742.9799999999996
525,KM.CIREMAI,MAKASSAR,40,9668.0,9677.0,0.0,9680.0,1643.0
537,KM.LAWIT,BENOA,12,9833.0,9833.0,0.0,9837.0,1784.0
531,KM.BUKITRAYA,SERASAN,59,8636.98,8636.98,0.0,8638.98,799.9799999999996
518,KM.SIRIMAU,SORONG,61,9854.0,9854.0,0.0,9857.0,1620.0
514,KM.DOBONSOLO,SURABAYA,62,9654.98,9655.98,0.0,9657.98,1821.9799999999996
529,KM.WILIS,MAKASSAR,40,9720.0,9720.0,0.0,9723.0,1698.0
528,KM.LABOBAR,BAUBAU,10,9539.0,9653.0,0.0,9654.0,1767.0
526,KM.BUKITSIGUNTANG,BALIKPAPAN,5,9692.98,9692.98,0.0,9694.98,1742.9799999999996
537,KM.LAWIT,SURABAYA,62,9866.0,9866.0,0.0,9868.0,1784.0
511,KM.BINAIYA,BIMA,14,9802.0,9810.0,-4.3653969328261155e-13,9810.98,2059.0
521,KM.AWU,SURABAYA,62,9735.0,9735.0,0.0,9740.0,1845.0
525,KM.CIREMAI,SURABAYA,62,9707.0,9740.0,0.0,9743.0,1676.0
526,KM.BUKITSIGUNTANG,PAREPARE,51,9710.98,9710.98,0.0,9713.98,1742.9799999999996
528,KM.LABOBAR,MAKASSAR,40,9668.0,9723.0,0.0,9725.0,1822.0
531,KM.BUKITRAYA,PONTIANAK,52,8657.98,9494.0,0.0,9496.0,1636.0
544,KM.NGGAPULU,TANJUNGPRIOK,65,7900.0,9636.0,0.0,9657.0,1736.0
568,KM.LAMBELU,MAKASSAR,40,8234.0,9725.0,0.0,9730.0,1491.0
568,KM.LAMBELU,PAREPARE,51,9735.0,9735.0,0.0,9738.0,1491.0
557,KM.GUNUNGDEMPO,TANJUNGPRIOK,65,8066.0,9640.98,0.0,9654.98,1574.9799999999996
539,KFC.JETLINER,KENDARI,30,7821.0,9633.0,0.0,9643.0,1812.0
539,KFC.JETLINER,WANCI,74,9656.0,9792.0,0.0,9794.0,1948.0
546,KM.AWU,KUMAI,32,7923.0,9407.0,0.0,9443.0,1484.0
554,KM.TATAMAILAU,BITUNG,15,8022.0,9583.0,0.0,9593.0,1561.0
566,KM.LABOBAR,BITUNG,15,8191.0,9593.0,0.0,9608.0,1402.0
568,KM.LAMBELU,BALIKPAPAN,5,9754.0,9754.0,0.0,9761.0,1491.0
554,KM.TATAMAILAU,TERNATE,68,9607.0,9607.0,0.0,9608.0,1561.0
566,KM.LABOBAR,TERNATE,68,9618.0,9618.0,0.0,9620.0,1402.0
555,KM.SINABUNG,SURABAYA,62,8045.0,9743.0,0.0,9753.0,1698.0
545,KM.TILONGKABILA,BENOA,12,7904.0,9837.0,0.0,9862.0,1933.0
543,KM.LAMBELU,MAKASSAR,40,7898.0,9730.0,0.0,9738.0,1832.0
558,KM.BUKITRAYA,TANJUNGPRIOK,65,8067.0,9654.98,0.0,9667.98,1587.9799999999996
566,KM.LABOBAR,SORONG,61,9639.0,9639.0,0.0,9642.0,1402.0
567,KM.SANGIANG,BITUNG,15,8225.0,9608.0,0.0,9655.0,1383.0
561,KM.BINAIYA,BENOA,12,8106.0,9862.0,-4.369837824924616e-13,9867.98,1756.0
565,KFC.JETLINER,KENDARI,30,8157.0,9643.0,0.0,9653.0,1486.0
567,KM.SANGIANG,TERNATE,68,9675.0,9675.0,0.0,9680.0,1383.0
543,KM.LAMBELU,PAREPARE,51,9743.0,9743.0,0.0,9745.0,1832.0
566,KM.LABOBAR,MANOKWARI,41,9655.0,9655.0,0.0,9657.0,1402.0
543,KM.LAMBELU,BALIKPAPAN,5,9761.0,9761.0,0.0,9766.0,1832.0
561,KM.BINAIYA,BIMA,14,9891.0,9891.0,0.0,9893.0,1756.0
542,KM.BUKITRAYA,TANJUNGPRIOK,65,7897.0,9657.0,0.0,9671.0,1760.0
541,KM.SANGIANG,BITUNG,15,7889.0,9655.0,0.0,9702.0,1766.0
553,KFC.JETLINER,KENDARI,30,7989.0,9653.0,0.0,9663.0,1664.0
552,KM.BUKITSIGUNTANG,MAKASSAR,40,7976.0,9738.0,0.0,9758.0,1762.0
566,KM.LABOBAR,NABIRE,45,9668.0,9668.0,0.0,9670.0,1402.0
567,KM.SANGIANG,BACAN,4,9692.0,9692.0,0.0,9695.0,1383.0
560,KM.CIREMAI,TANJUNGPRIOK,65,8091.0,9667.98,0.0,9679.98,1576.9799999999996
552,KM.BUKITSIGUNTANG,PAREPARE,51,9763.0,9763.0,0.0,9767.0,1762.0
554,KM.TATAMAILAU,AMBON,2,9634.0,9634.0,0.0,9636.0,1561.0
557,KM.GUNUNGDEMPO,SURABAYA,62,9680.98,9753.0,0.0,9757.0,1647.0
539,KFC.JETLINER,KENDARI,30,9807.0,9807.0,0.0,9813.0,1948.0
558,KM.BUKITRAYA,PONTIANAK,52,9704.98,9704.98,0.0,9706.98,1587.9799999999996
566,KM.LABOBAR,SERUI,60,9675.0,9675.0,0.0,9677.0,1402.0
557,KM.GUNUNGDEMPO,MAKASSAR,40,9783.0,9783.0,0.0,9787.0,1647.0
557,KM.GUNUNGDEMPO,BAUBAU,10,9801.0,9801.0,0.0,9804.0,1647.0
564,KM.LAWIT,KUMAI,32,8112.0,9443.0,0.0,9448.0,1331.0
560,KM.CIREMAI,SURABAYA,62,9702.98,9757.0,0.0,9761.0,1631.0
563,KM.KELUD,TANJUNGPRIOK,65,8112.0,9671.0,0.0,9693.0,1559.0
542,KM.BUKITRAYA,BLINYU,16,9699.0,9699.0,0.0,9701.0,1760.0
550,KM.EGON,WAINGAPU,73,7952.0,9788.0,0.0,9794.0,1836.0
539,KFC.JETLINER,WANCI,74,9826.0,9826.0,0.0,9828.0,1948.0
547,KM.DOROLONDA,SURABAYA,62,7924.0,9761.0,0.0,9765.0,1837.0
566,KM.LABOBAR,JAYAPURA,26,9696.0,9696.0,0.0,9701.0,1402.0
566,KM.LABOBAR,SERUI,60,9719.0,9719.0,0.0,9721.0,1402.0
551,KM.LEUSER,SURABAYA,62,7963.0,9765.0,-4.369837824924616e-13,9769.98,1802.0
558,KM.BUKITRAYA,TANJUNGPRIOK,65,9742.98,9742.98,0.0,9744.98,1587.9799999999996
565,KFC.JETLINER,WANCI,74,9666.0,9828.0,0.0,9830.0,1648.0
555,KM.SINABUNG,MAKASSAR,40,9784.0,9787.0,0.0,9790.0,1701.0
565,KFC.JETLINER,KENDARI,30,9843.0,9843.0,0.0,9849.0,1648.0
540,KM.DOBONSOLO,TANJUNGPRIOK,65,7862.0,9693.0,0.0,9705.0,1831.0
556,KM.WILIS,BATULICIN,9,8055.0,9476.0,0.0,9505.0,1421.0
558,KM.BUKITRAYA,PONTIANAK,52,9780.98,9780.98,0.0,9782.98,1587.9799999999996
560,KM.CIREMAI,MAKASSAR,40,9788.0,9790.0,0.0,9794.0,1633.0
549,KM.KELUD,TANJUNGPRIOK,65,7942.0,9705.0,0.0,9729.0,1763.0
557,KM.GUNUNGDEMPO,BITUNG,15,9833.0,9833.0,0.0,9837.0,1647.0
568,KM.LAMBELU,PANTOLOAN,50,9774.0,9774.0,0.0,9776.0,1491.0
544,KM.NGGAPULU,SURABAYA,62,9684.0,9769.98,0.0,9773.98,1821.9799999999996
564,KM.LAWIT,SURABAYA,62,9476.0,9773.98,0.0,9779.98,1628.9799999999996
560,KM.CIREMAI,BAUBAU,10,9808.0,9808.0,0.0,9811.0,1633.0
545,KM.TILONGKABILA,LEMBAR,36,9868.0,9868.0,0.0,9870.0,1933.0
568,KM.LAMBELU,TARAKAN,66,9796.0,9796.0,0.0,9799.0,1491.0
561,KM.BINAIYA,LABUANBAJO,34,9901.0,9901.0,0.0,9903.0,1756.0
545,KM.TILONGKABILA,BIMA,14,9888.0,9893.0,0.0,9897.0,1938.0
556,KM.WILIS,MAKASSAR,40,9535.0,9794.0,0.0,9800.0,1680.0
544,KM.NGGAPULU,MAKASSAR,40,9802.98,9802.98,0.0,9806.98,1821.9799999999996
555,KM.SINABUNG,BAUBAU,10,9806.0,9806.0,0.0,9808.0,1701.0
545,KM.TILONGKABILA,LABUANBAJO,34,9904.0,9904.0,-4.3653969328261155e-13,9905.98,1938.0
552,KM.BUKITSIGUNTANG,BALIKPAPAN,5,9782.0,9782.0,0.0,9789.0,1762.0
551,KM.LEUSER,BENOA,12,9798.0,9867.98,0.0,9874.98,1871.9799999999996
543,KM.LAMBELU,TARAKAN,66,9792.0,9799.0,0.0,9802.0,1839.0
549,KM.KELUD,BATAM,8,9761.0,9761.0,0.0,9765.0,1763.0
555,KM.SINABUNG,BANGGAI,7,9825.0,9825.0,0.0,9828.0,1701.0
547,KM.DOROLONDA,BALIKPAPAN,5,9795.0,9795.0,0.0,9800.0,1837.0
557,KM.GUNUNGDEMPO,TERNATE,68,9847.0,9847.0,0.0,9849.0,1647.0
567,KM.SANGIANG,SANANA,56,9717.0,9717.0,0.0,9719.0,1383.0
562,KM.PANGRANGO,AMBON,2,8110.0,9636.0,0.0,9652.0,1526.0
555,KM.SINABUNG,BITUNG,15,9844.0,9844.0,0.0,9846.0,1701.0
540,KM.DOBONSOLO,SURABAYA,62,9731.0,9779.98,0.0,9783.98,1879.9799999999996
549,KM.KELUD,TANJUNGBALAIKARIMUN,63,9768.0,9768.0,0.0,9769.0,1763.0
543,KM.LAMBELU,NUNUKAN,49,9808.0,9808.0,0.0,9811.0,1839.0
550,KM.EGON,LEMBAR,36,9822.0,9870.0,0.0,9872.0,1884.0
567,KM.SANGIANG,NAMLEA,46,9732.0,9732.0,0.0,9734.0,1383.0
559,KM.TIDAR,KIJANG,31,8069.0,8588.98,0.0,8606.98,519.9799999999996
547,KM.DOROLONDA,SURABAYA,62,9830.0,9830.0,0.0,9838.0,1837.0
562,KM.PANGRANGO,BANDA,6,9668.0,9702.0,0.0,9735.0,1560.0
552,KM.BUKITSIGUNTANG,TARAKAN,66,9814.0,9814.0,0.0,9818.0,1762.0
567,KM.SANGIANG,AMBON,2,9744.0,9744.0,0.0,9748.0,1383.0
540,KM.DOBONSOLO,MAKASSAR,40,9814.98,9814.98,0.0,9818.98,1879.9799999999996
564,KM.LAWIT,SAMPIT,55,9810.98,9810.98,0.0,9830.98,1628.9799999999996
566,KM.LABOBAR,NABIRE,45,9726.0,9726.0,0.0,9728.0,1402.0
562,KM.PANGRANGO,AMBON,2,9750.0,9750.0,0.0,9764.0,1560.0
559,KM.TIDAR,TANJUNGPRIOK,65,8641.98,9729.0,0.0,9739.0,1607.0
544,KM.NGGAPULU,BAUBAU,10,9821.98,9821.98,0.0,9823.98,1821.9799999999996
543,KM.LAMBELU,PANTOLOAN,50,9832.0,9832.0,0.0,9834.0,1839.0
545,KM.TILONGKABILA,MAKASSAR,40,9924.0,9924.0,0.0,9929.0,1938.0
566,KM.LABOBAR,MANOKWARI,41,9738.0,9738.0,0.0,9740.0,1402.0
542,KM.BUKITRAYA,KIJANG,31,9716.0,9716.0,0.0,9719.0,1760.0
567,KM.SANGIANG,BANDA,6,9764.0,9764.0,0.0,9766.0,1383.0
568,KM.LAMBELU,NUNUKAN,49,9805.0,9811.0,0.0,9813.0,1497.0
567,KM.SANGIANG,GESER,23,9776.0,9776.0,0.0,9778.0,1383.0
556,KM.WILIS,LABUANBAJO,34,9824.0,9905.98,0.0,9906.98,1761.9799999999996
560,KM.CIREMAI,AMBON,2,9835.0,9835.0,0.0,9838.0,1633.0
546,KM.AWU,SURABAYA,62,9471.0,9838.0,0.0,9844.0,1851.0
545,KM.TILONGKABILA,BAUBAU,10,9950.0,9950.0,0.0,9952.0,1938.0
539,KFC.JETLINER,KENDARI,30,9841.0,9849.0,0.0,9851.0,1956.0
562,KM.PANGRANGO,NAMROLE,47,9775.0,9775.0,0.0,9777.0,1560.0
544,KM.NGGAPULU,NAMLEA,46,9847.98,9847.98,0.0,9849.98,1821.9799999999996
560,KM.CIREMAI,SORONG,61,9859.0,9859.0,0.0,9862.0,1633.0
541,KM.SANGIANG,TERNATE,68,9722.0,9849.0,0.0,9854.0,1893.0
559,KM.TIDAR,SURABAYA,62,9768.0,9844.0,0.0,9848.0,1683.0
560,KM.CIREMAI,SERUI,60,9884.0,9884.0,0.0,9886.0,1633.0
546,KM.AWU,BENOA,12,9871.0,9874.98,0.0,9879.98,1854.9799999999996
562,KM.PANGRANGO,AMBON,2,9788.0,9822.0,-4.3653969328261155e-13,9825.98,1594.0
555,KM.SINABUNG,TERNATE,68,9857.0,9857.0,0.0,9859.0,1701.0
561,KM.BINAIYA,MAKASSAR,40,9923.0,9923.0,0.0,9928.0,1756.0
554,KM.TATAMAILAU,SAUMLAKI,57,9665.0,9672.0,0.0,9674.0,1568.0
546,KM.AWU,BIMA,14,9900.98,9900.98,0.0,9902.98,1854.9799999999996
553,KFC.JETLINER,WANCI,74,9676.0,9830.0,0.0,9832.0,1818.0
541,KM.SANGIANG,BACAN,4,9866.0,9866.0,0.0,9869.0,1893.0
554,KM.TATAMAILAU,TUAL,71,9694.0,9694.0,0.0,9697.0,1568.0
556,KM.WILIS,BIMA,14,9915.98,9915.98,0.0,9916.98,1761.9799999999996
560,KM.CIREMAI,JAYAPURA,26,9904.0,9904.0,0.0,9909.0,1633.0
556,KM.WILIS,WAIKELO,72,9927.98,9927.98,0.0,9928.98,1761.9799999999996
561,KM.BINAIYA,PAREPARE,51,9935.0,9935.0,0.0,9937.0,1756.0
559,KM.TIDAR,MAKASSAR,40,9880.0,9928.0,0.0,9931.0,1731.0
561,KM.BINAIYA,BONTANG,17,9964.0,9964.0,0.0,9968.0,1756.0
555,KM.SINABUNG,BACAN,4,9866.0,9869.0,0.0,9870.0,1704.0
566,KM.LABOBAR,SORONG,61,9752.0,9857.0,0.0,9860.0,1507.0
543,KM.LAMBELU,BALIKPAPAN,5,9847.0,9847.0,0.0,9849.0,1839.0
556,KM.WILIS,WAINGAPU,73,9937.98,9937.98,0.0,9941.98,1761.9799999999996
568,KM.LAMBELU,PANTOLOAN,50,9835.0,9835.0,0.0,9837.0,1497.0
553,KFC.JETLINER,KENDARI,30,9845.0,9851.0,0.0,9857.0,1824.0
563,KM.KELUD,BATAM,8,9725.0,9765.0,0.0,9769.0,1599.0
568,KM.LAMBELU,BALIKPAPAN,5,9850.0,9850.0,0.0,9853.0,1497.0
543,KM.LAMBELU,PAREPARE,51,9865.0,9937.0,0.0,9939.0,1911.0
553,KFC.JETLINER,WANCI,74,9870.0,9870.0,0.0,9872.0,1824.0
550,KM.EGON,SURABAYA,62,9894.0,9894.0,0.0,9898.0,1884.0
557,KM.GUNUNGDEMPO,AMBON,2,9869.0,9869.0,0.0,9872.0,1647.0
544,KM.NGGAPULU,AMBON,2,9855.98,9855.98,0.0,9859.98,1821.9799999999996
541,KM.SANGIANG,SANANA,56,9891.0,9891.0,0.0,9893.0,1893.0
541,KM.SANGIANG,NAMLEA,46,9906.0,9906.0,0.0,9908.0,1893.0
543,KM.LAMBELU,MAKASSAR,40,9944.0,9944.0,0.0,9947.0,1911.0
540,KM.DOBONSOLO,BAUBAU,10,9835.98,9835.98,0.0,9838.98,1879.9799999999996
541,KM.SANGIANG,AMBON,2,9918.0,9918.0,0.0,9922.0,1893.0
568,KM.LAMBELU,PAREPARE,51,9869.0,9939.0,0.0,9942.0,1567.0
545,KM.TILONGKABILA,RAHA,53,9956.0,9956.0,0.0,9958.0,1938.0
566,KM.LABOBAR,AMBON,2,9881.0,9881.0,0.0,9885.0,1507.0
546,KM.AWU,WAINGAPU,73,9916.98,9941.98,0.0,9944.98,1879.9799999999996
548,KM.LABOBAR,SURABAYA,62,7928.0,9868.0,0.0,9878.0,1940.0
555,KM.SINABUNG,SORONG,61,9885.0,9885.0,0.0,9889.0,1704.0
559,KM.TIDAR,BAUBAU,10,9948.0,9948.0,0.0,9951.0,1731.0
543,KM.LAMBELU,BAUBAU,10,9962.0,9962.0,0.0,9964.0,1911.0
547,KM.DOROLONDA,TANJUNGPRIOK,65,9862.0,9862.0,0.0,9872.0,1837.0
557,KM.GUNUNGDEMPO,SORONG,61,9893.0,9893.0,0.0,9896.0,1647.0
560,KM.CIREMAI,SERUI,60,9928.0,9928.0,0.0,9930.0,1633.0
557,KM.GUNUNGDEMPO,MANOKWARI,41,9908.0,9908.0,0.0,9910.0,1647.0
543,KM.LAMBELU,MAUMERE,42,9977.0,9977.0,0.0,9979.0,1911.0
543,KM.LAMBELU,LARANTUKA,35,9984.0,9984.0,0.0,9986.0,1911.0
551,KM.LEUSER,BIMA,14,9897.98,9916.98,0.0,9919.98,1890.9799999999996
552,KM.BUKITSIGUNTANG,NUNUKAN,49,9824.0,9824.0,0.0,9827.0,1762.0
555,KM.SINABUNG,MANOKWARI,41,9903.0,9910.0,0.0,9912.0,1711.0
557,KM.GUNUNGDEMPO,WASIOR,76,9917.0,9917.0,0.0,9918.0,1647.0
567,KM.SANGIANG,FAKFAK,22,9791.0,9791.0,0.0,9800.0,1383.0
541,KM.SANGIANG,BANDA,6,9938.0,9938.0,0.0,9940.0,1893.0
558,KM.BUKITRAYA,SURABAYA,62,9828.98,9878.0,0.0,9882.0,1637.0
550,KM.EGON,BATULICIN,9,9925.0,9925.0,0.0,9929.0,1884.0
551,KM.LEUSER,LABUANBAJO,34,9927.98,9927.98,-4.3653969328261155e-13,9930.96,1890.9799999999996
567,KM.SANGIANG,GESER,23,9813.0,9813.0,0.0,9815.0,1383.0
551,KM.LEUSER,MAKASSAR,40,9950.98,9950.98,0.0,9956.98,1890.9799999999996
548,KM.LABOBAR,MAKASSAR,40,9906.0,9947.0,0.0,9951.0,1981.0
560,KM.CIREMAI,BIAK,13,9936.0,9936.0,0.0,9938.0,1633.0
545,KM.TILONGKABILA,KENDARI,30,9964.0,9964.0,0.0,9968.0,1938.0
567,KM.SANGIANG,BANDA,6,9824.0,9940.0,0.0,9942.0,1499.0
541,KM.SANGIANG,GESER,23,9950.0,9950.0,0.0,9952.0,1893.0
556,KM.WILIS,ENDE,21,9952.98,9952.98,0.0,9954.98,1761.9799999999996
549,KM.KELUD,BELAWAN,11,9792.0,9792.0,0.0,9813.0,1763.0
547,KM.DOROLONDA,SURABAYA,62,9897.0,9897.0,-4.3653969328261155e-13,9900.98,1837.0
567,KM.SANGIANG,AMBON,2,9959.0,9959.0,-4.369837824924616e-13,9970.98,1499.0
546,KM.AWU,ENDE,21,9953.98,9954.98,0.0,9956.98,1880.9799999999996
545,KM.TILONGKABILA,LUWUK,39,9985.0,9985.0,0.0,9988.0,1938.0
544,KM.NGGAPULU,TERNATE,68,9879.98,9879.98,0.0,9881.98,1821.9799999999996
539,KFC.JETLINER,RAHA,53,9859.0,9958.0,0.0,9959.0,2055.0
562,KM.PANGRANGO,BANDA,6,9842.0,9942.0,0.0,9944.0,1694.0
550,KM.EGON,PAREPARE,51,9951.0,9951.0,0.0,9954.0,1884.0
554,KM.TATAMAILAU,DOBO,20,9707.0,9707.0,0.0,9709.0,1568.0
547,KM.DOROLONDA,MAKASSAR,40,9929.0,9951.0,0.0,9955.0,1859.0
568,KM.LAMBELU,MAKASSAR,40,9947.0,9955.0,0.0,9958.0,1575.0
551,KM.LEUSER,BAUBAU,10,9979.98,9979.98,0.0,9981.98,1890.9799999999996
561,KM.BINAIYA,PAREPARE,51,9995.0,9995.0,0.0,9997.0,1756.0
546,KM.AWU,KUPANG,33,9969.98,9969.98,0.0,9974.98,1880.9799999999996
553,KFC.JETLINER,KENDARI,30,9885.0,9968.0,0.0,9970.0,1907.0
542,KM.BUKITRAYA,LETUNG,37,9731.0,9731.0,0.0,9733.0,1760.0
546,KM.AWU,KALABAHI,28,9987.98,9987.98,0.0,9990.98,1880.9799999999996
556,KM.WILIS,KUPANG,33,9970.98,9970.98,0.0,9978.98,1761.9799999999996
555,KM.SINABUNG,BIAK,13,9922.0,9938.0,0.0,9940.0,1727.0
544,KM.NGGAPULU,JAILOLO,25,9883.98,9883.98,-4.3653969328261155e-13,9885.96,1821.9799999999996
556,KM.WILIS,KALABAHI,28,9995.98,9995.98,0.0,10007.98,1761.9799999999996
557,KM.GUNUNGDEMPO,NABIRE,45,9924.0,9924.0,0.0,9926.0,1647.0
544,KM.NGGAPULU,BITUNG,15,9894.98,9894.98,0.0,9907.98,1821.9799999999996
539,KFC.JETLINER,KENDARI,30,9967.0,9970.0,0.0,9972.0,2058.0
540,KM.DOBONSOLO,SORONG,61,9880.98,9889.0,0.0,9893.0,1888.0
555,KM.SINABUNG,JAYAPURA,26,9961.0,9961.0,0.0,9967.0,1727.0
552,KM.BUKITSIGUNTANG,BALIKPAPAN,5,9854.0,9854.0,0.0,9856.0,1762.0
552,KM.BUKITSIGUNTANG,PAREPARE,51,9871.0,9997.0,0.0,9999.0,1888.0
548,KM.LABOBAR,BAUBAU,10,9965.0,9965.0,0.0,9968.0,1981.0
545,KM.TILONGKABILA,GORONTALO,24,9999.0,9999.0,0.0,10001.0,1938.0
564,KM.LAWIT,SEMARANG,58,9862.98,9862.98,0.0,9874.98,1628.9799999999996
552,KM.BUKITSIGUNTANG,MAKASSAR,40,10004.0,10004.0,0.0,10006.0,1888.0
550,KM.EGON,BONTANG,17,9980.0,9980.0,0.0,9987.0,1884.0
558,KM.BUKITRAYA,PONTIANAK,52,9930.0,9930.0,0.0,9932.0,1637.0
550,KM.EGON,PAREPARE,51,10012.0,10012.0,0.0,10015.0,1884.0
560,KM.CIREMAI,MANOKWARI,41,9946.0,9946.0,0.0,9948.0,1633.0
556,KM.WILIS,KUPANG,33,10023.98,10023.98,0.0,10031.98,1761.9799999999996
540,KM.DOBONSOLO,MANOKWARI,41,9907.0,9948.0,0.0,9950.0,1929.0
548,KM.LABOBAR,NAMLEA,46,9991.0,9991.0,0.0,9993.0,1981.0
557,KM.GUNUNGDEMPO,JAYAPURA,26,9947.0,9967.0,0.0,9973.0,1667.0
562,KM.PANGRANGO,SAUMLAKI,57,9974.0,9974.0,0.0,9978.0,1694.0
547,KM.DOROLONDA,BAUBAU,10,9970.0,9970.0,0.0,9973.0,1859.0
566,KM.LABOBAR,SORONG,61,9906.0,9906.0,0.0,9909.0,1507.0
561,KM.BINAIYA,BONTANG,17,10020.0,10020.0,0.0,10024.0,1756.0
545,KM.TILONGKABILA,BITUNG,15,10016.0,10016.0,0.0,10029.0,1938.0
566,KM.LABOBAR,MANOKWARI,41,9922.0,9950.0,0.0,9952.0,1535.0
566,KM.LABOBAR,NABIRE,45,9962.0,9962.0,0.0,9964.0,1535.0
544,KM.NGGAPULU,TERNATE,68,9917.98,9917.98,0.0,9920.98,1821.9799999999996
544,KM.NGGAPULU,AMBON,2,9940.98,9940.98,0.0,9944.98,1821.9799999999996
553,KFC.JETLINER,RAHA,53,9978.0,9978.0,0.0,9979.0,1907.0
547,KM.DOROLONDA,AMBON,2,9996.0,9996.0,0.0,10000.0,1859.0
543,KM.LAMBELU,BAUBAU,10,9998.0,9998.0,0.0,10000.0,1911.0
542,KM.BUKITRAYA,TAREMPA,67,9737.0,9737.0,0.0,9739.0,1760.0
554,KM.TATAMAILAU,TIMIKA,70,9727.0,9727.0,0.0,9729.0,1568.0
566,KM.LABOBAR,SERUI,60,9969.0,9969.0,0.0,9971.0,1535.0
539,KFC.JETLINER,WANCI,74,9985.0,9985.0,0.0,9987.0,2058.0
542,KM.BUKITRAYA,NATUNA,48,9750.0,9750.0,0.0,9753.0,1760.0
566,KM.LABOBAR,BIAK,13,9978.0,9978.0,0.0,9980.0,1535.0
552,KM.BUKITSIGUNTANG,MAUMERE,42,10024.0,10024.0,0.0,10026.0,1888.0
551,KM.LEUSER,WANCI,74,9990.98,9990.98,0.0,9992.98,1890.9799999999996
544,KM.NGGAPULU,TERNATE,68,9964.98,9964.98,0.0,9967.98,1821.9799999999996
566,KM.LABOBAR,JAYAPURA,26,9998.0,9998.0,0.0,10003.0,1535.0
552,KM.BUKITSIGUNTANG,LEWOLEBA,38,10032.0,10032.0,0.0,10034.0,1888.0
566,KM.LABOBAR,BIAK,13,10022.0,10022.0,0.0,10024.0,1535.0
545,KM.TILONGKABILA,GORONTALO,24,10044.0,10044.0,0.0,10046.0,1938.0
556,KM.WILIS,ENDE,21,10047.98,10047.98,0.0,10049.98,1761.9799999999996
548,KM.LABOBAR,AMBON,2,9996.0,9996.0,0.0,9999.0,1981.0
557,KM.GUNUNGDEMPO,NABIRE,45,9997.0,9997.0,0.0,9999.0,1667.0
548,KM.LABOBAR,SORONG,61,10019.0,10019.0,-4.3653969328261155e-13,10020.98,1981.0
555,KM.SINABUNG,BIAK,13,9988.0,10024.0,0.0,10026.0,1763.0
568,KM.LAMBELU,BAUBAU,10,9973.0,9981.98,0.0,9984.98,1583.9799999999996
543,KM.LAMBELU,MAKASSAR,40,10015.0,10015.0,0.0,10019.0,1911.0
556,KM.WILIS,WAINGAPU,73,10060.98,10060.98,0.0,10062.98,1761.9799999999996
552,KM.BUKITSIGUNTANG,KUPANG,33,10041.0,10041.0,0.0,10046.0,1888.0
555,KM.SINABUNG,NABIRE,45,10036.0,10036.0,0.0,10038.0,1763.0
561,KM.BINAIYA,AWERANGE,3,10051.0,10051.0,0.0,10053.0,1756.0
540,KM.DOBONSOLO,BIAK,13,9959.0,10026.0,0.0,10028.0,1996.0
560,KM.CIREMAI,SORONG,61,9961.0,9961.0,0.0,9964.0,1633.0
566,KM.LABOBAR,SERUI,60,10031.0,10031.0,0.0,10033.0,1535.0
553,KFC.JETLINER,KENDARI,30,9987.0,9987.0,0.0,9989.0,1907.0
560,KM.CIREMAI,MANOKWARI,41,9976.0,9976.0,0.0,9978.0,1633.0
551,KM.LEUSER,NAMROLE,47,10019.98,10019.98,0.0,10020.98,1890.9799999999996
568,KM.LAMBELU,MAUMERE,42,9997.98,10026.0,0.0,10028.0,1612.0
555,KM.SINABUNG,WASIOR,76,10047.0,10047.0,0.0,10049.0,1763.0
541,KM.SANGIANG,FAKFAK,22,9965.0,9965.0,0.0,9974.0,1893.0
556,KM.WILIS,WAIKELO,72,10071.98,10071.98,0.0,10072.98,1761.9799999999996
566,KM.LABOBAR,NABIRE,45,10039.0,10039.0,0.0,10041.0,1535.0
548,KM.LABOBAR,MANOKWARI,41,10034.0,10034.0,0.0,10037.0,1981.0
545,KM.TILONGKABILA,LUWUK,39,10057.0,10057.0,0.0,10059.0,1938.0
558,KM.BUKITRAYA,SERASAN,59,9947.0,9947.0,0.0,9949.0,1637.0
554,KM.TATAMAILAU,AGATS,1,9742.0,9742.0,0.0,9750.0,1568.0
556,KM.WILIS,BIMA,14,10083.98,10083.98,0.0,10085.98,1761.9799999999996
551,KM.LEUSER,AMBON,2,10030.98,10030.98,0.0,10033.98,1890.9799999999996
563,KM.KELUD,TANJUNGBALAIKARIMUN,63,9772.0,9772.0,0.0,9773.0,1599.0
561,KM.BINAIYA,MAKASSAR,40,10059.0,10059.0,0.0,10063.0,1756.0
566,KM.LABOBAR,MANOKWARI,41,10051.0,10051.0,0.0,10053.0,1535.0
551,KM.LEUSER,SAUMLAKI,57,10068.98,10068.98,0.0,10070.98,1890.9799999999996
542,KM.BUKITRAYA,MIDAI,44,9757.0,9757.0,0.0,9759.0,1760.0
540,KM.DOBONSOLO,JAYAPURA,26,10048.0,10048.0,0.0,10053.0,1996.0
562,KM.PANGRANGO,BANDA,6,10006.0,10006.0,0.0,10008.0,1694.0
543,KM.LAMBELU,PAREPARE,51,10024.0,10024.0,0.0,10027.0,1911.0
560,KM.CIREMAI,NABIRE,45,9988.0,10041.0,0.0,10043.0,1686.0
555,KM.SINABUNG,MANOKWARI,41,10058.0,10058.0,0.0,10060.0,1763.0
548,KM.LABOBAR,NABIRE,45,10048.0,10048.0,0.0,10051.0,1981.0
559,KM.TIDAR,NAMLEA,46,9978.0,9993.0,0.0,9995.0,1746.0
540,KM.DOBONSOLO,BIAK,13,10074.0,10074.0,0.0,10076.0,1996.0
562,KM.PANGRANGO,AMBON,2,10023.0,10023.0,0.0,10039.0,1694.0
552,KM.BUKITSIGUNTANG,LEWOLEBA,38,10053.0,10053.0,0.0,10055.0,1888.0
561,KM.BINAIYA,LABUANBAJO,34,10083.0,10083.0,0.0,10085.0,1756.0
550,KM.EGON,BONTANG,17,10040.0,10040.0,0.0,10042.0,1884.0
543,KM.LAMBELU,BALIKPAPAN,5,10043.0,10043.0,0.0,10045.0,1911.0
559,KM.TIDAR,AMBON,2,10002.0,10033.98,0.0,10049.98,1777.9799999999996
554,KM.TATAMAILAU,MERAUKE,43,9792.0,9792.0,0.0,9804.0,1568.0
552,KM.BUKITSIGUNTANG,MAUMERE,42,10061.0,10061.0,0.0,10063.0,1888.0
560,KM.CIREMAI,BIAK,13,10052.0,10076.0,0.0,10078.0,1710.0
555,KM.SINABUNG,SORONG,61,10075.0,10075.0,0.0,10078.0,1763.0
557,KM.GUNUNGDEMPO,WASIOR,76,10005.0,10049.0,0.0,10050.0,1711.0
557,KM.GUNUNGDEMPO,MANOKWARI,41,10057.0,10060.0,0.0,10064.0,1714.0
564,KM.LAWIT,KUMAI,32,9900.98,9900.98,0.0,9902.98,1628.9799999999996
549,KM.KELUD,TANJUNGBALAIKARIMUN,63,9836.0,9836.0,0.0,9837.0,1763.0
540,KM.DOBONSOLO,MANOKWARI,41,10086.0,10086.0,0.0,10088.0,1996.0
560,KM.CIREMAI,SERUI,60,10084.0,10084.0,-4.3653969328261155e-13,10085.98,1710.0
561,KM.BINAIYA,BIMA,14,10093.0,10093.0,0.0,10094.0,1756.0
544,KM.NGGAPULU,BITUNG,15,9977.98,10029.0,-4.3653969328261155e-13,10032.98,1873.0
545,KM.TILONGKABILA,KENDARI,30,10077.0,10077.0,0.0,10081.0,1938.0
547,KM.DOROLONDA,BANDA,6,10008.0,10008.0,0.0,10010.0,1859.0
560,KM.CIREMAI,JAYAPURA,26,10104.0,10104.0,0.0,10109.0,1710.0
565,KFC.JETLINER,WANCI,74,9862.0,9992.98,0.0,9994.98,1778.9799999999996
566,KM.LABOBAR,SORONG,61,10065.0,10065.0,0.0,10068.0,1535.0
548,KM.LABOBAR,SERUI,60,10057.0,10085.98,0.0,10087.98,2009.9799999999996
560,KM.CIREMAI,SERUI,60,10127.0,10127.0,0.0,10129.0,1710.0
557,KM.GUNUNGDEMPO,SORONG,61,10076.0,10076.0,0.0,10079.0,1714.0
547,KM.DOROLONDA,TUAL,71,10021.0,10021.0,0.0,10025.0,1859.0
567,KM.SANGIANG,NAMLEA,46,9981.0,9995.0,0.0,10002.0,1513.0
550,KM.EGON,PAREPARE,51,10066.0,10066.0,0.0,10069.0,1884.0
558,KM.BUKITRAYA,MIDAI,44,9957.0,9957.0,0.0,9958.0,1637.0
545,KM.TILONGKABILA,RAHA,53,10088.0,10088.0,0.0,10089.0,1938.0
553,KFC.JETLINER,WANCI,74,10002.0,10002.0,0.0,10004.0,1907.0
552,KM.BUKITSIGUNTANG,MAKASSAR,40,10081.0,10081.0,0.0,10085.0,1888.0
558,KM.BUKITRAYA,NATUNA,48,9962.0,9962.0,0.0,9964.0,1637.0
568,KM.LAMBELU,LARANTUKA,35,10033.0,10033.0,0.0,10035.0,1612.0
540,KM.DOBONSOLO,SORONG,61,10103.0,10103.0,0.0,10106.0,1996.0
541,KM.SANGIANG,GESER,23,9987.0,9987.0,0.0,9989.0,1893.0
561,KM.BINAIYA,BENOA,12,10117.0,10117.0,0.0,10121.0,1756.0
544,KM.NGGAPULU,JAILOLO,25,10043.0,10043.0,0.0,10045.0,1873.0
543,KM.LAMBELU,PANTOLOAN,50,10058.0,10058.0,0.0,10060.0,1911.0
548,KM.LABOBAR,JAYAPURA,26,10106.98,10109.0,0.0,10114.0,2012.0
559,KM.TIDAR,NAMLEA,46,10055.98,10055.98,-4.3653969328261155e-13,10057.96,1777.9799999999996
548,KM.LABOBAR,SERUI,60,10133.0,10133.0,0.0,10136.0,2012.0
546,KM.AWU,KUPANG,33,10003.98,10031.98,0.0,10036.98,1908.9799999999996
559,KM.TIDAR,BAUBAU,10,10082.98,10082.98,0.0,10084.98,1777.9799999999996
540,KM.DOBONSOLO,AMBON,2,10128.0,10128.0,0.0,10131.0,1996.0
552,KM.BUKITSIGUNTANG,PAREPARE,51,10090.0,10090.0,0.0,10093.0,1888.0
545,KM.TILONGKABILA,BAUBAU,10,10094.0,10094.0,0.0,10096.0,1938.0
552,KM.BUKITSIGUNTANG,BALIKPAPAN,5,10109.0,10109.0,0.0,10111.0,1888.0
564,KM.LAWIT,SEMARANG,58,9927.98,9927.98,0.0,9930.98,1628.9799999999996
552,KM.BUKITSIGUNTANG,TARAKAN,66,10135.0,10135.0,0.0,10139.0,1888.0
546,KM.AWU,ENDE,21,10049.98,10049.98,0.0,10051.98,1908.9799999999996
564,KM.LAWIT,KARIMUNJAWA,29,9937.98,9937.98,0.0,9940.98,1628.9799999999996
560,KM.CIREMAI,BIAK,13,10136.0,10136.0,0.0,10138.0,1710.0
548,KM.LABOBAR,NABIRE,45,10143.0,10143.0,0.0,10146.0,2012.0
545,KM.TILONGKABILA,MAKASSAR,40,10118.0,10118.0,0.0,10123.0,1938.0
546,KM.AWU,WAINGAPU,73,10060.98,10062.98,0.0,10065.98,1910.9799999999996
539,KFC.JETLINER,KENDARI,30,10000.0,10081.0,0.0,10100.0,2139.0
568,KM.LAMBELU,KUPANG,33,10043.0,10043.0,0.0,10047.0,1612.0
543,KM.LAMBELU,TARAKAN,66,10080.0,10139.0,0.0,10143.0,1970.0
561,KM.BINAIYA,WAINGAPU,73,10154.0,10154.0,-4.3653969328261155e-13,10155.98,1756.0
552,KM.BUKITSIGUNTANG,NUNUKAN,49,10145.0,10145.0,0.0,10147.0,1888.0
539,KFC.JETLINER,WANCI,74,10113.0,10113.0,0.0,10115.0,2139.0
540,KM.DOBONSOLO,BAUBAU,10,10158.0,10158.0,0.0,10160.0,1996.0
541,KM.SANGIANG,BANDA,6,9998.0,10010.0,0.0,10012.0,1905.0
562,KM.PANGRANGO,BANDA,6,10055.0,10055.0,0.0,10057.0,1694.0
545,KM.TILONGKABILA,LABUANBAJO,34,10141.0,10141.0,0.0,10143.0,1938.0
568,KM.LAMBELU,LARANTUKA,35,10055.0,10055.0,0.0,10057.0,1612.0
559,KM.TIDAR,MAKASSAR,40,10101.98,10101.98,-4.3653969328261155e-13,10105.96,1777.9799999999996
563,KM.KELUD,BELAWAN,11,9796.0,9813.0,0.0,9834.0,1616.0
544,KM.NGGAPULU,TERNATE,68,10047.0,10047.0,0.0,10049.0,1873.0
552,KM.BUKITSIGUNTANG,BALIKPAPAN,5,10174.0,10174.0,0.0,10176.0,1888.0
558,KM.BUKITRAYA,TAREMPA,67,9975.0,9975.0,0.0,9976.0,1637.0
558,KM.BUKITRAYA,LETUNG,37,9980.0,9980.0,0.0,9981.0,1637.0
550,KM.EGON,BATULICIN,9,10090.0,10090.0,0.0,10093.0,1884.0
557,KM.GUNUNGDEMPO,AMBON,2,10099.0,10099.0,0.0,10102.0,1714.0
545,KM.TILONGKABILA,BIMA,14,10150.0,10150.0,0.0,10152.0,1938.0
567,KM.SANGIANG,SANANA,56,10015.0,10015.0,0.0,10017.0,1513.0
562,KM.PANGRANGO,SAUMLAKI,57,10087.0,10087.0,0.0,10091.0,1694.0
565,KFC.JETLINER,KENDARI,30,10007.98,10100.0,0.0,10102.0,1871.0
547,KM.DOROLONDA,DOBO,20,10032.0,10032.0,0.0,10035.0,1859.0
552,KM.BUKITSIGUNTANG,PAREPARE,51,10192.0,10192.0,0.0,10195.0,1888.0
551,KM.LEUSER,AMBON,2,10102.98,10102.98,0.0,10105.98,1890.9799999999996
567,KM.SANGIANG,BACAN,4,10038.0,10038.0,0.0,10040.0,1513.0
555,KM.SINABUNG,AMBON,2,10099.0,10105.98,0.0,10108.98,1769.9799999999996
547,KM.DOROLONDA,KAIMANA,27,10043.0,10043.0,0.0,10045.0,1859.0
566,KM.LABOBAR,AMBON,2,10089.0,10108.98,0.0,10111.98,1554.9799999999996
550,KM.EGON,SURABAYA,62,10118.0,10118.0,0.0,10122.0,1884.0
553,KFC.JETLINER,KENDARI,30,10017.0,10102.0,0.0,10121.0,1992.0
564,KM.LAWIT,SEMARANG,58,9946.98,9946.98,0.0,9949.98,1628.9799999999996
559,KM.TIDAR,SURABAYA,62,10136.98,10136.98,0.0,10138.98,1777.9799999999996
548,KM.LABOBAR,MANOKWARI,41,10156.0,10156.0,0.0,10158.0,2012.0
547,KM.DOROLONDA,FAKFAK,22,10056.0,10056.0,0.0,10060.0,1859.0
559,KM.TIDAR,TANJUNGPRIOK,65,10167.98,10167.98,0.0,10169.98,1777.9799999999996
549,KM.KELUD,BATAM,8,9840.0,9840.0,0.0,9843.0,1763.0
565,KFC.JETLINER,RAHA,53,10110.0,10110.0,0.0,10111.0,1871.0
551,KM.LEUSER,NAMROLE,47,10115.98,10115.98,0.0,10117.98,1890.9799999999996
543,KM.LAMBELU,NUNUKAN,49,10149.0,10149.0,0.0,10152.0,1970.0
547,KM.DOROLONDA,KAIMANA,27,10071.0,10071.0,0.0,10073.0,1859.0
541,KM.SANGIANG,AMBON,2,10029.0,10111.98,-4.369837824924616e-13,10123.96,1987.9799999999996
564,KM.LAWIT,SAMPIT,55,9983.98,9983.98,0.0,10002.98,1628.9799999999996
566,KM.LABOBAR,TERNATE,68,10130.98,10130.98,0.0,10132.98,1554.9799999999996
558,KM.BUKITRAYA,KIJANG,31,9995.0,9995.0,0.0,9998.0,1637.0
548,KM.LABOBAR,SORONG,61,10171.0,10171.0,0.0,10173.0,2012.0
560,KM.CIREMAI,NABIRE,45,10147.0,10147.0,0.0,10149.0,1710.0
546,KM.AWU,BIMA,14,10079.98,10152.0,0.0,10154.0,1983.0
568,KM.LAMBELU,MAUMERE,42,10063.0,10063.0,0.0,10065.0,1612.0
554,KM.TATAMAILAU,AGATS,1,9840.0,9840.0,0.0,9846.0,1568.0
563,KM.KELUD,TANJUNGBALAIKARIMUN,63,9857.0,9857.0,0.0,9858.0,1616.0
568,KM.LAMBELU,BAUBAU,10,10078.0,10096.0,0.0,10099.0,1630.0
551,KM.LEUSER,WANCI,74,10137.98,10137.98,0.0,10138.98,1890.9799999999996
568,KM.LAMBELU,MAKASSAR,40,10115.0,10115.0,0.0,10118.0,1630.0
560,KM.CIREMAI,MANOKWARI,41,10159.0,10159.0,0.0,10162.0,1710.0
555,KM.SINABUNG,BAUBAU,10,10135.98,10135.98,0.0,10137.98,1769.9799999999996
560,KM.CIREMAI,SORONG,61,10174.0,10174.0,0.0,10177.0,1710.0
568,KM.LAMBELU,PAREPARE,51,10124.0,10195.0,0.0,10198.0,1701.0
543,KM.LAMBELU,BALIKPAPAN,5,10179.0,10179.0,0.0,10181.0,1970.0
560,KM.CIREMAI,AMBON,2,10196.0,10196.0,0.0,10199.0,1710.0
564,KM.LAWIT,SURABAYA,62,10029.98,10122.0,0.0,10124.0,1721.0
541,KM.SANGIANG,NAMLEA,46,10133.98,10133.98,0.0,10140.98,1987.9799999999996
568,KM.LAMBELU,BALIKPAPAN,5,10214.0,10214.0,0.0,10217.0,1701.0
566,KM.LABOBAR,BITUNG,15,10140.98,10140.98,0.0,10144.98,1554.9799999999996
568,KM.LAMBELU,PANTOLOAN,50,10230.0,10230.0,0.0,10232.0,1701.0
556,KM.WILIS,LABUANBAJO,34,10094.98,10143.0,0.0,10144.0,1810.0
568,KM.LAMBELU,TARAKAN,66,10251.0,10251.0,0.0,10253.0,1701.0
546,KM.AWU,BENOA,12,10175.0,10175.0,0.0,10179.0,1983.0
544,KM.NGGAPULU,AMBON,2,10070.0,10131.0,0.0,10134.0,1934.0
551,KM.LEUSER,BAUBAU,10,10146.98,10146.98,0.0,10148.98,1890.9799999999996
545,KM.TILONGKABILA,LEMBAR,36,10170.0,10170.0,0.0,10172.0,1938.0
562,KM.PANGRANGO,BANDA,6,10119.0,10119.0,0.0,10121.0,1694.0
544,KM.NGGAPULU,NAMLEA,46,10139.0,10140.98,0.0,10142.98,1935.9799999999996
568,KM.LAMBELU,NUNUKAN,49,10259.0,10259.0,0.0,10261.0,1701.0
551,KM.LEUSER,MAKASSAR,40,10171.98,10171.98,0.0,10174.98,1890.9799999999996
551,KM.LEUSER,LABUANBAJO,34,10194.98,10194.98,0.0,10196.98,1890.9799999999996
544,KM.NGGAPULU,BAUBAU,10,10164.98,10164.98,0.0,10166.98,1935.9799999999996
568,KM.LAMBELU,BALIKPAPAN,5,10288.0,10288.0,0.0,10291.0,1701.0
553,KFC.JETLINER,WANCI,74,10134.0,10138.98,0.0,10140.98,1996.9799999999996
563,KM.KELUD,BATAM,8,9861.0,9861.0,0.0,9864.0,1616.0
561,KM.BINAIYA,ENDE,21,10165.0,10165.0,0.0,10167.0,1756.0
560,KM.CIREMAI,BAUBAU,10,10222.0,10222.0,0.0,10224.0,1710.0
554,KM.TATAMAILAU,TIMIKA,70,9858.0,9858.0,0.0,9860.0,1568.0
547,KM.DOROLONDA,DOBO,20,10082.0,10082.0,0.0,10084.0,1859.0
565,KFC.JETLINER,KENDARI,30,10119.0,10121.0,0.0,10123.0,1873.0
558,KM.BUKITRAYA,BLINYU,16,10014.0,10014.0,0.0,10015.0,1637.0
556,KM.WILIS,MAKASSAR,40,10168.0,10168.0,0.0,10171.0,1810.0
550,KM.EGON,LEMBAR,36,10145.0,10172.0,0.0,10174.0,1911.0
554,KM.TATAMAILAU,DOBO,20,9877.0,10084.0,0.0,10086.0,1775.0
541,KM.SANGIANG,SANANA,56,10153.98,10153.98,0.0,10155.98,1987.9799999999996
540,KM.DOBONSOLO,MAKASSAR,40,10176.0,10176.0,0.0,10179.0,1996.0
543,KM.LAMBELU,PAREPARE,51,10197.0,10198.0,0.0,10200.0,1971.0
565,KFC.JETLINER,WANCI,74,10136.0,10140.98,0.0,10142.98,1877.9799999999996
544,KM.NGGAPULU,MAKASSAR,40,10181.98,10181.98,0.0,10183.98,1935.9799999999996
551,KM.LEUSER,BIMA,14,10204.98,10204.98,0.0,10206.98,1890.9799999999996
567,KM.SANGIANG,TERNATE,68,10052.0,10132.98,0.0,10135.98,1593.9799999999996
540,KM.DOBONSOLO,SURABAYA,62,10208.0,10208.0,0.0,10210.0,1996.0
554,KM.TATAMAILAU,TUAL,71,10096.0,10096.0,0.0,10099.0,1775.0
554,KM.TATAMAILAU,SAUMLAKI,57,10119.0,10119.0,0.0,10121.0,1775.0
546,KM.AWU,SURABAYA,62,10207.0,10207.0,0.0,10211.0,1983.0
555,KM.SINABUNG,MAKASSAR,40,10153.98,10179.0,0.0,10181.0,1795.0
547,KM.DOROLONDA,TUAL,71,10091.0,10099.0,0.0,10103.0,1867.0
557,KM.GUNUNGDEMPO,MAKASSAR,40,10137.0,10181.0,0.0,10183.0,1758.0
566,KM.LABOBAR,PANTOLOAN,50,10174.98,10232.0,0.0,10235.0,1612.0
542,KM.BUKITRAYA,SERASAN,59,9767.0,9949.0,0.0,9951.0,1942.0
547,KM.DOROLONDA,BANDA,6,10114.0,10121.0,0.0,10122.0,1874.0
542,KM.BUKITRAYA,PONTIANAK,52,9970.0,9970.0,0.0,9972.0,1942.0
561,KM.BINAIYA,KUPANG,33,10180.0,10180.0,0.0,10184.0,1756.0
551,KM.LEUSER,BENOA,12,10230.98,10230.98,0.0,10232.98,1890.9799999999996
541,KM.SANGIANG,BACAN,4,10176.98,10176.98,0.0,10178.98,1987.9799999999996
560,KM.CIREMAI,MAKASSAR,40,10237.0,10237.0,0.0,10240.0,1710.0
557,KM.GUNUNGDEMPO,SURABAYA,62,10209.0,10210.0,0.0,10212.0,1759.0
541,KM.SANGIANG,TERNATE,68,10190.98,10190.98,0.0,10193.98,1987.9799999999996
554,KM.TATAMAILAU,AMBON,2,10151.0,10151.0,0.0,10154.0,1775.0
560,KM.CIREMAI,SURABAYA,62,10266.0,10266.0,0.0,10268.0,1710.0
561,KM.BINAIYA,ENDE,21,10197.0,10197.0,0.0,10199.0,1756.0
554,KM.TATAMAILAU,TERNATE,68,10181.0,10193.98,0.0,10194.98,1787.9799999999996
544,KM.NGGAPULU,SURABAYA,62,10212.98,10212.98,0.0,10214.98,1935.9799999999996
565,KFC.JETLINER,KENDARI,30,10155.98,10155.98,0.0,10174.98,1877.9799999999996
566,KM.LABOBAR,BALIKPAPAN,5,10247.0,10291.0,0.0,10294.0,1656.0
565,KFC.JETLINER,WANCI,74,10187.98,10187.98,0.0,10189.98,1877.9799999999996
561,KM.BINAIYA,WAINGAPU,73,10208.0,10208.0,0.0,10210.0,1756.0
568,KM.LAMBELU,PAREPARE,51,10307.0,10307.0,0.0,10309.0,1701.0
548,KM.LABOBAR,TERNATE,68,10192.0,10194.98,0.0,10197.98,2014.9799999999996
566,KM.LABOBAR,SURABAYA,62,10323.0,10323.0,0.0,10326.0,1656.0
572,KM.DOROLONDA,AMBON,2,8257.0,10154.0,0.0,10164.0,1897.0
583,KFC.JETLINER,KENDARI,30,8493.0,10174.98,0.0,10184.98,1681.9799999999996
577,KFC.JETLINER,KENDARI,30,8325.0,10184.98,0.0,10194.98,1859.9799999999996
583,KFC.JETLINER,WANCI,74,10197.98,10197.98,0.0,10199.98,1681.9799999999996
578,KM.KELIMUTU,TANJUNGPRIOK,65,8333.0,9872.0,0.0,9886.0,1539.0
580,KM.BUKITRAYA,TANJUNGPRIOK,65,8406.0,9886.0,0.0,9893.0,1480.0
583,KFC.JETLINER,KENDARI,30,10212.98,10212.98,0.0,10218.98,1681.9799999999996
574,KM.EGON,WAINGAPU,73,8289.0,10210.0,0.0,10220.0,1921.0
580,KM.BUKITRAYA,BLINYU,16,9921.0,10015.0,0.0,10016.0,1574.0
578,KM.KELIMUTU,TANJUNGPANDAN,64,9905.0,9905.0,0.0,9907.0,1539.0
570,KM.DOBONSOLO,TANJUNGPRIOK,65,8240.0,9893.0,0.0,9904.0,1653.0
582,KM.KELUD,TANJUNGPRIOK,65,8430.0,9904.0,0.0,9915.0,1474.0
572,KM.DOROLONDA,TUAL,71,10184.0,10184.0,0.0,10187.0,1897.0
571,KM.AWU,KUMAI,32,8256.0,9902.98,0.0,9917.98,1646.9799999999996
579,KM.WILIS,BATULICIN,9,8391.0,10093.0,0.0,10118.0,1702.0
581,KM.TIDAR,KIJANG,31,8426.0,9998.0,0.0,10001.0,1572.0
570,KM.DOBONSOLO,SURABAYA,62,9931.0,10268.0,0.0,10272.0,1990.0
582,KM.KELUD,BATAM,8,9947.0,9947.0,0.0,9951.0,1474.0
582,KM.KELUD,TANJUNGBALAIKARIMUN,63,9954.0,9954.0,0.0,9955.0,1474.0
578,KM.KELIMUTU,KIJANG,31,9937.0,10001.0,0.0,10004.0,1603.0
572,KM.DOROLONDA,DOBO,20,10194.0,10194.0,0.0,10197.0,1897.0
580,KM.BUKITRAYA,KIJANG,31,10031.0,10031.0,0.0,10034.0,1574.0
578,KM.KELIMUTU,LETUNG,37,10019.0,10019.0,0.0,10020.0,1603.0
575,KM.NGGAPULU,TANJUNGPRIOK,65,8304.0,9915.0,0.0,9936.0,1611.0
570,KM.DOBONSOLO,MAKASSAR,40,10302.0,10302.0,0.0,10306.0,1990.0
575,KM.NGGAPULU,BATAM,8,9971.0,9971.0,0.0,9975.0,1611.0
573,KM.KELUD,TANJUNGPRIOK,65,8280.0,9936.0,0.0,9957.0,1656.0
581,KM.TIDAR,TANJUNGPRIOK,65,10036.0,10036.0,-4.369837824924616e-13,10043.98,1572.0
578,KM.KELIMUTU,TAREMPA,67,10025.0,10025.0,-4.3653969328261155e-13,10026.98,1603.0
576,KM.BUKITSIGUNTANG,MAKASSAR,40,8312.0,10240.0,0.0,10260.0,1928.0
577,KFC.JETLINER,WANCI,74,10207.98,10207.98,0.0,10209.98,1859.9799999999996
574,KM.EGON,LEMBAR,36,10249.0,10249.0,0.0,10252.0,1921.0
570,KM.DOBONSOLO,BAUBAU,10,10323.0,10323.0,0.0,10325.0,1990.0
569,KM.TILONGKABILA,BENOA,12,8240.0,10232.98,0.0,10257.98,1992.9799999999996
576,KM.BUKITSIGUNTANG,PAREPARE,51,10265.0,10309.0,0.0,10313.0,1972.0
569,KM.TILONGKABILA,LEMBAR,36,10263.98,10263.98,0.0,10265.98,1992.9799999999996
571,KM.AWU,SURABAYA,62,9945.98,10272.0,0.0,10279.0,1973.0
583,KFC.JETLINER,WANCI,74,10231.98,10231.98,0.0,10233.98,1681.9799999999996
577,KFC.JETLINER,KENDARI,30,10222.98,10222.98,0.0,10228.98,1859.9799999999996
580,KM.BUKITRAYA,LETUNG,37,10047.0,10047.0,0.0,10048.0,1574.0
582,KM.KELUD,BELAWAN,11,9978.0,9978.0,0.0,9982.0,1474.0
577,KFC.JETLINER,WANCI,74,10241.98,10241.98,0.0,10243.98,1859.9799999999996
578,KM.KELIMUTU,NATUNA,48,10039.0,10039.0,0.0,10042.0,1603.0
577,KFC.JETLINER,KENDARI,30,10256.98,10256.98,0.0,10258.98,1859.9799999999996
570,KM.DOBONSOLO,AMBON,2,10352.0,10352.0,0.0,10355.0,1990.0
579,KM.WILIS,MAKASSAR,40,10148.0,10260.0,0.0,10266.0,1814.0
570,KM.DOBONSOLO,SORONG,61,10378.0,10378.0,0.0,10381.0,1990.0
570,KM.DOBONSOLO,MANOKWARI,41,10396.0,10396.0,0.0,10398.0,1990.0
579,KM.WILIS,LABUANBAJO,34,10291.0,10291.0,0.0,10292.0,1814.0
573,KM.KELUD,BATAM,8,9989.0,9989.0,0.0,9993.0,1656.0
569,KM.TILONGKABILA,BIMA,14,10283.98,10283.98,0.0,10287.98,1992.9799999999996
583,KFC.JETLINER,KENDARI,30,10246.98,10258.98,0.0,10260.98,1693.9799999999996
577,KFC.JETLINER,RAHA,53,10266.98,10266.98,0.0,10267.98,1859.9799999999996
580,KM.BUKITRAYA,TAREMPA,67,10052.0,10052.0,0.0,10054.0,1574.0
583,KFC.JETLINER,RAHA,53,10268.98,10268.98,0.0,10269.98,1693.9799999999996
579,KM.WILIS,BIMA,14,10302.0,10302.0,0.0,10304.0,1814.0
574,KM.EGON,SURABAYA,62,10274.0,10279.0,0.0,10284.0,1926.0
573,KM.KELUD,TANJUNGBALAIKARIMUN,63,9996.0,9996.0,0.0,9997.0,1656.0
576,KM.BUKITSIGUNTANG,BALIKPAPAN,5,10328.0,10328.0,0.0,10335.0,1972.0
578,KM.KELIMUTU,MIDAI,44,10047.0,10047.0,0.0,10049.0,1603.0
581,KM.TIDAR,SURABAYA,62,10073.0,10284.0,0.0,10288.0,1783.0
569,KM.TILONGKABILA,LABUANBAJO,34,10294.98,10294.98,-4.3653969328261155e-13,10296.96,1992.9799999999996
570,KM.DOBONSOLO,BIAK,13,10407.0,10407.0,0.0,10409.0,1990.0
582,KM.KELUD,BATAM,8,10005.0,10005.0,0.0,10008.0,1474.0
581,KM.TIDAR,MAKASSAR,40,10320.0,10320.0,0.0,10323.0,1783.0
574,KM.EGON,BATULICIN,9,10312.0,10312.0,0.0,10316.0,1926.0
571,KM.AWU,BENOA,12,10306.0,10306.0,0.0,10311.0,1973.0
576,KM.BUKITSIGUNTANG,TARAKAN,66,10360.0,10360.0,0.0,10364.0,1972.0
569,KM.TILONGKABILA,MAKASSAR,40,10314.98,10314.98,0.0,10319.98,1992.9799999999996
569,KM.TILONGKABILA,BAUBAU,10,10340.98,10340.98,0.0,10342.98,1992.9799999999996
579,KM.WILIS,WAIKELO,72,10316.0,10316.0,0.0,10317.0,1814.0
580,KM.BUKITRAYA,NATUNA,48,10065.0,10065.0,0.0,10068.0,1574.0
570,KM.DOBONSOLO,JAYAPURA,26,10430.0,10430.0,0.0,10434.0,1990.0
576,KM.BUKITSIGUNTANG,NUNUKAN,49,10370.0,10370.0,0.0,10373.0,1972.0
572,KM.DOROLONDA,KAIMANA,27,10206.0,10206.0,0.0,10208.0,1897.0
574,KM.EGON,PAREPARE,51,10338.0,10338.0,0.0,10340.0,1926.0
581,KM.TIDAR,BAUBAU,10,10339.0,10339.0,0.0,10341.0,1783.0
581,KM.TIDAR,MAUMERE,42,10355.0,10355.0,0.0,10357.0,1783.0
572,KM.DOROLONDA,FAKFAK,22,10218.0,10218.0,0.0,10221.0,1897.0
572,KM.DOROLONDA,SORONG,61,10235.0,10235.0,0.0,10238.0,1897.0
579,KM.WILIS,WAINGAPU,73,10326.0,10326.0,0.0,10330.0,1814.0
570,KM.DOBONSOLO,SERUI,60,10456.0,10456.0,0.0,10458.0,1990.0
571,KM.AWU,BIMA,14,10332.0,10332.0,0.0,10334.0,1973.0
579,KM.WILIS,ENDE,21,10341.0,10341.0,0.0,10343.0,1814.0
577,KFC.JETLINER,KENDARI,30,10275.98,10275.98,0.0,10277.98,1859.9799999999996
581,KM.TIDAR,LARANTUKA,35,10363.0,10363.0,0.0,10364.0,1783.0
569,KM.TILONGKABILA,RAHA,53,10346.98,10346.98,0.0,10348.98,1992.9799999999996
571,KM.AWU,WAINGAPU,73,10348.0,10348.0,0.0,10351.0,1973.0
572,KM.DOROLONDA,FAKFAK,22,10251.0,10251.0,0.0,10254.0,1897.0
571,KM.AWU,ENDE,21,10360.0,10360.0,0.0,10362.0,1973.0
572,KM.DOROLONDA,KAIMANA,27,10264.0,10264.0,0.0,10266.0,1897.0
576,KM.BUKITSIGUNTANG,BALIKPAPAN,5,10400.0,10400.0,0.0,10402.0,1972.0
578,KM.KELIMUTU,SERASAN,59,10058.0,10058.0,0.0,10060.0,1603.0
571,KM.AWU,KUPANG,33,10375.0,10375.0,0.0,10380.0,1973.0
572,KM.DOROLONDA,DOBO,20,10275.0,10275.0,0.0,10277.0,1897.0
569,KM.TILONGKABILA,KENDARI,30,10354.98,10354.98,0.0,10358.98,1992.9799999999996
579,KM.WILIS,KUPANG,33,10359.0,10359.0,0.0,10367.0,1814.0
581,KM.TIDAR,LEWOLEBA,38,10367.0,10367.0,0.0,10368.0,1783.0
581,KM.TIDAR,KUPANG,33,10376.0,10376.0,0.0,10380.0,1783.0
574,KM.EGON,BONTANG,17,10365.0,10365.0,0.0,10368.0,1926.0
581,KM.TIDAR,LEWOLEBA,38,10388.0,10388.0,0.0,10389.0,1783.0
573,KM.KELUD,BELAWAN,11,10020.0,10020.0,0.0,10024.0,1656.0
583,KFC.JETLINER,KENDARI,30,10277.98,10358.98,0.0,10360.98,1774.9799999999996
582,KM.KELUD,BELAWAN,11,10031.0,10031.0,0.0,10051.0,1474.0
583,KFC.JETLINER,WANCI,74,10373.98,10373.98,0.0,10375.98,1774.9799999999996
575,KM.NGGAPULU,BELAWAN,11,10000.0,10051.0,0.0,10055.0,1662.0
581,KM.TIDAR,LARANTUKA,35,10392.0,10392.0,0.0,10393.0,1783.0
570,KM.DOBONSOLO,BIAK,13,10467.0,10467.0,0.0,10469.0,1990.0
569,KM.TILONGKABILA,LUWUK,39,10375.98,10375.98,0.0,10378.98,1992.9799999999996
570,KM.DOBONSOLO,JAYAPURA,26,10490.0,10490.0,0.0,10495.0,1990.0
570,KM.DOBONSOLO,SERUI,60,10517.0,10517.0,0.0,10519.0,1990.0
582,KM.KELUD,BATAM,8,10074.0,10074.0,0.0,10077.0,1474.0
576,KM.BUKITSIGUNTANG,PAREPARE,51,10417.0,10417.0,0.0,10419.0,1972.0
569,KM.TILONGKABILA,GORONTALO,24,10389.98,10389.98,0.0,10391.98,1992.9799999999996
576,KM.BUKITSIGUNTANG,MAKASSAR,40,10424.0,10424.0,0.0,10427.0,1972.0
574,KM.EGON,PAREPARE,51,10394.0,10419.0,0.0,10422.0,1951.0
569,KM.TILONGKABILA,BITUNG,15,10406.98,10406.98,0.0,10419.98,1992.9799999999996
574,KM.EGON,BATULICIN,9,10443.0,10443.0,-4.3653969328261155e-13,10446.98,1951.0
579,KM.WILIS,KALABAHI,28,10384.0,10384.0,0.0,10396.0,1814.0
572,KM.DOROLONDA,TUAL,71,10284.0,10284.0,0.0,10287.0,1897.0
571,KM.AWU,KALABAHI,28,10394.0,10396.0,0.0,10400.0,1975.0
579,KM.WILIS,KUPANG,33,10412.0,10412.0,0.0,10420.0,1814.0
576,KM.BUKITSIGUNTANG,MAUMERE,42,10445.0,10445.0,0.0,10447.0,1972.0
571,KM.AWU,KUPANG,33,10414.0,10414.0,0.0,10419.0,1975.0
582,KM.KELUD,BELAWAN,11,10100.0,10100.0,0.0,10104.0,1474.0
580,KM.BUKITRAYA,MIDAI,44,10072.0,10072.0,0.0,10074.0,1574.0
578,KM.KELIMUTU,PONTIANAK,52,10080.0,10080.0,0.0,10083.0,1603.0
578,KM.KELIMUTU,SEMARANG,58,10124.0,10124.0,0.0,10133.0,1603.0
570,KM.DOBONSOLO,BIAK,13,10527.0,10527.0,0.0,10529.0,1990.0
575,KM.NGGAPULU,BATAM,8,10080.0,10080.0,0.0,10098.0,1662.0
579,KM.WILIS,ENDE,21,10436.0,10436.0,0.0,10438.0,1814.0
576,KM.BUKITSIGUNTANG,LEWOLEBA,38,10453.0,10453.0,0.0,10455.0,1972.0
570,KM.DOBONSOLO,MANOKWARI,41,10539.0,10539.0,0.0,10541.0,1990.0
578,KM.KELIMUTU,PONTIANAK,52,10179.0,10179.0,0.0,10182.0,1603.0
569,KM.TILONGKABILA,GORONTALO,24,10434.98,10434.98,0.0,10436.98,1992.9799999999996
580,KM.BUKITRAYA,SERASAN,59,10082.0,10082.0,0.0,10084.0,1574.0
577,KFC.JETLINER,WANCI,74,10290.98,10375.98,0.0,10377.98,1944.9799999999996
571,KM.AWU,ENDE,21,10432.0,10438.0,0.0,10440.0,1981.0
583,KFC.JETLINER,KENDARI,30,10388.98,10388.98,0.0,10407.98,1774.9799999999996
580,KM.BUKITRAYA,PONTIANAK,52,10101.0,10182.0,0.0,10184.0,1655.0
576,KM.BUKITSIGUNTANG,KUPANG,33,10462.0,10462.0,0.0,10466.0,1972.0
578,KM.KELIMUTU,SERASAN,59,10199.0,10199.0,0.0,10201.0,1603.0
569,KM.TILONGKABILA,LUWUK,39,10447.98,10447.98,0.0,10449.98,1992.9799999999996
580,KM.BUKITRAYA,SERASAN,59,10201.0,10201.0,0.0,10203.0,1655.0
573,KM.KELUD,TANJUNGBALAIKARIMUN,63,10047.0,10047.0,0.0,10048.0,1656.0
581,KM.TIDAR,MAUMERE,42,10399.0,10447.0,0.0,10449.0,1831.0
579,KM.WILIS,WAINGAPU,73,10449.0,10449.0,0.0,10451.0,1814.0
576,KM.BUKITSIGUNTANG,LEWOLEBA,38,10473.0,10473.0,0.0,10475.0,1972.0
576,KM.BUKITSIGUNTANG,MAUMERE,42,10481.0,10481.0,0.0,10483.0,1972.0
580,KM.BUKITRAYA,MIDAI,44,10211.0,10211.0,0.0,10212.0,1655.0
577,KFC.JETLINER,KENDARI,30,10390.98,10407.98,0.0,10426.98,1961.9799999999996
576,KM.BUKITSIGUNTANG,MAKASSAR,40,10501.0,10501.0,0.0,10505.0,1972.0
575,KM.NGGAPULU,BELAWAN,11,10123.0,10123.0,0.0,10128.0,1662.0
581,KM.TIDAR,BAUBAU,10,10462.0,10462.0,0.0,10465.0,1831.0
578,KM.KELIMUTU,MIDAI,44,10210.0,10212.0,0.0,10213.0,1605.0
577,KFC.JETLINER,WANCI,74,10439.98,10439.98,0.0,10441.98,1961.9799999999996
581,KM.TIDAR,MAKASSAR,40,10482.0,10482.0,0.0,10486.0,1831.0
576,KM.BUKITSIGUNTANG,PAREPARE,51,10510.0,10510.0,0.0,10513.0,1972.0
572,KM.DOROLONDA,AMBON,2,10307.0,10307.0,0.0,10310.0,1897.0
576,KM.BUKITSIGUNTANG,BALIKPAPAN,5,10529.0,10529.0,0.0,10531.0,1972.0
574,KM.EGON,SURABAYA,62,10473.0,10473.0,0.0,10477.0,1951.0
580,KM.BUKITRAYA,NATUNA,48,10216.0,10216.0,0.0,10218.0,1655.0
581,KM.TIDAR,SURABAYA,62,10517.0,10517.0,-4.3653969328261155e-13,10518.98,1831.0
569,KM.TILONGKABILA,KENDARI,30,10467.98,10467.98,0.0,10471.98,1992.9799999999996
570,KM.DOBONSOLO,SORONG,61,10556.0,10556.0,0.0,10559.0,1990.0
569,KM.TILONGKABILA,RAHA,53,10478.98,10478.98,0.0,10479.98,1992.9799999999996
578,KM.KELIMUTU,NATUNA,48,10218.0,10218.0,0.0,10220.0,1605.0
571,KM.AWU,WAINGAPU,73,10449.0,10451.0,0.0,10454.0,1983.0
569,KM.TILONGKABILA,BAUBAU,10,10484.98,10484.98,0.0,10486.98,1992.9799999999996
571,KM.AWU,BIMA,14,10468.0,10468.0,0.0,10470.0,1983.0
576,KM.BUKITSIGUNTANG,TARAKAN,66,10555.0,10555.0,0.0,10559.0,1972.0
575,KM.NGGAPULU,TANJUNGBALAIKARIMUN,63,10153.0,10153.0,0.0,10155.0,1662.0
569,KM.TILONGKABILA,MAKASSAR,40,10508.98,10508.98,0.0,10513.98,1992.9799999999996
582,KM.KELUD,TANJUNGBALAIKARIMUN,63,10127.0,10155.0,0.0,10156.0,1502.0
579,KM.WILIS,WAIKELO,72,10460.0,10460.0,0.0,10461.0,1814.0
573,KM.KELUD,BATAM,8,10051.0,10098.0,0.0,10101.0,1703.0
570,KM.DOBONSOLO,AMBON,2,10582.0,10582.0,0.0,10585.0,1990.0
583,KFC.JETLINER,WANCI,74,10420.98,10441.98,0.0,10443.98,1795.9799999999996
578,KM.KELIMUTU,TAREMPA,67,10232.0,10232.0,0.0,10233.0,1605.0
575,KM.NGGAPULU,BATAM,8,10159.0,10159.0,0.0,10163.0,1662.0
578,KM.KELIMUTU,LETUNG,37,10237.0,10237.0,0.0,10238.0,1605.0
580,KM.BUKITRAYA,TAREMPA,67,10229.0,10233.0,0.0,10234.0,1659.0
570,KM.DOBONSOLO,BAUBAU,10,10612.0,10612.0,0.0,10614.0,1990.0
579,KM.WILIS,BIMA,14,10472.0,10472.0,0.0,10474.0,1814.0
574,KM.EGON,LEMBAR,36,10500.0,10500.0,0.0,10503.0,1951.0
579,KM.WILIS,LABUANBAJO,34,10483.0,10483.0,0.0,10484.0,1814.0
569,KM.TILONGKABILA,LABUANBAJO,34,10531.98,10531.98,0.0,10533.98,1992.9799999999996
572,KM.DOROLONDA,BAUBAU,10,10333.0,10486.98,0.0,10489.98,2050.9799999999996
570,KM.DOBONSOLO,MAKASSAR,40,10630.0,10630.0,0.0,10633.0,1990.0
571,KM.AWU,BENOA,12,10491.0,10491.0,0.0,10496.0,1983.0
578,KM.KELIMUTU,KIJANG,31,10254.0,10254.0,0.0,10257.0,1605.0
579,KM.WILIS,MAKASSAR,40,10508.0,10513.98,0.0,10516.98,1819.9799999999996
569,KM.TILONGKABILA,BIMA,14,10540.98,10540.98,0.0,10542.98,1992.9799999999996
569,KM.TILONGKABILA,LEMBAR,36,10560.98,10560.98,0.0,10562.98,1992.9799999999996
580,KM.BUKITRAYA,LETUNG,37,10238.0,10238.0,0.0,10239.0,1659.0
572,KM.DOROLONDA,MAKASSAR,40,10503.98,10516.98,0.0,10518.98,2063.9799999999996
570,KM.DOBONSOLO,SURABAYA,62,10664.0,10664.0,0.0,10666.0,1990.0
582,KM.KELUD,BATAM,8,10159.0,10163.0,0.0,10166.0,1506.0
571,KM.AWU,SURABAYA,62,10524.0,10524.0,0.0,10528.0,1983.0
572,KM.DOROLONDA,SURABAYA,62,10543.98,10543.98,0.0,10546.98,2063.9799999999996
581,KM.TIDAR,TANJUNGPRIOK,65,10548.0,10548.0,0.0,10550.0,1831.0
580,KM.BUKITRAYA,KIJANG,31,10253.0,10257.0,0.0,10260.0,1663.0
576,KM.BUKITSIGUNTANG,NUNUKAN,49,10565.0,10565.0,0.0,10567.0,1972.0
576,KM.BUKITSIGUNTANG,BALIKPAPAN,5,10594.0,10594.0,0.0,10596.0,1972.0
578,KM.KELIMUTU,TANJUNGPANDAN,64,10287.0,10287.0,0.0,10288.0,1605.0
580,KM.BUKITRAYA,BLINYU,16,10276.0,10276.0,0.0,10277.0,1663.0
576,KM.BUKITSIGUNTANG,PAREPARE,51,10612.0,10612.0,0.0,10615.0,1972.0
